user,date,label,amount,category,recurring,is_anomaly,anomaly_type
user_0,2024-01-02 00:00:00,CASINO SUPERMARCHE 15,58.53,Groceries,False,False,none
user_0,2024-01-03 00:00:00,LOYER APPARTEMENT,1086.65,Housing,True,False,none
user_0,2024-01-03 00:00:00,CB INTERMARCHE,36.06,Groceries,False,False,none
user_0,2024-01-03 00:00:00,APPLE STORE,1474.8,Shopping,False,True,wrong_category
user_0,2024-01-03 00:00:00,ESSO STATION,69.6,Transport,False,False,none
user_0,2024-01-03 00:00:00,PHARMACIE 12,1.4,Health,False,False,none
user_0,2024-01-05 00:00:00,ABONNEMENT SALLE SPORT,42.69,Leisure,True,False,none
user_0,2024-01-05 00:00:00,LECLERC,43.83,Groceries,False,False,none
user_0,2024-01-05 00:00:00,BOULANGERIE PAUL SAINTE CAMILLEBOEUF,7.83,Restaurants,False,False,none
user_0,2024-01-05 00:00:00,SHEIN,50.21,Shopping,False,False,none
user_0,2024-01-08 00:00:00,EDF ELECTRICITE,138.12,Utilities,True,False,none
user_0,2024-01-09 00:00:00,DOCTOLIB,33.67,Health,False,False,none
user_0,2024-01-11 00:00:00,AUCHAN,73.05,Groceries,False,False,none
user_0,2024-01-12 00:00:00,ORANGE MOBILE,52.78,Utilities,True,False,none
user_0,2024-01-12 00:00:00,MONOPRIX HENRY,40.12,Groceries,False,False,none
user_0,2024-01-13 00:00:00,BOULANGERIE PAUL,41.26,Restaurants,False,False,none
user_0,2024-01-13 00:00:00,BLABLACAR 18,75.7,Transport,False,False,none
user_0,2024-01-13 00:00:00,AMAZON PRIME 15,32.47,Leisure,False,False,none
user_0,2024-01-15 00:00:00,ASSURANCE MAAF,54.96,Insurance,True,False,none
user_0,2024-01-15 00:00:00,LIDL,39.02,Groceries,False,False,none
user_0,2024-01-15 00:00:00,MONOPRIX MOULIN,84.57,Groceries,False,False,none
user_0,2024-01-16 00:00:00,AUCHAN SAINT NICOLASVILLE,38.84,Groceries,False,False,none
user_0,2024-01-16 00:00:00,LIDL ROCHER,74.88,Groceries,False,False,none
user_0,2024-01-17 00:00:00,BLABLACAR SAINT MARGAUD-SUR-MER,62.36,Transport,False,False,none
user_0,2024-01-17 00:00:00,SNCF INTERNET,25.75,Transport,False,False,none
user_0,2024-01-18 00:00:00,CB UBER EATS,44.0,Restaurants,False,False,none
user_0,2024-01-19 00:00:00,CB LECLERC,53.01,Groceries,False,False,none
user_0,2024-01-20 00:00:00,LABORATOIRE BIO 09,29.21,Health,False,False,none
user_0,2024-01-20 00:00:00,ZALANDO,1.75,Shopping,False,False,none
user_0,2024-01-22 00:00:00,FRANPRIX SAINT JEANNENEC,94.33,Groceries,False,False,none
user_0,2024-01-23 00:00:00,MCDONALDS,36.38,Restaurants,False,False,none
user_0,2024-01-24 00:00:00,ESSO STATION ÉTIENNE-SUR-VERDIER,30.2,Transport,False,False,none
user_0,2024-01-24 00:00:00,FNAC,43.48,Leisure,False,False,none
user_0,2024-01-25 00:00:00,LECLERC,61.45,Groceries,False,False,none
user_0,2024-01-26 00:00:00,FRANPRIX 09,51.49,Groceries,False,False,none
user_0,2024-01-26 00:00:00,DELIVEROO,47.76,Restaurants,False,True,duplicate
user_0,2024-01-26 00:02:00,DELIVEROO,47.76,Restaurants,False,True,duplicate
user_0,2024-01-27 00:00:00,ZARA JOUBERT,1.75,Shopping,False,False,none
user_0,2024-01-28 00:00:00,RATP NAVIGO,35.22,Transport,False,False,none
user_0,2024-02-01 00:00:00,LECLERC,48.06,Groceries,False,False,none
user_0,2024-02-01 00:00:00,CB MUTUELLE,1.4,Health,False,False,none
user_0,2024-02-03 00:00:00,LOYER APPARTEMENT,1109.44,Housing,True,False,none
user_0,2024-02-03 00:00:00,CARREFOUR,53.38,Groceries,False,False,none
user_0,2024-02-03 00:00:00,AMAZON PRIME SAINTE PAULINEBOEUF,55.02,Leisure,False,False,none
user_0,2024-02-04 00:00:00,AUCHAN DUPUY-SUR-MER,14.6,Groceries,False,False,none
user_0,2024-02-04 00:00:00,INTERMARCHE DUHAMEL,56.16,Groceries,False,False,none
user_0,2024-02-05 00:00:00,ABONNEMENT SALLE SPORT,42.68,Leisure,True,False,none
user_0,2024-02-05 00:00:00,KFC,10.87,Restaurants,False,False,none
user_0,2024-02-06 00:00:00,MONOPRIX HOARAU,72.81,Groceries,False,False,none
user_0,2024-02-07 00:00:00,BLABLACAR,103.62,Transport,False,False,none
user_0,2024-02-07 00:00:00,SNCF INTERNET 20,16.58,Transport,False,False,none
user_0,2024-02-07 00:00:00,CULTURA BARBIERDAN,47.89,Leisure,False,False,none
user_0,2024-02-08 00:00:00,EDF ELECTRICITE,138.39,Utilities,True,False,none
user_0,2024-02-08 00:00:00,LE BISTROT,87.7,Restaurants,False,False,none
user_0,2024-02-12 00:00:00,ORANGE MOBILE,52.79,Utilities,True,False,none
user_0,2024-02-13 00:00:00,KFC 19,11.38,Restaurants,False,False,none
user_0,2024-02-13 00:00:00,CB VELIB,10.37,Transport,False,False,none
user_0,2024-02-14 00:00:00,CB BOULANGERIE PAUL,47.11,Restaurants,False,False,none
user_0,2024-02-14 00:00:00,FNAC CHARRIER,45.84,Leisure,False,False,none
user_0,2024-02-15 00:00:00,ASSURANCE MAAF,55.34,Insurance,True,False,none
user_0,2024-02-15 00:00:00,NETFLIX.COM,1.45,Leisure,False,False,none
user_0,2024-02-16 00:00:00,LIDL,22.46,Groceries,False,False,none
user_0,2024-02-16 00:00:00,LE BISTROT 08,35.96,Restaurants,False,False,none
user_0,2024-02-16 00:00:00,UBER,13.22,Transport,False,False,none
user_0,2024-02-18 00:00:00,CARREFOUR,67.85,Groceries,False,False,none
user_0,2024-02-18 00:00:00,PARKING INDIGO 03,1.4,Transport,False,False,none
user_0,2024-02-19 00:00:00,AUCHAN SAINTE ANDRÉE,63.46,Groceries,False,False,none
user_0,2024-02-21 00:00:00,MONOPRIX,69.49,Groceries,False,False,none
user_0,2024-02-21 00:00:00,DENTISTE,56.56,Health,False,False,none
user_0,2024-02-21 00:00:00,AMAZON.FR RIOU,168.66,Shopping,False,False,none
user_0,2024-02-21 00:00:00,CB APPLE STORE,165.13,Shopping,False,False,none
user_0,2024-02-23 00:00:00,CARREFOUR DELAUNAYDAN,100.81,Groceries,False,False,none
user_0,2024-02-24 00:00:00,LE BISTROT ROBINVILLE,34.96,Restaurants,False,False,none
user_0,2024-02-27 00:00:00,DELIVEROO,22.6,Restaurants,False,False,none
user_0,2024-02-27 00:00:00,VELIB BAZIN,76.21,Transport,False,False,none
user_0,2024-02-28 00:00:00,CULTURA,44.41,Leisure,False,False,none
user_0,2024-03-01 00:00:00,FRANPRIX 04,25.8,Groceries,False,False,none
user_0,2024-03-01 00:00:00,KFC,67.42,Restaurants,False,False,none
user_0,2024-03-03 00:00:00,LOYER APPARTEMENT,1081.05,Housing,True,False,none
user_0,2024-03-05 00:00:00,ABONNEMENT SALLE SPORT,41.3,Leisure,True,False,none
user_0,2024-03-06 00:00:00,KFC MULLER-LES-BAINS,25.11,Restaurants,False,False,none
user_0,2024-03-06 00:00:00,VELIB 17,7.44,Transport,False,False,none
user_0,2024-03-08 00:00:00,EDF ELECTRICITE,91.78,Utilities,True,False,none
user_0,2024-03-12 00:00:00,ORANGE MOBILE,35.57,Utilities,True,False,none
user_0,2024-03-12 00:00:00,LIDL MARTINBOEUF,53.51,Groceries,False,False,none
user_0,2024-03-13 00:00:00,LE BISTROT DIAS-LES-BAINS,19.17,Restaurants,False,False,none
user_0,2024-03-13 00:00:00,STEAM GAMES SAINT DANIEL,70.22,Leisure,False,False,none
user_0,2024-03-14 00:00:00,ESSO STATION 12,53.82,Transport,False,False,none
user_0,2024-03-14 00:00:00,AMAZON.FR,253.66,Shopping,False,False,none
user_0,2024-03-15 00:00:00,ASSURANCE MAAF,55.86,Insurance,True,False,none
user_0,2024-03-15 00:00:00,FRANPRIX,100.2,Groceries,False,False,none
user_0,2024-03-15 00:00:00,RATP NAVIGO,1.4,Transport,False,False,none
user_0,2024-03-16 00:00:00,SNCF INTERNET ROBERT,32.6,Transport,False,False,none
user_0,2024-03-17 00:00:00,RATP NAVIGO LEFEBVRE,28.76,Transport,False,False,none
user_0,2024-03-17 00:00:00,CB RATP NAVIGO,1.4,Transport,False,False,none
user_0,2024-03-21 00:00:00,UBER EATS SAINT HÉLÈNE,35.19,Restaurants,False,False,none
user_0,2024-03-24 00:00:00,LIDL,49.32,Groceries,False,False,none
user_0,2024-03-24 00:00:00,MCDONALDS BRIAND-SUR-LECOMTE,67.88,Restaurants,False,False,none
user_0,2024-03-26 00:00:00,FRANPRIX LEDOUX,28.8,Groceries,False,False,none
user_0,2024-03-26 00:00:00,RATP NAVIGO 08,69.04,Transport,False,False,none
user_0,2024-03-27 00:00:00,VELIB,1.4,Transport,False,False,none
user_0,2024-03-27 00:00:00,SNCF INTERNET,1.4,Transport,False,False,none
user_0,2024-03-28 00:00:00,MONOPRIX,90.85,Groceries,False,False,none
user_0,2024-03-28 00:00:00,BLABLACAR,106.03,Transport,False,False,none
user_0,2024-03-28 00:00:00,OPTIC 2000,48.88,Health,False,False,none
user_0,2024-04-01 00:00:00,CB ZALANDO,83.59,Shopping,False,False,none
user_0,2024-04-03 00:00:00,LOYER APPARTEMENT,1078.4,Housing,True,False,none
user_0,2024-04-03 00:00:00,LECLERC LOPES,70.18,Groceries,False,False,none
user_0,2024-04-03 00:00:00,CB CULTURA,6.58,Leisure,False,False,none
user_0,2024-04-03 00:00:00,SHEIN FAURE-LES-BAINS,1.4,Shopping,False,False,none
user_0,2024-04-04 00:00:00,ESSO STATION,63.15,Transport,False,False,none
user_0,2024-04-04 00:00:00,PARKING INDIGO SAINTE RÉMY,62.53,Transport,False,False,none
user_0,2024-04-05 00:00:00,ABONNEMENT SALLE SPORT,41.69,Leisure,True,False,none
user_0,2024-04-05 00:00:00,STARBUCKS LOPES,7.69,Restaurants,False,False,none
user_0,2024-04-05 00:00:00,STEAM GAMES,13.84,Leisure,False,False,none
user_0,2024-04-06 00:00:00,BOULANGERIE PAUL AUBERT,31.16,Restaurants,False,False,none
user_0,2024-04-07 00:00:00,CASINO SUPERMARCHE,49.67,Groceries,False,False,none
user_0,2024-04-07 00:00:00,MONOPRIX,52.46,Groceries,False,False,none
user_0,2024-04-08 00:00:00,EDF ELECTRICITE,91.04,Utilities,True,False,none
user_0,2024-04-12 00:00:00,ORANGE MOBILE,34.8,Utilities,True,False,none
user_0,2024-04-12 00:00:00,CASINO SUPERMARCHE,14.12,Groceries,False,False,none
user_0,2024-04-13 00:00:00,AUCHAN,72.01,Groceries,False,False,none
user_0,2024-04-13 00:00:00,H&M SAINT ANNEBOURG,1.75,Shopping,False,False,none
user_0,2024-04-14 00:00:00,TOTAL ENERGIES LEDUC-SUR-MER,52.52,Transport,False,False,none
user_0,2024-04-14 00:00:00,BLABLACAR,71.45,Transport,False,False,none
user_0,2024-04-15 00:00:00,ASSURANCE MAAF,54.86,Insurance,True,False,none
user_0,2024-04-15 00:00:00,KFC,29.42,Restaurants,False,False,none
user_0,2024-04-15 00:00:00,TOTAL ENERGIES,1.4,Transport,False,False,none
user_0,2024-04-17 00:00:00,CB LECLERC,64.31,Groceries,False,False,none
user_0,2024-04-17 00:00:00,STARBUCKS 03,27.0,Restaurants,False,False,none
user_0,2024-04-18 00:00:00,LECLERC 16,59.95,Groceries,False,False,none
user_0,2024-04-18 00:00:00,STARBUCKS GARCIABOURG,45.01,Restaurants,False,False,none
user_0,2024-04-19 00:00:00,MUTUELLE MARTEL-SUR-GAUDIN,84.78,Health,False,False,none
user_0,2024-04-21 00:00:00,VELIB,56.35,Transport,False,False,none
user_0,2024-04-21 00:00:00,UBER CARPENTIER,50.03,Transport,False,False,none
user_0,2024-04-21 00:00:00,CB CINEMA UGC,105.78,Leisure,False,False,none
user_0,2024-04-22 00:00:00,AUCHAN 02,67.78,Groceries,False,False,none
user_0,2024-04-22 00:00:00,DELIVEROO PETITJEANBOEUF,39.31,Restaurants,False,False,none
user_0,2024-04-22 00:00:00,CB STARBUCKS,17.09,Restaurants,False,False,none
user_0,2024-04-23 00:00:00,SNCF INTERNET,93.43,Transport,False,False,none
user_0,2024-04-23 00:00:00,VELIB,51.34,Transport,False,False,none
user_0,2024-04-24 00:00:00,LECLERC RAMOS,75.54,Groceries,False,False,none
user_0,2024-04-24 00:00:00,INTERMARCHE,67.11,Groceries,False,False,none
user_0,2024-04-24 00:00:00,MUTUELLE,72.1,Health,False,False,none
user_0,2024-04-26 00:00:00,VELIB PELTIERDAN,70.31,Transport,False,False,none
user_0,2024-04-27 00:00:00,BOULANGERIE PAUL,49.13,Restaurants,False,False,none
user_0,2024-04-27 00:00:00,SUSHI SHOP 18,56.76,Restaurants,False,False,none
user_0,2024-04-28 00:00:00,LECLERC SAINTE ADRIENNENEC,1.4,Groceries,False,False,none
user_0,2024-05-01 00:00:00,CARREFOUR DUPUIS,86.01,Groceries,False,False,none
user_0,2024-05-02 00:00:00,SUSHI SHOP 18,40.01,Restaurants,False,False,none
user_0,2024-05-03 00:00:00,LOYER APPARTEMENT,1086.8,Housing,True,False,none
user_0,2024-05-03 00:00:00,STARBUCKS,64.37,Restaurants,False,False,none
user_0,2024-05-03 00:00:00,UBER BODIN,12.37,Transport,False,False,none
user_0,2024-05-05 00:00:00,ABONNEMENT SALLE SPORT,41.24,Leisure,True,False,none
user_0,2024-05-07 00:00:00,CARREFOUR 03,83.78,Groceries,False,False,none
user_0,2024-05-07 00:00:00,KFC,1.4,Restaurants,False,False,none
user_0,2024-05-08 00:00:00,EDF ELECTRICITE,90.06,Utilities,True,False,none
user_0,2024-05-08 00:00:00,STARBUCKS RIBEIROBOURG,37.15,Restaurants,False,False,none
user_0,2024-05-08 00:00:00,APPLE STORE 02,103.85,Shopping,False,False,none
user_0,2024-05-09 00:00:00,FRANPRIX,55.42,Groceries,False,False,none
user_0,2024-05-09 00:00:00,CINEMA UGC,98.62,Leisure,False,False,none
user_0,2024-05-10 00:00:00,OPTIC 2000 COURTOISNEC,31.82,Health,False,False,none
user_0,2024-05-12 00:00:00,ORANGE MOBILE,35.5,Utilities,True,False,none
user_0,2024-05-12 00:00:00,UBER EATS,23.62,Restaurants,False,False,none
user_0,2024-05-13 00:00:00,CB LIDL,68.34,Groceries,False,False,none
user_0,2024-05-13 00:00:00,CARREFOUR MULLER,41.35,Groceries,False,False,none
user_0,2024-05-13 00:00:00,ESSO STATION,54.07,Transport,False,False,none
user_0,2024-05-15 00:00:00,ASSURANCE MAAF,56.49,Insurance,True,False,none
user_0,2024-05-15 00:00:00,CB ZALANDO,240.06,Shopping,False,False,none
user_0,2024-05-16 00:00:00,SEPHORA GUILLON,113.31,Shopping,False,False,none
user_0,2024-05-17 00:00:00,LE BISTROT,39.09,Restaurants,False,False,none
user_0,2024-05-18 00:00:00,CARREFOUR,69.25,Groceries,False,False,none
user_0,2024-05-21 00:00:00,SUSHI SHOP 06,38.4,Restaurants,False,False,none
user_0,2024-05-22 00:00:00,UBER EATS,9.81,Restaurants,False,False,none
user_0,2024-05-22 00:00:00,ESSO STATION 02,40.99,Transport,False,False,none
user_0,2024-05-23 00:00:00,LIDL SAINTE MARGAUXBOEUF,51.85,Groceries,False,False,none
user_0,2024-05-23 00:00:00,INTERMARCHE LECONTE,26.63,Groceries,False,False,none
user_0,2024-05-24 00:00:00,FRANPRIX GUILLOU,99.93,Groceries,False,False,none
user_0,2024-05-24 00:00:00,RATP NAVIGO DIAZ,1.4,Transport,False,False,none
user_0,2024-05-24 00:00:00,CB IKEA,66.1,Shopping,False,False,none
user_0,2024-05-25 00:00:00,CB CARREFOUR,43.16,Groceries,False,False,none
user_0,2024-05-26 00:00:00,TOTAL ENERGIES SAINT NOÉMI-LES-BAINS,114.41,Transport,False,False,none
user_0,2024-05-27 00:00:00,LIDL,1.4,Groceries,False,False,none
user_0,2024-05-27 00:00:00,IKEA MORVAN,166.88,Shopping,False,False,none
user_0,2024-05-28 00:00:00,CASINO SUPERMARCHE THIBAULT-SUR-ROUSSEL,68.37,Groceries,False,False,none
user_0,2024-05-28 00:00:00,RATP NAVIGO LACROIX-SUR-WAGNER,689.6,Transport,False,True,amount_spike
user_0,2024-05-28 00:00:00,TOTAL ENERGIES BARONVILLE,12.8,Transport,False,False,none
user_0,2024-06-01 00:00:00,ZARA,1.75,Shopping,False,False,none
user_0,2024-06-02 00:00:00,LE BISTROT,91.98,Restaurants,False,False,none
user_0,2024-06-03 00:00:00,LOYER APPARTEMENT,1104.02,Housing,True,False,none
user_0,2024-06-03 00:00:00,CB APPLE STORE,156.9,Shopping,False,False,none
user_0,2024-06-04 00:00:00,VELIB,1.4,Transport,False,False,none
user_0,2024-06-04 00:00:00,STEAM GAMES AUBERT-SUR-ADAM,37.02,Leisure,False,False,none
user_0,2024-06-05 00:00:00,ABONNEMENT SALLE SPORT,42.47,Leisure,True,False,none
user_0,2024-06-06 00:00:00,LE BISTROT MARTY-LA-FORÊT,63.8,Restaurants,False,False,none
user_0,2024-06-07 00:00:00,KFC,47.48,Restaurants,False,False,none
user_0,2024-06-07 00:00:00,IKEA LABBÉ-LES-BAINS,36.8,Shopping,False,False,none
user_0,2024-06-08 00:00:00,EDF ELECTRICITE,90.76,Utilities,True,False,none
user_0,2024-06-08 00:00:00,NETFLIX.COM BARREBOEUF,23.8,Leisure,False,False,none
user_0,2024-06-08 00:00:00,MUTUELLE,36.57,Health,False,False,none
user_0,2024-06-08 00:00:00,SEPHORA,155.95,Shopping,False,False,none
user_0,2024-06-10 00:00:00,MCDONALDS BOUCHET,39.95,Restaurants,False,False,none
user_0,2024-06-10 00:00:00,TOTAL ENERGIES ALEXANDRE,52.25,Transport,False,False,none
user_0,2024-06-10 00:00:00,SEPHORA,109.2,Shopping,False,False,none
user_0,2024-06-12 00:00:00,ORANGE MOBILE,34.38,Utilities,True,False,none
user_0,2024-06-12 00:00:00,BOULANGERIE PAUL,75.09,Restaurants,False,False,none
user_0,2024-06-12 00:00:00,FNAC MARTIN-SUR-MER,11.46,Leisure,False,False,none
user_0,2024-06-13 00:00:00,PARKING INDIGO,15.59,Transport,False,False,none
user_0,2024-06-13 00:00:00,MUTUELLE,78.81,Health,False,False,none
user_0,2024-06-14 00:00:00,UBER EATS 20,20.72,Restaurants,False,False,none
user_0,2024-06-15 00:00:00,ASSURANCE MAAF,54.91,Insurance,True,False,none
user_0,2024-06-15 00:00:00,LE BISTROT,33.11,Restaurants,False,False,none
user_0,2024-06-15 00:00:00,SNCF INTERNET MOREL,39.43,Transport,False,False,none
user_0,2024-06-15 00:00:00,DENTISTE,1.4,Health,False,False,none
user_0,2024-06-15 00:00:00,APPLE STORE GUILLOU,55.12,Shopping,False,False,none
user_0,2024-06-16 00:00:00,MONOPRIX SAINTE MARC,54.22,Groceries,False,False,none
user_0,2024-06-17 00:00:00,TOTAL ENERGIES SAINT RAYMOND,23.96,Transport,False,False,none
user_0,2024-06-18 00:00:00,UBER EATS SAINTE AUGUSTEDAN,51.83,Restaurants,False,False,none
user_0,2024-06-19 00:00:00,UBER EATS,44.96,Restaurants,False,False,none
user_0,2024-06-19 00:00:00,MUTUELLE 03,1.4,Health,False,False,none
user_0,2024-06-20 00:00:00,LECLERC 18,100.94,Groceries,False,False,none
user_0,2024-06-20 00:00:00,VELIB SAINTE ADÈLENEC,38.86,Transport,False,False,none
user_0,2024-06-20 00:00:00,CINEMA UGC 17,44.88,Leisure,False,False,none
user_0,2024-06-21 00:00:00,MONOPRIX,11.69,Groceries,False,False,none
user_0,2024-06-21 00:00:00,APPLE STORE MENDÈS,838.77,Shopping,False,True,wrong_category
user_0,2024-06-23 00:00:00,KFC SCHMITT,40.47,Restaurants,False,False,none
user_0,2024-06-25 00:00:00,UBER,55.34,Transport,False,False,none
user_0,2024-06-25 00:00:00,SEPHORA MILLETNEC,92.0,Shopping,False,False,none
user_0,2024-06-26 00:00:00,CARREFOUR,7.24,Groceries,False,False,none
user_0,2024-06-26 00:00:00,UBER EATS,14.79,Restaurants,False,False,none
user_0,2024-06-27 00:00:00,SUSHI SHOP,16.04,Restaurants,False,False,none
user_0,2024-07-02 00:00:00,SNCF INTERNET,8.27,Transport,False,False,none
user_0,2024-07-03 00:00:00,LOYER APPARTEMENT,1069.14,Housing,True,False,none
user_0,2024-07-05 00:00:00,ABONNEMENT SALLE SPORT,42.19,Leisure,True,False,none
user_0,2024-07-05 00:00:00,SNCF INTERNET 09,48.36,Transport,False,True,duplicate
user_0,2024-07-05 00:02:00,SNCF INTERNET 09,48.36,Transport,False,True,duplicate
user_0,2024-07-07 00:00:00,LECLERC DELORMEBOEUF,63.74,Groceries,False,False,none
user_0,2024-07-07 00:00:00,TOTAL ENERGIES,57.99,Transport,False,False,none
user_0,2024-07-07 00:00:00,FNAC,1.75,Leisure,False,False,none
user_0,2024-07-07 00:00:00,CULTURA SAINTE NOËL-LA-FORÊT,5.09,Leisure,False,False,none
user_0,2024-07-08 00:00:00,EDF ELECTRICITE,90.31,Utilities,True,False,none
user_0,2024-07-08 00:00:00,LIDL,1.4,Groceries,False,False,none
user_0,2024-07-08 00:00:00,ESSO STATION,113.06,Transport,False,False,none
user_0,2024-07-09 00:00:00,SNCF INTERNET SAINTE GRÉGOIREDAN,36.23,Transport,False,False,none
user_0,2024-07-09 00:00:00,PARKING INDIGO,74.01,Transport,False,False,none
user_0,2024-07-09 00:00:00,SNCF INTERNET,1.96,Transport,False,False,none
user_0,2024-07-09 00:00:00,SNCF INTERNET,8.06,Transport,False,False,none
user_0,2024-07-10 00:00:00,SPOTIFY VALLÉE-SUR-MER,47.79,Leisure,False,False,none
user_0,2024-07-11 00:00:00,UBER EATS SAINT RENÉE,1.68,Restaurants,False,False,none
user_0,2024-07-12 00:00:00,ORANGE MOBILE,34.28,Utilities,True,False,none
user_0,2024-07-13 00:00:00,AUCHAN,54.85,Groceries,False,False,none
user_0,2024-07-13 00:00:00,FRANPRIX,82.37,Groceries,False,False,none
user_0,2024-07-13 00:00:00,LE BISTROT,2.09,Restaurants,False,False,none
user_0,2024-07-14 00:00:00,CINEMA UGC FAURE-LES-BAINS,66.08,Leisure,False,False,none
user_0,2024-07-15 00:00:00,ASSURANCE MAAF,54.99,Insurance,True,False,none
user_0,2024-07-15 00:00:00,CARREFOUR,47.95,Groceries,False,False,none
user_0,2024-07-15 00:00:00,MONOPRIX,134.05,Groceries,False,False,none
user_0,2024-07-15 00:00:00,CASINO SUPERMARCHE,67.65,Groceries,False,False,none
user_0,2024-07-16 00:00:00,CASINO SUPERMARCHE DANIEL-SUR-MORIN,31.75,Groceries,False,False,none
user_0,2024-07-16 00:00:00,MCDONALDS OLLIVIER,16.48,Restaurants,False,False,none
user_0,2024-07-17 00:00:00,SNCF INTERNET,13.92,Transport,False,False,none
user_0,2024-07-18 00:00:00,STARBUCKS,20.12,Restaurants,False,False,none
user_0,2024-07-18 00:00:00,CB TOTAL ENERGIES,109.94,Transport,False,False,none
user_0,2024-07-20 00:00:00,CB CASINO SUPERMARCHE,100.91,Groceries,False,False,none
user_0,2024-07-20 00:00:00,CARREFOUR,77.5,Groceries,False,False,none
user_0,2024-07-22 00:00:00,AUCHAN CARON,58.88,Groceries,False,False,none
user_0,2024-07-24 00:00:00,UBER EATS 18,56.48,Restaurants,False,False,none
user_0,2024-07-25 00:00:00,KFC 06,24.61,Restaurants,False,False,none
user_0,2024-07-26 00:00:00,LIDL MARTIN-LA-FORÊT,103.38,Groceries,False,False,none
user_0,2024-07-26 00:00:00,MONOPRIX,8.75,Groceries,False,False,none
user_0,2024-07-26 00:00:00,BLABLACAR,14.15,Transport,False,False,none
user_0,2024-07-26 00:00:00,CINEMA UGC,10.75,Leisure,False,False,none
user_0,2024-07-27 00:00:00,INTERMARCHE 15,45.54,Groceries,False,False,none
user_0,2024-07-27 00:00:00,STARBUCKS,81.65,Restaurants,False,False,none
user_0,2024-07-27 00:00:00,BOULANGERIE PAUL 19,19.62,Restaurants,False,False,none
user_0,2024-07-27 00:00:00,TOTAL ENERGIES,105.19,Transport,False,False,none
user_0,2024-07-27 00:00:00,CB PARKING INDIGO,18.25,Transport,False,False,none
user_0,2024-07-28 00:00:00,DELIVEROO COSTANEC,43.69,Restaurants,False,False,none
user_0,2024-07-28 00:00:00,STARBUCKS,69.1,Restaurants,False,False,none
user_0,2024-07-28 00:00:00,CB UBER,47.83,Transport,False,False,none
user_0,2024-08-02 00:00:00,ESSO STATION 13,110.43,Transport,False,False,none
user_0,2024-08-02 00:00:00,AMAZON.FR,78.76,Shopping,False,False,none
user_0,2024-08-03 00:00:00,LOYER APPARTEMENT,1073.55,Housing,True,False,none
user_0,2024-08-04 00:00:00,KFC,85.7,Restaurants,False,False,none
user_0,2024-08-05 00:00:00,ABONNEMENT SALLE SPORT,41.11,Leisure,True,False,none
user_0,2024-08-05 00:00:00,TOTAL ENERGIES,69.27,Transport,False,False,none
user_0,2024-08-07 00:00:00,INTERMARCHE,10.9,Groceries,False,False,none
user_0,2024-08-07 00:00:00,UBER EATS,41.63,Restaurants,False,False,none
user_0,2024-08-08 00:00:00,EDF ELECTRICITE,92.3,Utilities,True,False,none
user_0,2024-08-08 00:00:00,MCDONALDS,35.0,Restaurants,False,False,none
user_0,2024-08-08 00:00:00,CB VELIB,1.96,Transport,False,False,none
user_0,2024-08-09 00:00:00,MONOPRIX 19,54.49,Groceries,False,False,none
user_0,2024-08-09 00:00:00,STARBUCKS,68.76,Restaurants,False,False,none
user_0,2024-08-10 00:00:00,CINEMA UGC MILLETBOEUF,1.75,Leisure,False,False,none
user_0,2024-08-10 00:00:00,IKEA,162.89,Shopping,False,False,none
user_0,2024-08-11 00:00:00,MCDONALDS GILLET-SUR-MARTEL,29.77,Restaurants,False,False,none
user_0,2024-08-11 00:00:00,UBER EATS 01,53.38,Restaurants,False,False,none
user_0,2024-08-11 00:00:00,ESSO STATION,34.02,Transport,False,False,none
user_0,2024-08-11 00:00:00,CULTURA DUFOURDAN,30.4,Leisure,False,False,none
user_0,2024-08-11 00:00:00,SHEIN SAINT OLIVIER,172.13,Shopping,False,False,none
user_0,2024-08-11 00:00:00,SHEIN LETELLIER-SUR-WAGNER,97.11,Shopping,False,False,none
user_0,2024-08-12 00:00:00,ORANGE MOBILE,34.23,Utilities,True,False,none
user_0,2024-08-13 00:00:00,PHARMACIE 14,32.97,Health,False,False,none
user_0,2024-08-13 00:00:00,DENTISTE SAINT OLIVIEVILLE,34.8,Health,False,False,none
user_0,2024-08-14 00:00:00,LIDL LEMONNIER-LES-BAINS,96.02,Groceries,False,False,none
user_0,2024-08-14 00:00:00,CARREFOUR RÉMYDAN,88.84,Groceries,False,False,none
user_0,2024-08-15 00:00:00,ASSURANCE MAAF,55.17,Insurance,True,False,none
user_0,2024-08-15 00:00:00,INTERMARCHE 07,77.27,Groceries,False,False,none
user_0,2024-08-15 00:00:00,TOTAL ENERGIES,77.19,Transport,False,False,none
user_0,2024-08-15 00:00:00,BLABLACAR,112.42,Transport,False,False,none
user_0,2024-08-15 00:00:00,PHARMACIE,108.69,Health,False,False,none
user_0,2024-08-16 00:00:00,KFC 09,57.85,Restaurants,False,False,none
user_0,2024-08-17 00:00:00,SEPHORA SAINT CHANTAL-LA-FORÊT,57.54,Shopping,False,False,none
user_0,2024-08-18 00:00:00,ESSO STATION,5.68,Transport,False,False,none
user_0,2024-08-19 00:00:00,STARBUCKS LÉGER,76.33,Restaurants,False,False,none
user_0,2024-08-19 00:00:00,STARBUCKS 18,46.18,Restaurants,False,False,none
user_0,2024-08-19 00:00:00,CULTURA,40.05,Leisure,False,False,none
user_0,2024-08-20 00:00:00,SPOTIFY GILLET,3.4,Leisure,False,False,none
user_0,2024-08-20 00:00:00,MUTUELLE SAINTE ALFREDVILLE,11.41,Health,False,False,none
user_0,2024-08-23 00:00:00,SUSHI SHOP,6.31,Restaurants,False,False,none
user_0,2024-08-24 00:00:00,VELIB,60.56,Transport,False,False,none
user_0,2024-08-25 00:00:00,MCDONALDS,2.09,Restaurants,False,False,none
user_0,2024-08-26 00:00:00,LECLERC,37.9,Groceries,False,False,none
user_0,2024-08-27 00:00:00,CB SNCF INTERNET,30.41,Transport,False,False,none
user_0,2024-09-01 00:00:00,AUCHAN 07,83.08,Groceries,False,False,none
user_0,2024-09-03 00:00:00,LOYER APPARTEMENT,1074.63,Housing,True,False,none
user_0,2024-09-03 00:00:00,DELIVEROO RICHARD,24.63,Restaurants,False,False,none
user_0,2024-09-03 00:00:00,BOULANGERIE PAUL,17.51,Restaurants,False,False,none
user_0,2024-09-04 00:00:00,BOULANGERIE PAUL,27.84,Restaurants,False,False,none
user_0,2024-09-04 00:00:00,VELIB BECKERDAN,92.04,Transport,False,False,none
user_0,2024-09-05 00:00:00,ABONNEMENT SALLE SPORT,41.47,Leisure,True,False,none
user_0,2024-09-05 00:00:00,VELIB 05,15.65,Transport,False,False,none
user_0,2024-09-05 00:00:00,DOCTOLIB 12,88.27,Health,False,False,none
user_0,2024-09-06 00:00:00,RATP NAVIGO,76.37,Transport,False,False,none
user_0,2024-09-06 00:00:00,CULTURA,74.91,Leisure,False,False,none
user_0,2024-09-07 00:00:00,FRANPRIX HENRY,10.0,Groceries,False,False,none
user_0,2024-09-07 00:00:00,SUSHI SHOP MATHIEU-SUR-MORENO,1.75,Restaurants,False,False,none
user_0,2024-09-08 00:00:00,EDF ELECTRICITE,91.45,Utilities,True,False,none
user_0,2024-09-08 00:00:00,CINEMA UGC FERNANDEZ,42.36,Leisure,False,False,none
user_0,2024-09-11 00:00:00,CB SPOTIFY,39.29,Leisure,False,False,none
user_0,2024-09-12 00:00:00,ORANGE MOBILE,34.69,Utilities,True,False,none
user_0,2024-09-12 00:00:00,UBER EATS,55.07,Restaurants,False,False,none
user_0,2024-09-12 00:00:00,SUSHI SHOP PELTIERBOEUF,22.74,Restaurants,False,False,none
user_0,2024-09-12 00:00:00,STEAM GAMES BERGERDAN,31.97,Leisure,False,False,none
user_0,2024-09-13 00:00:00,MONOPRIX,70.63,Groceries,False,False,none
user_0,2024-09-14 00:00:00,LIDL SAINTE HORTENSE,25.36,Groceries,False,True,duplicate
user_0,2024-09-14 00:00:00,INTERMARCHE,46.51,Groceries,False,False,none
user_0,2024-09-14 00:02:00,LIDL SAINTE HORTENSE,25.36,Groceries,False,True,duplicate
user_0,2024-09-15 00:00:00,ASSURANCE MAAF,56.88,Insurance,True,False,none
user_0,2024-09-15 00:00:00,STARBUCKS,50.11,Restaurants,False,False,none
user_0,2024-09-15 00:00:00,ESSO STATION 19,89.5,Transport,False,False,none
user_0,2024-09-17 00:00:00,CASINO SUPERMARCHE LANGLOIS,43.47,Groceries,False,False,none
user_0,2024-09-19 00:00:00,TOTAL ENERGIES 17,61.29,Transport,False,False,none
user_0,2024-09-23 00:00:00,BOULANGERIE PAUL,14.44,Restaurants,False,False,none
user_0,2024-09-24 00:00:00,DELIVEROO BOUSQUET,38.34,Restaurants,False,False,none
user_0,2024-09-24 00:00:00,CULTURA GERMAIN-LES-BAINS,48.62,Leisure,False,False,none
user_0,2024-09-26 00:00:00,IKEA,152.24,Shopping,False,False,none
user_0,2024-09-28 00:00:00,SHEIN BOUTIN-SUR-BARON,68.07,Shopping,False,False,none
user_0,2024-10-01 00:00:00,ZALANDO,63.99,Shopping,False,False,none
user_0,2024-10-02 00:00:00,FNAC 11,75.59,Leisure,False,False,none
user_0,2024-10-03 00:00:00,LOYER APPARTEMENT,1075.69,Housing,True,False,none
user_0,2024-10-05 00:00:00,ABONNEMENT SALLE SPORT,41.84,Leisure,True,False,none
user_0,2024-10-05 00:00:00,DELIVEROO RÉMYBOEUF,74.56,Restaurants,False,False,none
user_0,2024-10-05 00:00:00,STARBUCKS GOMES,41.37,Restaurants,False,False,none
user_0,2024-10-05 00:00:00,VELIB MARCHAND-LA-FORÊT,1.4,Transport,False,False,none
user_0,2024-10-05 00:00:00,RATP NAVIGO,32.34,Transport,False,False,none
user_0,2024-10-06 00:00:00,CASINO SUPERMARCHE 18,34.85,Groceries,False,False,none
user_0,2024-10-06 00:00:00,STARBUCKS BARON-LA-FORÊT,20.58,Restaurants,False,False,none
user_0,2024-10-07 00:00:00,APPLE STORE SEGUIN-SUR-MER,230.48,Shopping,False,False,none
user_0,2024-10-08 00:00:00,EDF ELECTRICITE,92.55,Utilities,True,False,none
user_0,2024-10-08 00:00:00,UBER EATS,37.38,Restaurants,False,False,none
user_0,2024-10-09 00:00:00,FRANPRIX,61.85,Groceries,False,False,none
user_0,2024-10-09 00:00:00,APPLE STORE BAILLY-SUR-CLÉMENT,104.31,Shopping,False,False,none
user_0,2024-10-10 00:00:00,STARBUCKS COLIN,23.4,Restaurants,False,False,none
user_0,2024-10-12 00:00:00,ORANGE MOBILE,35.36,Utilities,True,False,none
user_0,2024-10-12 00:00:00,LE BISTROT GRONDIN,47.03,Restaurants,False,False,none
user_0,2024-10-12 00:00:00,SEPHORA,138.64,Shopping,False,False,none
user_0,2024-10-13 00:00:00,CB SUSHI SHOP,26.61,Restaurants,False,False,none
user_0,2024-10-15 00:00:00,ASSURANCE MAAF,56.4,Insurance,True,False,none
user_0,2024-10-16 00:00:00,CASINO SUPERMARCHE,55.7,Groceries,False,False,none
user_0,2024-10-16 00:00:00,LABORATOIRE BIO SAINTE CHRISTIANE,48.82,Health,False,False,none
user_0,2024-10-18 00:00:00,LECLERC FOUQUET,108.01,Groceries,False,False,none
user_0,2024-10-19 00:00:00,CB INTERMARCHE,62.79,Groceries,False,False,none
user_0,2024-10-20 00:00:00,LE BISTROT,53.9,Restaurants,False,False,none
user_0,2024-10-21 00:00:00,STARBUCKS TESSIER-SUR-REYNAUD,42.54,Restaurants,False,False,none
user_0,2024-10-21 00:00:00,DELIVEROO,56.43,Restaurants,False,False,none
user_0,2024-10-21 00:00:00,KFC LEDOUX-LES-BAINS,46.83,Restaurants,False,False,none
user_0,2024-10-21 00:00:00,FNAC SAINTE CHARLOTTE,38.96,Leisure,False,False,none
user_0,2024-10-22 00:00:00,RATP NAVIGO SAINTE MARTHE,6.25,Transport,False,False,none
user_0,2024-10-22 00:00:00,CULTURA,1.4,Leisure,False,False,none
user_0,2024-10-23 00:00:00,LIDL 01,54.95,Groceries,False,False,none
user_0,2024-10-23 00:00:00,FRANPRIX LEBON,69.08,Groceries,False,False,none
user_0,2024-10-23 00:00:00,CB H&M,22.81,Shopping,False,False,none
user_0,2024-10-25 00:00:00,CARREFOUR,88.66,Groceries,False,False,none
user_0,2024-10-27 00:00:00,CB MONOPRIX,49.33,Groceries,False,False,none
user_0,2024-10-27 00:00:00,STEAM GAMES,1.75,Leisure,False,False,none
user_0,2024-10-27 00:00:00,OPTIC 2000 SAINTE CLAUDINEBOURG,25.51,Health,False,False,none
user_0,2024-10-28 00:00:00,LE BISTROT,37.2,Restaurants,False,False,none
user_0,2024-11-03 00:00:00,LOYER APPARTEMENT,1087.42,Housing,True,False,none
user_0,2024-11-03 00:00:00,MCDONALDS,50.49,Restaurants,False,False,none
user_0,2024-11-03 00:00:00,TOTAL ENERGIES,33.66,Transport,False,False,none
user_0,2024-11-03 00:00:00,SNCF INTERNET 15,32.46,Transport,False,False,none
user_0,2024-11-04 00:00:00,KFC,55.01,Restaurants,False,False,none
user_0,2024-11-05 00:00:00,ABONNEMENT SALLE SPORT,41.49,Leisure,True,False,none
user_0,2024-11-05 00:00:00,LE BISTROT LE GALL,26.02,Restaurants,False,False,none
user_0,2024-11-06 00:00:00,MCDONALDS,40.88,Restaurants,False,False,none
user_0,2024-11-06 00:00:00,CB STEAM GAMES,39.22,Leisure,False,False,none
user_0,2024-11-07 00:00:00,LIDL SAINT LORRAINE-SUR-MER,57.35,Groceries,False,False,none
user_0,2024-11-07 00:00:00,MONOPRIX 08,65.93,Groceries,False,False,none
user_0,2024-11-07 00:00:00,STARBUCKS,25.41,Restaurants,False,False,none
user_0,2024-11-08 00:00:00,EDF ELECTRICITE,134.75,Utilities,True,False,none
user_0,2024-11-08 00:00:00,CB UBER EATS,32.27,Restaurants,False,False,none
user_0,2024-11-09 00:00:00,LIDL,50.1,Groceries,False,False,none
user_0,2024-11-09 00:00:00,LECLERC 15,44.85,Groceries,False,False,none
user_0,2024-11-09 00:00:00,CASINO SUPERMARCHE,69.65,Groceries,False,False,none
user_0,2024-11-09 00:00:00,LE BISTROT,53.41,Restaurants,False,False,none
user_0,2024-11-11 00:00:00,CARREFOUR GILBERT-SUR-SCHNEIDER,32.9,Groceries,False,False,none
user_0,2024-11-12 00:00:00,ORANGE MOBILE,52.67,Utilities,True,False,none
user_0,2024-11-12 00:00:00,INTERMARCHE HERVÉ,46.46,Groceries,False,False,none
user_0,2024-11-12 00:00:00,CINEMA UGC,78.69,Leisure,False,False,none
user_0,2024-11-12 00:00:00,CB SPOTIFY,22.42,Leisure,False,False,none
user_0,2024-11-13 00:00:00,CB LECLERC,103.21,Groceries,False,False,none
user_0,2024-11-13 00:00:00,CB CASINO SUPERMARCHE,37.35,Groceries,False,False,none
user_0,2024-11-13 00:00:00,AMAZON.FR,3.53,Shopping,False,False,none
user_0,2024-11-15 00:00:00,ASSURANCE MAAF,55.39,Insurance,True,False,none
user_0,2024-11-17 00:00:00,CARREFOUR SAINT OLIVIER-LES-BAINS,56.44,Groceries,False,False,none
user_0,2024-11-17 00:00:00,FNAC,50.31,Leisure,False,False,none
user_0,2024-11-20 00:00:00,BOULANGERIE PAUL 18,15.19,Restaurants,False,False,none
user_0,2024-11-21 00:00:00,VELIB,38.46,Transport,False,False,none
user_0,2024-11-21 00:00:00,CINEMA UGC 03,1.4,Leisure,False,False,none
user_0,2024-11-22 00:00:00,DELIVEROO,44.42,Restaurants,False,False,none
user_0,2024-11-22 00:00:00,PHARMACIE,32.78,Health,False,False,none
user_0,2024-11-26 00:00:00,MCDONALDS,23.66,Restaurants,False,False,none
user_0,2024-11-26 00:00:00,SHEIN,123.03,Shopping,False,False,none
user_0,2024-11-27 00:00:00,LIDL LEBRETONDAN,99.69,Groceries,False,False,none
user_0,2024-11-27 00:00:00,LIDL,74.93,Groceries,False,False,none
user_0,2024-11-27 00:00:00,LE BISTROT DA COSTA,47.15,Restaurants,False,False,none
user_0,2024-11-27 00:00:00,SEPHORA PARENT,2.23,Shopping,False,False,none
user_0,2024-11-28 00:00:00,ZALANDO,193.06,Shopping,False,False,none
user_0,2024-12-02 00:00:00,SHEIN 20,297.82,Shopping,False,False,none
user_0,2024-12-03 00:00:00,LOYER APPARTEMENT,1096.12,Housing,True,False,none
user_0,2024-12-03 00:00:00,AUCHAN SAINT VINCENTNEC,90.99,Groceries,False,False,none
user_0,2024-12-03 00:00:00,VELIB 15,56.25,Transport,False,False,none
user_0,2024-12-05 00:00:00,ABONNEMENT SALLE SPORT,41.98,Leisure,True,False,none
user_0,2024-12-05 00:00:00,MONOPRIX 09,86.72,Groceries,False,False,none
user_0,2024-12-05 00:00:00,PARKING INDIGO,10.44,Transport,False,False,none
user_0,2024-12-06 00:00:00,VELIB,40.35,Transport,False,False,none
user_0,2024-12-08 00:00:00,EDF ELECTRICITE,135.02,Utilities,True,False,none
user_0,2024-12-08 00:00:00,LECLERC,18.15,Groceries,False,False,none
user_0,2024-12-09 00:00:00,ZALANDO GEORGES-SUR-MER,49.96,Shopping,False,False,none
user_0,2024-12-09 00:00:00,CB AMAZON.FR,223.38,Shopping,False,False,none
user_0,2024-12-10 00:00:00,INTERMARCHE SAINT CHARLOTTE,67.0,Groceries,False,False,none
user_0,2024-12-10 00:00:00,LIDL SAMSONVILLE,117.6,Groceries,False,False,none
user_0,2024-12-10 00:00:00,DELIVEROO,13.53,Restaurants,False,False,none
user_0,2024-12-11 00:00:00,CARREFOUR,24.4,Groceries,False,False,none
user_0,2024-12-11 00:00:00,H&M 05,200.77,Shopping,False,False,none
user_0,2024-12-12 00:00:00,ORANGE MOBILE,52.86,Utilities,True,False,none
user_0,2024-12-13 00:00:00,CB CARREFOUR,52.69,Groceries,False,False,none
user_0,2024-12-13 00:00:00,CB ESSO STATION,1.4,Transport,False,False,none
user_0,2024-12-15 00:00:00,ASSURANCE MAAF,56.01,Insurance,True,False,none
user_0,2024-12-15 00:00:00,UBER EATS 11,35.9,Restaurants,False,False,none
user_0,2024-12-15 00:00:00,CB DELIVEROO,45.68,Restaurants,False,False,none
user_0,2024-12-15 00:00:00,CINEMA UGC 16,1.75,Leisure,False,False,none
user_0,2024-12-17 00:00:00,CASINO SUPERMARCHE,73.05,Groceries,False,False,none
user_0,2024-12-18 00:00:00,MONOPRIX,34.97,Groceries,False,False,none
user_0,2024-12-18 00:00:00,FRANPRIX NGUYEN-SUR-BOUSQUET,80.52,Groceries,False,False,none
user_0,2024-12-19 00:00:00,BOULANGERIE PAUL SAINTE DENISEVILLE,17.54,Restaurants,False,False,none
user_0,2024-12-19 00:00:00,FNAC SAINTE GEORGES-LES-BAINS,58.1,Leisure,False,False,none
user_0,2024-12-22 00:00:00,CB MONOPRIX,902.98,Groceries,False,True,amount_spike
user_0,2024-12-22 00:00:00,LIDL 14,58.91,Groceries,False,False,none
user_0,2024-12-22 00:00:00,H&M 10,275.2,Shopping,False,False,none
user_0,2024-12-22 00:00:00,IKEA,147.39,Shopping,False,False,none
user_0,2024-12-23 00:00:00,CULTURA PAYET-LA-FORÊT,2.72,Leisure,False,False,none
user_0,2024-12-23 00:00:00,STEAM GAMES GARCIANEC,39.92,Leisure,False,False,none
user_0,2024-12-24 00:00:00,CASINO SUPERMARCHE,83.8,Groceries,False,False,none
user_0,2024-12-27 00:00:00,INTERMARCHE,9.55,Groceries,False,False,none
user_0,2024-12-27 00:00:00,SUSHI SHOP 07,21.16,Restaurants,False,False,none
user_0,2024-12-27 00:00:00,CINEMA UGC DUPUIS-SUR-LACOMBE,49.15,Leisure,False,False,none
user_0,2024-12-28 00:00:00,CB IKEA,53.46,Shopping,False,False,none
user_0,2024-12-28 00:00:00,SHEIN,253.64,Shopping,False,False,none
user_0,2025-01-01 00:00:00,MUTUELLE,68.41,Health,False,False,none
user_0,2025-01-02 00:00:00,MONOPRIX 11,50.58,Groceries,False,False,none
user_0,2025-01-02 00:00:00,DELIVEROO 02,41.78,Restaurants,False,False,none
user_0,2025-01-03 00:00:00,LOYER APPARTEMENT,1078.75,Housing,True,False,none
user_0,2025-01-04 00:00:00,LE BISTROT MUNOZNEC,9.57,Restaurants,False,False,none
user_0,2025-01-05 00:00:00,ABONNEMENT SALLE SPORT,42.18,Leisure,True,False,none
user_0,2025-01-06 00:00:00,STEAM GAMES,7.38,Leisure,False,False,none
user_0,2025-01-06 00:00:00,ZARA,155.09,Shopping,False,False,none
user_0,2025-01-07 00:00:00,AUCHAN,85.07,Groceries,False,False,none
user_0,2025-01-07 00:00:00,VELIB MAILLOT,106.82,Transport,False,False,none
user_0,2025-01-07 00:00:00,SNCF INTERNET,64.87,Transport,False,False,none
user_0,2025-01-08 00:00:00,EDF ELECTRICITE,137.94,Utilities,True,False,none
user_0,2025-01-09 00:00:00,MUTUELLE,1.4,Health,False,False,none
user_0,2025-01-09 00:00:00,H&M 18,52.95,Shopping,False,False,none
user_0,2025-01-10 00:00:00,CB FRANPRIX,2.22,Groceries,False,False,none
user_0,2025-01-12 00:00:00,ORANGE MOBILE,53.27,Utilities,True,False,none
user_0,2025-01-13 00:00:00,CARREFOUR,69.84,Groceries,False,False,none
user_0,2025-01-13 00:00:00,LECLERC,3.37,Groceries,False,False,none
user_0,2025-01-13 00:00:00,STARBUCKS 17,15.85,Restaurants,False,True,frequency_burst
user_0,2025-01-13 02:00:00,STARBUCKS 17,15.85,Restaurants,False,True,frequency_burst
user_0,2025-01-13 02:00:00,STARBUCKS 17,15.85,Restaurants,False,True,frequency_burst
user_0,2025-01-13 03:00:00,STARBUCKS 17,15.85,Restaurants,False,True,frequency_burst
user_0,2025-01-13 05:00:00,STARBUCKS 17,15.85,Restaurants,False,True,frequency_burst
user_0,2025-01-13 06:00:00,STARBUCKS 17,15.85,Restaurants,False,True,frequency_burst
user_0,2025-01-13 09:00:00,STARBUCKS 17,15.85,Restaurants,False,True,frequency_burst
user_0,2025-01-13 09:00:00,STARBUCKS 17,15.85,Restaurants,False,True,frequency_burst
user_0,2025-01-14 00:00:00,CULTURA,49.15,Leisure,False,False,none
user_0,2025-01-15 00:00:00,ASSURANCE MAAF,56.08,Insurance,True,False,none
user_0,2025-01-15 00:00:00,PARKING INDIGO,51.33,Transport,False,False,none
user_0,2025-01-15 00:00:00,H&M SAINT LOUISE-LA-FORÊT,5.99,Shopping,False,False,none
user_0,2025-01-17 00:00:00,LE BISTROT,36.45,Restaurants,False,False,none
user_0,2025-01-18 00:00:00,CARREFOUR,108.1,Groceries,False,False,none
user_0,2025-01-18 00:00:00,KFC,14.05,Restaurants,False,False,none
user_0,2025-01-18 00:00:00,STARBUCKS,37.86,Restaurants,False,False,none
user_0,2025-01-21 00:00:00,BOULANGERIE PAUL RÉMY-SUR-ROUSSEL,26.76,Restaurants,False,False,none
user_0,2025-01-23 00:00:00,SUSHI SHOP LEJEUNE,35.2,Restaurants,False,False,none
user_0,2025-01-25 00:00:00,BOULANGERIE PAUL 05,21.91,Restaurants,False,False,none
user_0,2025-01-26 00:00:00,INTERMARCHE LEBLANC-LA-FORÊT,63.5,Groceries,False,False,none
user_0,2025-01-26 00:00:00,INTERMARCHE COSTE,56.76,Groceries,False,False,none
user_0,2025-01-26 00:00:00,LE BISTROT REYNEC,1.75,Restaurants,False,False,none
user_0,2025-01-26 00:00:00,PHARMACIE 11,79.12,Health,False,False,none
user_0,2025-01-27 00:00:00,MONOPRIX 16,62.2,Groceries,False,False,none
user_0,2025-01-27 00:00:00,SUSHI SHOP,1.69,Restaurants,False,False,none
user_0,2025-01-28 00:00:00,MONOPRIX LEDOUXNEC,85.87,Groceries,False,False,none
user_0,2025-01-28 00:00:00,VELIB 03,34.43,Transport,False,False,none
user_0,2025-01-28 00:00:00,ZARA,1.4,Shopping,False,False,none
user_0,2025-02-03 00:00:00,LOYER APPARTEMENT,1098.37,Housing,True,False,none
user_0,2025-02-03 00:00:00,CARREFOUR PERRET,75.76,Groceries,False,False,none
user_0,2025-02-04 00:00:00,CARREFOUR LEMONNIER,32.5,Groceries,False,False,none
user_0,2025-02-05 00:00:00,ABONNEMENT SALLE SPORT,42.64,Leisure,True,False,none
user_0,2025-02-05 00:00:00,UBER EATS DIAZ-LA-FORÊT,44.31,Restaurants,False,False,none
user_0,2025-02-05 00:00:00,TOTAL ENERGIES 09,74.06,Transport,False,False,none
user_0,2025-02-06 00:00:00,CASINO SUPERMARCHE,104.11,Groceries,False,False,none
user_0,2025-02-06 00:00:00,BLABLACAR,10.07,Transport,False,False,none
user_0,2025-02-07 00:00:00,SPOTIFY,34.68,Leisure,False,False,none
user_0,2025-02-08 00:00:00,EDF ELECTRICITE,137.96,Utilities,True,False,none
user_0,2025-02-08 00:00:00,MONOPRIX,65.48,Groceries,False,False,none
user_0,2025-02-08 00:00:00,CULTURA PELLETIER-SUR-BRUNEAU,1.75,Leisure,False,False,none
user_0,2025-02-10 00:00:00,VELIB,34.59,Transport,False,False,none
user_0,2025-02-11 00:00:00,KFC 01,43.47,Restaurants,False,False,none
user_0,2025-02-12 00:00:00,ORANGE MOBILE,53.37,Utilities,True,False,none
user_0,2025-02-12 00:00:00,RATP NAVIGO BARRE-LA-FORÊT,90.82,Transport,False,False,none
user_0,2025-02-13 00:00:00,FRANPRIX 04,1.4,Groceries,False,False,none
user_0,2025-02-13 00:00:00,AUCHAN,58.25,Groceries,False,False,none
user_0,2025-02-13 00:00:00,ZALANDO VALLET-SUR-MAHE,221.33,Shopping,False,False,none
user_0,2025-02-15 00:00:00,ASSURANCE MAAF,56.63,Insurance,True,False,none
user_0,2025-02-15 00:00:00,CINEMA UGC SIMON,23.35,Leisure,False,False,none
user_0,2025-02-16 00:00:00,LECLERC SAINT VICTOR,37.27,Groceries,False,False,none
user_0,2025-02-18 00:00:00,PARKING INDIGO 10,42.88,Transport,False,False,none
user_0,2025-02-19 00:00:00,CASINO SUPERMARCHE 19,23.47,Groceries,False,False,none
user_0,2025-02-19 00:00:00,STARBUCKS,40.76,Restaurants,False,False,none
user_0,2025-02-21 00:00:00,PARKING INDIGO GUILLETBOURG,9.46,Transport,False,False,none
user_0,2025-02-21 00:00:00,APPLE STORE,169.02,Shopping,False,False,none
user_0,2025-02-22 00:00:00,BLABLACAR 10,67.93,Transport,False,False,none
user_0,2025-02-22 00:00:00,ZALANDO,236.26,Shopping,False,False,none
user_0,2025-02-23 00:00:00,LIDL SAINTE LAURE-SUR-MER,57.75,Groceries,False,False,none
user_0,2025-02-23 00:00:00,APPLE STORE TORRES-SUR-MERLE,87.75,Shopping,False,False,none
user_0,2025-02-25 00:00:00,LIDL BOUCHET-LES-BAINS,114.86,Groceries,False,False,none
user_0,2025-02-28 00:00:00,CASINO SUPERMARCHE,104.0,Groceries,False,False,none
user_0,2025-02-28 00:00:00,NETFLIX.COM,1.4,Leisure,False,False,none
user_0,2025-03-01 00:00:00,CB AMAZON PRIME,20.9,Leisure,False,False,none
user_0,2025-03-01 00:00:00,LABORATOIRE BIO,1.4,Health,False,False,none
user_0,2025-03-02 00:00:00,FRANPRIX,24.85,Groceries,False,False,none
user_0,2025-03-02 00:00:00,KFC,70.47,Restaurants,False,False,none
user_0,2025-03-03 00:00:00,LOYER APPARTEMENT,1096.4,Housing,True,False,none
user_0,2025-03-05 00:00:00,ABONNEMENT SALLE SPORT,41.77,Leisure,True,False,none
user_0,2025-03-05 00:00:00,FRANPRIX,40.24,Groceries,False,False,none
user_0,2025-03-05 00:00:00,DELIVEROO GIMENEZ,33.31,Restaurants,False,False,none
user_0,2025-03-06 00:00:00,CASINO SUPERMARCHE,72.06,Groceries,False,False,none
user_0,2025-03-06 00:00:00,VELIB,1.4,Transport,False,False,none
user_0,2025-03-07 00:00:00,CASINO SUPERMARCHE,58.3,Groceries,False,False,none
user_0,2025-03-07 00:00:00,MONOPRIX FONTAINEBOEUF,62.21,Groceries,False,False,none
user_0,2025-03-07 00:00:00,LE BISTROT MILLET,40.48,Restaurants,False,False,none
user_0,2025-03-07 00:00:00,SPOTIFY 13,1.4,Leisure,False,False,none
user_0,2025-03-08 00:00:00,EDF ELECTRICITE,91.4,Utilities,True,False,none
user_0,2025-03-10 00:00:00,LIDL VASSEUR,94.27,Groceries,False,False,none
user_0,2025-03-10 00:00:00,MUTUELLE MILLET-SUR-MER,55.67,Health,False,False,none
user_0,2025-03-11 00:00:00,FRANPRIX,1.4,Groceries,False,False,none
user_0,2025-03-11 00:00:00,UBER EATS,41.44,Restaurants,False,False,none
user_0,2025-03-12 00:00:00,ORANGE MOBILE,35.56,Utilities,True,False,none
user_0,2025-03-12 00:00:00,MONOPRIX,78.58,Groceries,False,False,none
user_0,2025-03-14 00:00:00,TOTAL ENERGIES LABBÉ,52.7,Transport,False,False,none
user_0,2025-03-15 00:00:00,ASSURANCE MAAF,55.57,Insurance,True,False,none
user_0,2025-03-15 00:00:00,LIDL,13.47,Groceries,False,False,none
user_0,2025-03-16 00:00:00,CARREFOUR,22.15,Groceries,False,False,none
user_0,2025-03-17 00:00:00,TOTAL ENERGIES 03,63.45,Transport,False,False,none
user_0,2025-03-17 00:00:00,IKEA 10,1.4,Shopping,False,False,none
user_0,2025-03-18 00:00:00,STARBUCKS COLLETBOEUF,1.4,Restaurants,False,False,none
user_0,2025-03-18 00:00:00,KFC,1.4,Restaurants,False,False,none
user_0,2025-03-20 00:00:00,INTERMARCHE,32.91,Groceries,False,False,none
user_0,2025-03-20 00:00:00,DELIVEROO 17,1.4,Restaurants,False,False,none
user_0,2025-03-21 00:00:00,UBER EATS,29.88,Restaurants,False,False,none
user_0,2025-03-21 00:00:00,NETFLIX.COM DENISDAN,21.23,Leisure,False,True,duplicate
user_0,2025-03-21 00:00:00,SPOTIFY,63.96,Leisure,False,False,none
user_0,2025-03-21 00:02:00,NETFLIX.COM DENISDAN,21.23,Leisure,False,True,duplicate
user_0,2025-03-22 00:00:00,MONOPRIX,24.5,Groceries,False,False,none
user_0,2025-03-22 00:00:00,ESSO STATION,1.4,Transport,False,False,none
user_0,2025-03-22 00:00:00,CINEMA UGC 09,1.75,Leisure,False,False,none
user_0,2025-03-22 00:00:00,SPOTIFY GEORGES,17.52,Leisure,False,False,none
user_0,2025-03-23 00:00:00,LIDL,110.49,Groceries,False,False,none
user_0,2025-03-23 00:00:00,LIDL,67.84,Groceries,False,False,none
user_0,2025-03-24 00:00:00,AMAZON.FR,78.66,Shopping,False,False,none
user_0,2025-03-25 00:00:00,ZARA,151.57,Shopping,False,False,none
user_0,2025-03-26 00:00:00,UBER EATS,34.84,Restaurants,False,False,none
user_0,2025-03-26 00:00:00,IKEA SAINT THIBAUT,111.39,Shopping,False,False,none
user_0,2025-03-28 00:00:00,SNCF INTERNET,8.4,Transport,False,False,none
user_0,2025-03-28 00:00:00,STEAM GAMES,56.04,Leisure,False,False,none
user_0,2025-03-28 00:00:00,FNAC,27.06,Leisure,False,False,none
user_0,2025-04-02 00:00:00,VELIB,1.4,Transport,False,False,none
user_0,2025-04-03 00:00:00,LOYER APPARTEMENT,1071.41,Housing,True,False,none
user_0,2025-04-03 00:00:00,LIDL,33.03,Groceries,False,False,none
user_0,2025-04-03 00:00:00,LECLERC,94.48,Groceries,False,False,none
user_0,2025-04-03 00:00:00,UBER EATS,38.06,Restaurants,False,False,none
user_0,2025-04-04 00:00:00,CASINO SUPERMARCHE LEMAÎTRENEC,75.49,Groceries,False,False,none
user_0,2025-04-05 00:00:00,ABONNEMENT SALLE SPORT,41.38,Leisure,True,False,none
user_0,2025-04-05 00:00:00,UBER EATS,43.11,Restaurants,False,False,none
user_0,2025-04-06 00:00:00,FNAC DUMONT,86.84,Leisure,False,False,none
user_0,2025-04-08 00:00:00,EDF ELECTRICITE,90.4,Utilities,True,False,none
user_0,2025-04-08 00:00:00,UBER EATS,17.47,Restaurants,False,False,none
user_0,2025-04-08 00:00:00,MCDONALDS CARPENTIER,42.01,Restaurants,False,False,none
user_0,2025-04-09 00:00:00,ESSO STATION,37.74,Transport,False,False,none
user_0,2025-04-09 00:00:00,BLABLACAR,33.64,Transport,False,False,none
user_0,2025-04-09 00:00:00,CB AMAZON PRIME,16.8,Leisure,False,False,none
user_0,2025-04-11 00:00:00,UBER,38.31,Transport,False,False,none
user_0,2025-04-12 00:00:00,ORANGE MOBILE,35.26,Utilities,True,False,none
user_0,2025-04-12 00:00:00,AUCHAN,23.13,Groceries,False,False,none
user_0,2025-04-12 00:00:00,BOULANGERIE PAUL,46.32,Restaurants,False,False,none
user_0,2025-04-12 00:00:00,SNCF INTERNET AUBERT,1.4,Transport,False,False,none
user_0,2025-04-13 00:00:00,AUCHAN,23.46,Groceries,False,False,none
user_0,2025-04-13 00:00:00,PARKING INDIGO BERGER,68.15,Transport,False,False,none
user_0,2025-04-14 00:00:00,ZARA,117.05,Shopping,False,False,none
user_0,2025-04-15 00:00:00,ASSURANCE MAAF,55.58,Insurance,True,False,none
user_0,2025-04-15 00:00:00,FRANPRIX TANGUY,42.47,Groceries,False,False,none
user_0,2025-04-15 00:00:00,LE BISTROT,87.7,Restaurants,False,False,none
user_0,2025-04-15 00:00:00,ESSO STATION,35.66,Transport,False,False,none
user_0,2025-04-15 00:00:00,DECATHLON GUILLAUME-SUR-MER,36.36,Leisure,False,True,frequency_burst
user_0,2025-04-15 01:00:00,DECATHLON GUILLAUME-SUR-MER,36.36,Leisure,False,True,frequency_burst
user_0,2025-04-15 04:00:00,DECATHLON GUILLAUME-SUR-MER,36.36,Leisure,False,True,frequency_burst
user_0,2025-04-15 06:00:00,DECATHLON GUILLAUME-SUR-MER,36.36,Leisure,False,True,frequency_burst
user_0,2025-04-15 07:00:00,DECATHLON GUILLAUME-SUR-MER,36.36,Leisure,False,True,frequency_burst
user_0,2025-04-15 09:00:00,DECATHLON GUILLAUME-SUR-MER,36.36,Leisure,False,True,frequency_burst
user_0,2025-04-15 09:00:00,DECATHLON GUILLAUME-SUR-MER,36.36,Leisure,False,True,frequency_burst
user_0,2025-04-18 00:00:00,BOULANGERIE PAUL DEVAUX,1.4,Restaurants,False,False,none
user_0,2025-04-18 00:00:00,CULTURA,43.26,Leisure,False,False,none
user_0,2025-04-19 00:00:00,CB AUCHAN,69.51,Groceries,False,False,none
user_0,2025-04-22 00:00:00,FNAC GODARD,32.12,Leisure,False,False,none
user_0,2025-04-23 00:00:00,STARBUCKS 08,45.62,Restaurants,False,False,none
user_0,2025-04-23 00:00:00,RATP NAVIGO CLERC,60.62,Transport,False,False,none
user_0,2025-04-23 00:00:00,RATP NAVIGO,55.46,Transport,False,False,none
user_0,2025-04-23 00:00:00,PARKING INDIGO,125.23,Transport,False,False,none
user_0,2025-04-23 00:00:00,APPLE STORE SAINT ALEXANDRE,92.39,Shopping,False,False,none
user_0,2025-04-24 00:00:00,VELIB,24.21,Transport,False,False,none
user_0,2025-04-24 00:00:00,SHEIN 08,131.68,Shopping,False,False,none
user_0,2025-05-01 00:00:00,CASINO SUPERMARCHE,46.62,Groceries,False,False,none
user_0,2025-05-02 00:00:00,FRANPRIX LOUISVILLE,91.47,Groceries,False,False,none
user_0,2025-05-02 00:00:00,MONOPRIX,80.75,Groceries,False,False,none
user_0,2025-05-02 00:00:00,CASINO SUPERMARCHE SAINTE JULIE-LES-BAINS,94.33,Groceries,False,False,none
user_0,2025-05-02 00:00:00,VELIB TORRES,1.4,Transport,False,False,none
user_0,2025-05-03 00:00:00,LOYER APPARTEMENT,1069.75,Housing,True,False,none
user_0,2025-05-03 00:00:00,CB AUCHAN,50.18,Groceries,False,False,none
user_0,2025-05-03 00:00:00,SEPHORA SAINTE ADRIENNENEC,61.21,Shopping,False,False,none
user_0,2025-05-04 00:00:00,LIDL,34.56,Groceries,False,False,none
user_0,2025-05-04 00:00:00,DELIVEROO,24.58,Restaurants,False,False,none
user_0,2025-05-05 00:00:00,ABONNEMENT SALLE SPORT,42.31,Leisure,True,False,none
user_0,2025-05-05 00:00:00,CASINO SUPERMARCHE SAINT CHRISTIANE,46.54,Groceries,False,False,none
user_0,2025-05-05 00:00:00,SUSHI SHOP DUMASNEC,32.1,Restaurants,False,False,none
user_0,2025-05-06 00:00:00,CARREFOUR 15,44.34,Groceries,False,False,none
user_0,2025-05-06 00:00:00,DELIVEROO 04,48.18,Restaurants,False,False,none
user_0,2025-05-07 00:00:00,DELIVEROO,43.02,Restaurants,False,False,none
user_0,2025-05-07 00:00:00,CB IKEA,67.51,Shopping,False,False,none
user_0,2025-05-08 00:00:00,EDF ELECTRICITE,91.68,Utilities,True,False,none
user_0,2025-05-08 00:00:00,SUSHI SHOP,75.06,Restaurants,False,False,none
user_0,2025-05-09 00:00:00,LIDL 04,92.1,Groceries,False,False,none
user_0,2025-05-10 00:00:00,STARBUCKS ALEXANDRENEC,19.4,Restaurants,False,False,none
user_0,2025-05-11 00:00:00,FRANPRIX 12,69.46,Groceries,False,False,none
user_0,2025-05-12 00:00:00,ORANGE MOBILE,34.58,Utilities,True,False,none
user_0,2025-05-12 00:00:00,CARREFOUR LAINEBOURG,31.34,Groceries,False,False,none
user_0,2025-05-12 00:00:00,BOULANGERIE PAUL FERRAND,32.9,Restaurants,False,False,none
user_0,2025-05-12 00:00:00,UBER EATS,59.61,Restaurants,False,False,none
user_0,2025-05-12 00:00:00,STEAM GAMES SAINT AUROREBOURG,1.4,Leisure,False,False,none
user_0,2025-05-12 00:00:00,CB SPOTIFY,1.4,Leisure,False,False,none
user_0,2025-05-12 00:00:00,ZALANDO,104.62,Shopping,False,False,none
user_0,2025-05-13 00:00:00,FRANPRIX,66.8,Groceries,False,False,none
user_0,2025-05-13 00:00:00,STARBUCKS,18.62,Restaurants,False,False,none
user_0,2025-05-15 00:00:00,ASSURANCE MAAF,56.68,Insurance,True,False,none
user_0,2025-05-15 00:00:00,CULTURA,60.23,Leisure,False,False,none
user_0,2025-05-15 00:00:00,CB CINEMA UGC,48.37,Leisure,False,False,none
user_0,2025-05-16 00:00:00,CB INTERMARCHE,49.84,Groceries,False,False,none
user_0,2025-05-16 00:00:00,TOTAL ENERGIES,80.98,Transport,False,False,none
user_0,2025-05-16 00:00:00,CINEMA UGC 05,73.18,Leisure,False,False,none
user_0,2025-05-23 00:00:00,LIDL ROUX,14.31,Groceries,False,False,none
user_0,2025-05-23 00:00:00,CB BOULANGERIE PAUL,5.08,Restaurants,False,False,none
user_0,2025-05-24 00:00:00,MONOPRIX,79.78,Groceries,False,False,none
user_0,2025-05-24 00:00:00,BLABLACAR CHARTIER,26.14,Transport,False,False,none
user_0,2025-05-25 00:00:00,MCDONALDS 20,46.08,Restaurants,False,False,none
user_0,2025-05-27 00:00:00,STARBUCKS LAPORTE-SUR-COUSIN,15.58,Restaurants,False,False,none
user_0,2025-05-28 00:00:00,RATP NAVIGO,9.85,Transport,False,False,none
user_0,2025-06-01 00:00:00,CB CASINO SUPERMARCHE,76.36,Groceries,False,False,none
user_0,2025-06-01 00:00:00,MCDONALDS 06,25.79,Restaurants,False,False,none
user_0,2025-06-03 00:00:00,LOYER APPARTEMENT,1095.49,Housing,True,False,none
user_0,2025-06-03 00:00:00,BOULANGERIE PAUL,10.63,Restaurants,False,False,none
user_0,2025-06-03 00:00:00,CB UBER EATS,4.09,Restaurants,False,False,none
user_0,2025-06-03 00:00:00,FNAC MACE,25.07,Leisure,False,False,none
user_0,2025-06-04 00:00:00,UBER EATS LEROY,42.3,Restaurants,False,False,none
user_0,2025-06-05 00:00:00,ABONNEMENT SALLE SPORT,42.58,Leisure,True,False,none
user_0,2025-06-05 00:00:00,MCDONALDS,52.39,Restaurants,False,False,none
user_0,2025-06-05 00:00:00,PHARMACIE 15,24.51,Health,False,False,none
user_0,2025-06-07 00:00:00,CB MONOPRIX,86.88,Groceries,False,False,none
user_0,2025-06-07 00:00:00,CASINO SUPERMARCHE,38.37,Groceries,False,False,none
user_0,2025-06-07 00:00:00,LE BISTROT 05,14.28,Restaurants,False,False,none
user_0,2025-06-07 00:00:00,AMAZON PRIME PELTIERNEC,88.23,Leisure,False,False,none
user_0,2025-06-08 00:00:00,EDF ELECTRICITE,90.46,Utilities,True,False,none
user_0,2025-06-09 00:00:00,SEPHORA MASSON-LA-FORÊT,3.85,Shopping,False,False,none
user_0,2025-06-10 00:00:00,MONOPRIX,67.6,Groceries,False,False,none
user_0,2025-06-10 00:00:00,FRANPRIX HUBERTBOURG,3.97,Groceries,False,False,none
user_0,2025-06-10 00:00:00,ESSO STATION,50.12,Transport,False,False,none
user_0,2025-06-11 00:00:00,INTERMARCHE 09,38.28,Groceries,False,False,none
user_0,2025-06-11 00:00:00,NETFLIX.COM GODARD-SUR-CLÉMENT,1.4,Leisure,False,False,none
user_0,2025-06-12 00:00:00,ORANGE MOBILE,35.28,Utilities,True,False,none
user_0,2025-06-12 00:00:00,CASINO SUPERMARCHE 18,96.97,Groceries,False,False,none
user_0,2025-06-13 00:00:00,UBER EATS,1.74,Restaurants,False,False,none
user_0,2025-06-14 00:00:00,LECLERC,8.3,Groceries,False,False,none
user_0,2025-06-15 00:00:00,ASSURANCE MAAF,55.26,Insurance,True,False,none
user_0,2025-06-15 00:00:00,ZARA,107.59,Shopping,False,False,none
user_0,2025-06-16 00:00:00,RATP NAVIGO,65.59,Transport,False,False,none
user_0,2025-06-16 00:00:00,AMAZON PRIME,6.43,Leisure,False,False,none
user_0,2025-06-17 00:00:00,LABORATOIRE BIO 07,67.86,Health,False,False,none
user_0,2025-06-18 00:00:00,INTERMARCHE 19,81.4,Groceries,False,False,none
user_0,2025-06-18 00:00:00,DECATHLON GIRARD-SUR-PARENT,1.4,Leisure,False,False,none
user_0,2025-06-18 00:00:00,SEPHORA,68.64,Shopping,False,False,none
user_0,2025-06-21 00:00:00,SPOTIFY 11,76.72,Leisure,False,False,none
user_0,2025-06-23 00:00:00,LIDL,70.49,Groceries,False,False,none
user_0,2025-06-23 00:00:00,MCDONALDS,61.36,Restaurants,False,False,none
user_0,2025-06-25 00:00:00,DELIVEROO MAILLOT,52.64,Restaurants,False,False,none
user_0,2025-06-26 00:00:00,CASINO SUPERMARCHE,83.72,Groceries,False,False,none
user_0,2025-06-26 00:00:00,RATP NAVIGO FABRENEC,22.28,Transport,False,False,none
user_0,2025-06-28 00:00:00,LE BISTROT,2.09,Restaurants,False,False,none
user_1,2024-01-01 00:00:00,MONOPRIX,93.84,Groceries,False,False,none
user_1,2024-01-01 00:00:00,BOULANGERIE PAUL 03,39.35,Restaurants,False,False,none
user_1,2024-01-03 00:00:00,LOYER APPARTEMENT,1247.0,Housing,True,False,none
user_1,2024-01-03 00:00:00,LIDL ROSSI-SUR-MER,121.27,Groceries,False,False,none
user_1,2024-01-04 00:00:00,DELIVEROO SAINTE ALFRED,1.57,Restaurants,False,False,none
user_1,2024-01-05 00:00:00,ABONNEMENT SALLE SPORT,47.86,Leisure,True,False,none
user_1,2024-01-05 00:00:00,PHARMACIE 10,64.42,Health,False,False,none
user_1,2024-01-06 00:00:00,LECLERC,106.32,Groceries,False,False,none
user_1,2024-01-06 00:00:00,CB MCDONALDS,47.79,Restaurants,False,False,none
user_1,2024-01-08 00:00:00,EDF ELECTRICITE,156.27,Utilities,True,False,none
user_1,2024-01-08 00:00:00,UBER EATS 04,18.44,Restaurants,False,False,none
user_1,2024-01-08 00:00:00,UBER JACQUES-SUR-BLOT,51.31,Transport,False,False,none
user_1,2024-01-09 00:00:00,BOULANGERIE PAUL,54.61,Restaurants,False,False,none
user_1,2024-01-10 00:00:00,CB CINEMA UGC,24.65,Leisure,False,False,none
user_1,2024-01-11 00:00:00,LIDL,58.09,Groceries,False,False,none
user_1,2024-01-12 00:00:00,ORANGE MOBILE,59.11,Utilities,True,False,none
user_1,2024-01-12 00:00:00,LE BISTROT,35.85,Restaurants,False,False,none
user_1,2024-01-13 00:00:00,SPOTIFY SAINT BERNADETTENEC,76.2,Leisure,False,False,none
user_1,2024-01-14 00:00:00,CB AUCHAN,103.05,Groceries,False,False,none
user_1,2024-01-15 00:00:00,ASSURANCE MAAF,61.87,Insurance,True,False,none
user_1,2024-01-15 00:00:00,CB LIDL,24.66,Groceries,False,False,none
user_1,2024-01-15 00:00:00,ZALANDO LECLERCQBOEUF,48.95,Shopping,False,False,none
user_1,2024-01-17 00:00:00,CASINO SUPERMARCHE SAINT COLETTENEC,111.49,Groceries,False,False,none
user_1,2024-01-19 00:00:00,CB AUCHAN,34.23,Groceries,False,False,none
user_1,2024-01-20 00:00:00,CARREFOUR DELAUNAY,103.1,Groceries,False,False,none
user_1,2024-01-20 00:00:00,LE BISTROT,35.8,Restaurants,False,False,none
user_1,2024-01-20 00:00:00,TOTAL ENERGIES 11,37.92,Transport,False,False,none
user_1,2024-01-20 00:00:00,ESSO STATION,1.57,Transport,False,False,none
user_1,2024-01-21 00:00:00,INTERMARCHE HERNANDEZ,33.28,Groceries,False,False,none
user_1,2024-01-22 00:00:00,LIDL,45.57,Groceries,False,False,none
user_1,2024-01-22 00:00:00,LABORATOIRE BIO,17.01,Health,False,False,none
user_1,2024-01-23 00:00:00,CB KFC,28.3,Restaurants,False,False,none
user_1,2024-01-26 00:00:00,CASINO SUPERMARCHE,38.79,Groceries,False,False,none
user_1,2024-01-26 00:00:00,CB H&M,108.03,Shopping,False,False,none
user_1,2024-01-28 00:00:00,IKEA GARNIER,115.93,Shopping,False,False,none
user_1,2024-02-01 00:00:00,AUCHAN 05,126.71,Groceries,False,False,none
user_1,2024-02-01 00:00:00,DENTISTE FRANÇOIS,64.27,Health,False,False,none
user_1,2024-02-03 00:00:00,LOYER APPARTEMENT,1250.69,Housing,True,False,none
user_1,2024-02-04 00:00:00,MONOPRIX,1.57,Groceries,False,False,none
user_1,2024-02-04 00:00:00,SUSHI SHOP,34.75,Restaurants,False,False,none
user_1,2024-02-05 00:00:00,ABONNEMENT SALLE SPORT,46.53,Leisure,True,False,none
user_1,2024-02-05 00:00:00,LABORATOIRE BIO GÉRARD-SUR-LE ROUX,59.53,Health,False,False,none
user_1,2024-02-07 00:00:00,SUSHI SHOP 19,21.34,Restaurants,False,False,none
user_1,2024-02-07 00:00:00,SPOTIFY,49.53,Leisure,False,False,none
user_1,2024-02-08 00:00:00,EDF ELECTRICITE,150.58,Utilities,True,False,none
user_1,2024-02-08 00:00:00,ZALANDO DUMONTBOURG,141.17,Shopping,False,False,none
user_1,2024-02-09 00:00:00,AUCHAN BOUCHER,70.47,Groceries,False,False,none
user_1,2024-02-09 00:00:00,BOULANGERIE PAUL SAINTE CÉLINAVILLE,23.75,Restaurants,False,False,none
user_1,2024-02-10 00:00:00,MCDONALDS,57.87,Restaurants,False,False,none
user_1,2024-02-10 00:00:00,UBER NAVARRO-LES-BAINS,1.57,Transport,False,False,none
user_1,2024-02-10 00:00:00,ZARA,126.86,Shopping,False,False,none
user_1,2024-02-12 00:00:00,ORANGE MOBILE,58.86,Utilities,True,False,none
user_1,2024-02-12 00:00:00,AUCHAN,93.98,Groceries,False,False,none
user_1,2024-02-12 00:00:00,STARBUCKS,2.74,Restaurants,False,False,none
user_1,2024-02-14 00:00:00,DELIVEROO CHARRIER-LES-BAINS,40.62,Restaurants,False,False,none
user_1,2024-02-15 00:00:00,ASSURANCE MAAF,63.05,Insurance,True,False,none
user_1,2024-02-15 00:00:00,FRANPRIX 03,80.06,Groceries,False,False,none
user_1,2024-02-16 00:00:00,AUCHAN BARTHELEMYDAN,85.79,Groceries,False,False,none
user_1,2024-02-16 00:00:00,LE BISTROT MORELVILLE,60.14,Restaurants,False,False,none
user_1,2024-02-17 00:00:00,DELIVEROO FOURNIER,33.84,Restaurants,False,False,none
user_1,2024-02-19 00:00:00,APPLE STORE WEISSBOEUF,50.27,Shopping,False,False,none
user_1,2024-02-20 00:00:00,MONOPRIX 10,58.3,Groceries,False,False,none
user_1,2024-02-20 00:00:00,DENTISTE MARTY,96.16,Health,False,False,none
user_1,2024-02-21 00:00:00,CASINO SUPERMARCHE BRUNET-SUR-SAMSON,75.81,Groceries,False,False,none
user_1,2024-02-21 00:00:00,INTERMARCHE,45.94,Groceries,False,False,none
user_1,2024-02-21 00:00:00,LECLERC,24.48,Groceries,False,False,none
user_1,2024-02-21 00:00:00,CB FRANPRIX,102.15,Groceries,False,False,none
user_1,2024-02-21 00:00:00,MUTUELLE POTIERNEC,61.29,Health,False,False,none
user_1,2024-02-22 00:00:00,UBER EATS 11,55.85,Restaurants,False,False,none
user_1,2024-02-23 00:00:00,INTERMARCHE,50.02,Groceries,False,False,none
user_1,2024-02-23 00:00:00,IKEA,12.38,Shopping,False,True,duplicate
user_1,2024-02-23 00:02:00,IKEA,12.38,Shopping,False,True,duplicate
user_1,2024-02-25 00:00:00,AUCHAN FERNANDES,55.75,Groceries,False,False,none
user_1,2024-02-26 00:00:00,CASINO SUPERMARCHE 16,55.27,Groceries,False,False,none
user_1,2024-02-26 00:00:00,TOTAL ENERGIES 10,49.31,Transport,False,False,none
user_1,2024-02-27 00:00:00,UBER EATS 10,42.68,Restaurants,False,False,none
user_1,2024-02-28 00:00:00,MONOPRIX,68.6,Groceries,False,False,none
user_1,2024-02-28 00:00:00,UBER 11,11.2,Transport,False,False,none
user_1,2024-03-01 00:00:00,CB MCDONALDS,37.42,Restaurants,False,False,none
user_1,2024-03-01 00:00:00,ZARA,25.19,Shopping,False,False,none
user_1,2024-03-01 00:00:00,AMAZON.FR,87.32,Shopping,False,False,none
user_1,2024-03-01 00:00:00,CB IKEA,40.56,Shopping,False,False,none
user_1,2024-03-02 00:00:00,LIDL,140.22,Groceries,False,False,none
user_1,2024-03-03 00:00:00,LOYER APPARTEMENT,1222.87,Housing,True,False,none
user_1,2024-03-04 00:00:00,BLABLACAR 08,130.62,Transport,False,False,none
user_1,2024-03-05 00:00:00,ABONNEMENT SALLE SPORT,46.99,Leisure,True,False,none
user_1,2024-03-05 00:00:00,LIDL,78.63,Groceries,False,False,none
user_1,2024-03-06 00:00:00,MONOPRIX,77.56,Groceries,False,False,none
user_1,2024-03-08 00:00:00,EDF ELECTRICITE,100.39,Utilities,True,False,none
user_1,2024-03-08 00:00:00,CB KFC,47.85,Restaurants,False,False,none
user_1,2024-03-08 00:00:00,DELIVEROO,16.78,Restaurants,False,False,none
user_1,2024-03-09 00:00:00,CB DELIVEROO,63.4,Restaurants,False,False,none
user_1,2024-03-09 00:00:00,RATP NAVIGO,60.37,Transport,False,False,none
user_1,2024-03-10 00:00:00,SUSHI SHOP ROUSSEL,69.05,Restaurants,False,False,none
user_1,2024-03-10 00:00:00,STARBUCKS,22.78,Restaurants,False,False,none
user_1,2024-03-10 00:00:00,CB UBER,13.73,Transport,False,False,none
user_1,2024-03-11 00:00:00,MCDONALDS,10.92,Restaurants,False,False,none
user_1,2024-03-12 00:00:00,ORANGE MOBILE,39.25,Utilities,True,False,none
user_1,2024-03-14 00:00:00,CB MONOPRIX,69.91,Groceries,False,False,none
user_1,2024-03-14 00:00:00,LECLERC ARNAUD,73.88,Groceries,False,False,none
user_1,2024-03-14 00:00:00,CASINO SUPERMARCHE OLIVIER-SUR-MER,45.66,Groceries,False,False,none
user_1,2024-03-14 00:00:00,UBER EATS,13.82,Restaurants,False,False,none
user_1,2024-03-14 00:00:00,FNAC,11.82,Leisure,False,False,none
user_1,2024-03-14 00:00:00,FNAC,45.32,Leisure,False,False,none
user_1,2024-03-15 00:00:00,ASSURANCE MAAF,62.34,Insurance,True,False,none
user_1,2024-03-16 00:00:00,SEPHORA BESNARD-SUR-PINTO,222.46,Shopping,False,False,none
user_1,2024-03-17 00:00:00,BLABLACAR,1.57,Transport,False,False,none
user_1,2024-03-18 00:00:00,INTERMARCHE 12,84.08,Groceries,False,False,none
user_1,2024-03-18 00:00:00,SNCF INTERNET BERTRANDNEC,70.91,Transport,False,False,none
user_1,2024-03-19 00:00:00,CASINO SUPERMARCHE,58.9,Groceries,False,False,none
user_1,2024-03-19 00:00:00,CINEMA UGC RUIZ,1.57,Leisure,False,False,none
user_1,2024-03-20 00:00:00,TOTAL ENERGIES JACQUOT,35.41,Transport,False,False,none
user_1,2024-03-20 00:00:00,FNAC,44.54,Leisure,False,False,none
user_1,2024-03-20 00:00:00,OPTIC 2000,46.71,Health,False,False,none
user_1,2024-03-20 00:00:00,SHEIN,142.48,Shopping,False,False,none
user_1,2024-03-21 00:00:00,INTERMARCHE,45.34,Groceries,False,False,none
user_1,2024-03-23 00:00:00,PARKING INDIGO,1.57,Transport,False,False,none
user_1,2024-03-24 00:00:00,APPLE STORE 06,116.36,Shopping,False,False,none
user_1,2024-03-25 00:00:00,UBER,66.11,Transport,False,False,none
user_1,2024-03-26 00:00:00,AUCHAN,88.26,Groceries,False,False,none
user_1,2024-04-01 00:00:00,LE BISTROT SAINTE SOPHIE-LES-BAINS,54.62,Restaurants,False,False,none
user_1,2024-04-01 00:00:00,CB SNCF INTERNET,148.37,Transport,False,False,none
user_1,2024-04-02 00:00:00,FNAC,34.69,Leisure,False,False,none
user_1,2024-04-03 00:00:00,LOYER APPARTEMENT,1232.6,Housing,True,False,none
user_1,2024-04-03 00:00:00,CB LIDL,61.2,Groceries,False,False,none
user_1,2024-04-03 00:00:00,FRANPRIX ROBIN-SUR-MER,47.36,Groceries,False,False,none
user_1,2024-04-04 00:00:00,SUSHI SHOP PONSVILLE,1.57,Restaurants,False,False,none
user_1,2024-04-04 00:00:00,AMAZON PRIME,56.73,Leisure,False,False,none
user_1,2024-04-04 00:00:00,ZARA BESSON-LA-FORÊT,92.52,Shopping,False,False,none
user_1,2024-04-05 00:00:00,ABONNEMENT SALLE SPORT,46.32,Leisure,True,False,none
user_1,2024-04-05 00:00:00,LECLERC,79.52,Groceries,False,False,none
user_1,2024-04-06 00:00:00,CASINO SUPERMARCHE DENIS-LA-FORÊT,45.43,Groceries,False,False,none
user_1,2024-04-08 00:00:00,EDF ELECTRICITE,103.3,Utilities,True,False,none
user_1,2024-04-08 00:00:00,UBER EATS 13,29.89,Restaurants,False,False,none
user_1,2024-04-08 00:00:00,CINEMA UGC SAINTE OLIVIER,87.58,Leisure,False,False,none
user_1,2024-04-09 00:00:00,LIDL,37.95,Groceries,False,False,none
user_1,2024-04-09 00:00:00,DELIVEROO GEORGES,1.57,Restaurants,False,False,none
user_1,2024-04-09 00:00:00,BOULANGERIE PAUL GÉRARD,40.71,Restaurants,False,False,none
user_1,2024-04-09 00:00:00,SNCF INTERNET SAINT ASTRID,27.92,Transport,False,False,none
user_1,2024-04-09 00:00:00,CINEMA UGC GODARDVILLE,45.99,Leisure,False,False,none
user_1,2024-04-10 00:00:00,UBER EATS,76.15,Restaurants,False,False,none
user_1,2024-04-11 00:00:00,LE BISTROT,30.32,Restaurants,False,False,none
user_1,2024-04-12 00:00:00,ORANGE MOBILE,39.87,Utilities,True,False,none
user_1,2024-04-13 00:00:00,AMAZON.FR 16,105.18,Shopping,False,False,none
user_1,2024-04-14 00:00:00,AUCHAN,36.89,Groceries,False,False,none
user_1,2024-04-14 00:00:00,CASINO SUPERMARCHE,67.96,Groceries,False,False,none
user_1,2024-04-15 00:00:00,ASSURANCE MAAF,63.86,Insurance,True,False,none
user_1,2024-04-16 00:00:00,VELIB,1.57,Transport,False,False,none
user_1,2024-04-17 00:00:00,INTERMARCHE MAILLARD,100.45,Groceries,False,False,none
user_1,2024-04-17 00:00:00,MONOPRIX 17,51.27,Groceries,False,False,none
user_1,2024-04-17 00:00:00,DECATHLON,53.71,Leisure,False,False,none
user_1,2024-04-20 00:00:00,CB SNCF INTERNET,94.5,Transport,False,False,none
user_1,2024-04-20 00:00:00,VELIB GOMEZ,27.24,Transport,False,False,none
user_1,2024-04-22 00:00:00,DELIVEROO,52.0,Restaurants,False,False,none
user_1,2024-04-22 00:00:00,CB FNAC,58.07,Leisure,False,False,none
user_1,2024-04-24 00:00:00,CB LE BISTROT,24.58,Restaurants,False,False,none
user_1,2024-04-24 00:00:00,MCDONALDS SAINTE MAURICEVILLE,10.59,Restaurants,False,False,none
user_1,2024-04-24 00:00:00,SUSHI SHOP,34.9,Restaurants,False,False,none
user_1,2024-04-25 00:00:00,CB LABORATOIRE BIO,79.45,Health,False,False,none
user_1,2024-04-26 00:00:00,MONOPRIX ROUX,120.59,Groceries,False,False,none
user_1,2024-04-26 00:00:00,CARREFOUR,107.47,Groceries,False,False,none
user_1,2024-04-27 00:00:00,UBER,93.01,Transport,False,False,none
user_1,2024-04-28 00:00:00,APPLE STORE SAINTE DANIELVILLE,1.97,Shopping,False,False,none
user_1,2024-05-01 00:00:00,AMAZON PRIME,82.47,Leisure,False,False,none
user_1,2024-05-02 00:00:00,STARBUCKS,35.55,Restaurants,False,False,none
user_1,2024-05-03 00:00:00,LOYER APPARTEMENT,1250.99,Housing,True,False,none
user_1,2024-05-05 00:00:00,ABONNEMENT SALLE SPORT,47.37,Leisure,True,False,none
user_1,2024-05-05 00:00:00,H&M BONNEAU,57.11,Shopping,False,False,none
user_1,2024-05-06 00:00:00,CASINO SUPERMARCHE 03,65.24,Groceries,False,False,none
user_1,2024-05-06 00:00:00,LIDL,75.52,Groceries,False,False,none
user_1,2024-05-06 00:00:00,INTERMARCHE BUISSON,150.46,Groceries,False,False,none
user_1,2024-05-06 00:00:00,KFC,1.57,Restaurants,False,False,none
user_1,2024-05-06 00:00:00,STARBUCKS,59.35,Restaurants,False,False,none
user_1,2024-05-07 00:00:00,LECLERC,69.62,Groceries,False,False,none
user_1,2024-05-08 00:00:00,EDF ELECTRICITE,100.4,Utilities,True,False,none
user_1,2024-05-08 00:00:00,BOULANGERIE PAUL VALETTE,28.58,Restaurants,False,False,none
user_1,2024-05-08 00:00:00,VELIB SAINTE ÉDOUARDNEC,13.14,Transport,False,False,none
user_1,2024-05-09 00:00:00,FNAC SAINTE MARGAUD-LA-FORÊT,65.38,Leisure,False,False,none
user_1,2024-05-10 00:00:00,CARREFOUR 18,106.01,Groceries,False,False,none
user_1,2024-05-11 00:00:00,INTERMARCHE 11,91.29,Groceries,False,False,none
user_1,2024-05-11 00:00:00,CB STEAM GAMES,22.83,Leisure,False,False,none
user_1,2024-05-11 00:00:00,STEAM GAMES MARTYDAN,122.11,Leisure,False,False,none
user_1,2024-05-12 00:00:00,ORANGE MOBILE,39.72,Utilities,True,False,none
user_1,2024-05-12 00:00:00,LIDL SAINTE GRÉGOIREVILLE,118.05,Groceries,False,False,none
user_1,2024-05-14 00:00:00,CASINO SUPERMARCHE GRENIERDAN,33.5,Groceries,False,False,none
user_1,2024-05-14 00:00:00,DELIVEROO NGUYEN,49.68,Restaurants,False,False,none
user_1,2024-05-14 00:00:00,TOTAL ENERGIES 06,21.86,Transport,False,False,none
user_1,2024-05-15 00:00:00,ASSURANCE MAAF,61.85,Insurance,True,False,none
user_1,2024-05-15 00:00:00,CASINO SUPERMARCHE DA SILVA-LA-FORÊT,120.19,Groceries,False,False,none
user_1,2024-05-16 00:00:00,CARREFOUR,96.33,Groceries,False,False,none
user_1,2024-05-18 00:00:00,BLABLACAR 17,58.25,Transport,False,False,none
user_1,2024-05-19 00:00:00,BOULANGERIE PAUL,1.97,Restaurants,False,False,none
user_1,2024-05-21 00:00:00,MONOPRIX,108.84,Groceries,False,False,none
user_1,2024-05-22 00:00:00,ESSO STATION 16,29.65,Transport,False,False,none
user_1,2024-05-22 00:00:00,SNCF INTERNET,58.63,Transport,False,False,none
user_1,2024-05-24 00:00:00,DECATHLON WAGNER-SUR-LAUNAY,1.57,Leisure,False,False,none
user_1,2024-05-25 00:00:00,STARBUCKS MAILLARD,1.97,Restaurants,False,False,none
user_1,2024-05-26 00:00:00,CASINO SUPERMARCHE DUPONT,59.71,Groceries,False,False,none
user_1,2024-05-28 00:00:00,INTERMARCHE 02,43.0,Groceries,False,False,none
user_1,2024-06-01 00:00:00,UBER EATS 03,28.7,Restaurants,False,False,none
user_1,2024-06-02 00:00:00,KFC 13,21.93,Restaurants,False,False,none
user_1,2024-06-02 00:00:00,PARKING INDIGO SAINTE JÉRÔMEDAN,19.6,Transport,False,False,none
user_1,2024-06-03 00:00:00,LOYER APPARTEMENT,1227.33,Housing,True,False,none
user_1,2024-06-05 00:00:00,ABONNEMENT SALLE SPORT,47.79,Leisure,True,False,none
user_1,2024-06-06 00:00:00,AUCHAN SAINT MARGUERITE,102.12,Groceries,False,False,none
user_1,2024-06-07 00:00:00,FNAC,78.96,Leisure,False,False,none
user_1,2024-06-07 00:00:00,STEAM GAMES,75.38,Leisure,False,False,none
user_1,2024-06-08 00:00:00,EDF ELECTRICITE,101.17,Utilities,True,False,none
user_1,2024-06-08 00:00:00,STARBUCKS,2.36,Restaurants,False,False,none
user_1,2024-06-09 00:00:00,ESSO STATION 20,80.55,Transport,False,False,none
user_1,2024-06-10 00:00:00,SNCF INTERNET FISCHER,42.7,Transport,False,False,none
user_1,2024-06-12 00:00:00,ORANGE MOBILE,38.71,Utilities,True,False,none
user_1,2024-06-12 00:00:00,CB SUSHI SHOP,59.03,Restaurants,False,False,none
user_1,2024-06-13 00:00:00,UBER EATS SAINT NATHALIE-LES-BAINS,50.19,Restaurants,False,False,none
user_1,2024-06-14 00:00:00,LECLERC 19,53.96,Groceries,False,False,none
user_1,2024-06-15 00:00:00,ASSURANCE MAAF,62.52,Insurance,True,False,none
user_1,2024-06-15 00:00:00,UBER BOURGEOISBOURG,47.11,Transport,False,False,none
user_1,2024-06-16 00:00:00,ESSO STATION,134.14,Transport,False,False,none
user_1,2024-06-18 00:00:00,LIDL,96.57,Groceries,False,False,none
user_1,2024-06-18 00:00:00,FRANPRIX SAINT RENÉEBOEUF,94.99,Groceries,False,False,none
user_1,2024-06-18 00:00:00,UBER,17.23,Transport,False,False,none
user_1,2024-06-18 00:00:00,AMAZON PRIME,96.72,Leisure,False,False,none
user_1,2024-06-19 00:00:00,INTERMARCHE 06,40.22,Groceries,False,False,none
user_1,2024-06-19 00:00:00,AUCHAN POTIER-SUR-NAVARRO,58.96,Groceries,False,False,none
user_1,2024-06-19 00:00:00,CASINO SUPERMARCHE 12,57.88,Groceries,False,False,none
user_1,2024-06-19 00:00:00,IKEA BARBIER,87.3,Shopping,False,False,none
user_1,2024-06-21 00:00:00,CB PHARMACIE,65.27,Health,False,False,none
user_1,2024-06-22 00:00:00,STARBUCKS 09,36.68,Restaurants,False,False,none
user_1,2024-06-23 00:00:00,LECLERC,39.86,Groceries,False,False,none
user_1,2024-06-24 00:00:00,CARREFOUR POTIER,87.82,Groceries,False,False,none
user_1,2024-06-25 00:00:00,NETFLIX.COM,86.19,Leisure,False,False,none
user_1,2024-06-28 00:00:00,CASINO SUPERMARCHE,73.0,Groceries,False,False,none
user_1,2024-06-28 00:00:00,CB UBER EATS,29.89,Restaurants,False,False,none
user_1,2024-07-02 00:00:00,CB DELIVEROO,38.67,Restaurants,False,False,none
user_1,2024-07-03 00:00:00,LOYER APPARTEMENT,1243.12,Housing,True,False,none
user_1,2024-07-03 00:00:00,UBER EATS JOLY,94.94,Restaurants,False,False,none
user_1,2024-07-04 00:00:00,LE BISTROT,63.72,Restaurants,False,False,none
user_1,2024-07-04 00:00:00,LABORATOIRE BIO DUPONT-SUR-LEROY,18.66,Health,False,False,none
user_1,2024-07-05 00:00:00,ABONNEMENT SALLE SPORT,47.87,Leisure,True,False,none
user_1,2024-07-05 00:00:00,VELIB,184.93,Transport,False,False,none
user_1,2024-07-06 00:00:00,AUCHAN,87.85,Groceries,False,False,none
user_1,2024-07-06 00:00:00,TOTAL ENERGIES CLERC,13.01,Transport,False,False,none
user_1,2024-07-08 00:00:00,EDF ELECTRICITE,102.44,Utilities,True,False,none
user_1,2024-07-09 00:00:00,BOULANGERIE PAUL SAINT THIERRYNEC,31.49,Restaurants,False,False,none
user_1,2024-07-09 00:00:00,VELIB LEFÈVREBOURG,120.82,Transport,False,False,none
user_1,2024-07-10 00:00:00,CARREFOUR,59.11,Groceries,False,False,none
user_1,2024-07-11 00:00:00,BOULANGERIE PAUL,80.92,Restaurants,False,False,none
user_1,2024-07-11 00:00:00,RATP NAVIGO RIOU-LES-BAINS,119.37,Transport,False,False,none
user_1,2024-07-11 00:00:00,CINEMA UGC,72.56,Leisure,False,False,none
user_1,2024-07-11 00:00:00,SHEIN GUILLET,86.9,Shopping,False,False,none
user_1,2024-07-12 00:00:00,ORANGE MOBILE,39.52,Utilities,True,False,none
user_1,2024-07-14 00:00:00,IKEA 18,20.88,Shopping,False,False,none
user_1,2024-07-15 00:00:00,ASSURANCE MAAF,63.42,Insurance,True,False,none
user_1,2024-07-16 00:00:00,BLABLACAR,87.07,Transport,False,False,none
user_1,2024-07-16 00:00:00,SPOTIFY,12.99,Leisure,False,False,none
user_1,2024-07-16 00:00:00,DECATHLON,37.25,Leisure,False,False,none
user_1,2024-07-16 00:00:00,CINEMA UGC FOUQUET-SUR-TEXIER,30.47,Leisure,False,False,none
user_1,2024-07-18 00:00:00,RATP NAVIGO BAZINBOEUF,141.64,Transport,False,False,none
user_1,2024-07-18 00:00:00,NETFLIX.COM ALLAIN,1.57,Leisure,False,False,none
user_1,2024-07-20 00:00:00,CINEMA UGC PARIS-LES-BAINS,63.92,Leisure,False,False,none
user_1,2024-07-20 00:00:00,DENTISTE AUBRY-SUR-GILLES,22.75,Health,False,False,none
user_1,2024-07-21 00:00:00,ZALANDO,104.4,Shopping,False,False,none
user_1,2024-07-22 00:00:00,CB FRANPRIX,103.69,Groceries,False,False,none
user_1,2024-07-22 00:00:00,SPOTIFY JACQUETBOURG,92.89,Leisure,False,False,none
user_1,2024-07-22 00:00:00,ZALANDO DELATTRE-SUR-MAURICE,190.32,Shopping,False,False,none
user_1,2024-07-23 00:00:00,UBER EATS MICHELBOEUF,54.74,Restaurants,False,False,none
user_1,2024-07-24 00:00:00,LECLERC,75.37,Groceries,False,False,none
user_1,2024-07-24 00:00:00,VELIB,84.78,Transport,False,False,none
user_1,2024-07-24 00:00:00,CB PARKING INDIGO,143.72,Transport,False,False,none
user_1,2024-07-25 00:00:00,MONOPRIX,53.74,Groceries,False,False,none
user_1,2024-07-26 00:00:00,BOULANGERIE PAUL 18,1.89,Restaurants,False,False,none
user_1,2024-07-26 00:00:00,CB KFC,42.75,Restaurants,False,False,none
user_1,2024-07-26 00:00:00,KFC,86.0,Restaurants,False,False,none
user_1,2024-07-26 00:00:00,VELIB BRETON,100.44,Transport,False,False,none
user_1,2024-08-01 00:00:00,AUCHAN SAINT BRIGITTE,40.29,Groceries,False,False,none
user_1,2024-08-01 00:00:00,CB LECLERC,44.78,Groceries,False,False,none
user_1,2024-08-01 00:00:00,DELIVEROO,29.26,Restaurants,False,False,none
user_1,2024-08-02 00:00:00,SUSHI SHOP,82.91,Restaurants,False,False,none
user_1,2024-08-03 00:00:00,LOYER APPARTEMENT,1250.98,Housing,True,False,none
user_1,2024-08-03 00:00:00,APPLE STORE JEANBOURG,1354.92,Shopping,False,True,wrong_category
user_1,2024-08-03 00:00:00,CB BLABLACAR,88.12,Transport,False,False,none
user_1,2024-08-05 00:00:00,ABONNEMENT SALLE SPORT,46.31,Leisure,True,False,none
user_1,2024-08-05 00:00:00,SNCF INTERNET GODARDDAN,61.96,Transport,False,False,none
user_1,2024-08-06 00:00:00,BOULANGERIE PAUL DIDIER,67.85,Restaurants,False,False,none
user_1,2024-08-07 00:00:00,UBER LECLERCQBOEUF,2.2,Transport,False,False,none
user_1,2024-08-08 00:00:00,EDF ELECTRICITE,103.79,Utilities,True,False,none
user_1,2024-08-09 00:00:00,LIDL BUISSON,75.91,Groceries,False,False,none
user_1,2024-08-09 00:00:00,BOULANGERIE PAUL,74.12,Restaurants,False,False,none
user_1,2024-08-09 00:00:00,VELIB ROUSSEAU,63.29,Transport,False,False,none
user_1,2024-08-10 00:00:00,LIDL,79.96,Groceries,False,False,none
user_1,2024-08-10 00:00:00,INTERMARCHE RIVIÈRE-LA-FORÊT,52.36,Groceries,False,False,none
user_1,2024-08-10 00:00:00,CULTURA,115.29,Leisure,False,False,none
user_1,2024-08-12 00:00:00,ORANGE MOBILE,38.8,Utilities,True,False,none
user_1,2024-08-12 00:00:00,CARREFOUR 05,40.89,Groceries,False,False,none
user_1,2024-08-13 00:00:00,TOTAL ENERGIES,167.46,Transport,False,False,none
user_1,2024-08-13 00:00:00,ZARA DELANNOY,1.57,Shopping,False,False,none
user_1,2024-08-14 00:00:00,BOULANGERIE PAUL,2.27,Restaurants,False,False,none
user_1,2024-08-15 00:00:00,ASSURANCE MAAF,63.73,Insurance,True,False,none
user_1,2024-08-15 00:00:00,CASINO SUPERMARCHE MEUNIER-SUR-BOUVIER,122.4,Groceries,False,False,none
user_1,2024-08-15 00:00:00,RATP NAVIGO 13,123.3,Transport,False,False,none
user_1,2024-08-15 00:00:00,AMAZON PRIME,35.91,Leisure,False,False,none
user_1,2024-08-15 00:00:00,H&M PAULDAN,162.91,Shopping,False,False,none
user_1,2024-08-16 00:00:00,FRANPRIX 15,116.32,Groceries,False,False,none
user_1,2024-08-16 00:00:00,ESSO STATION PETITJEAN,72.4,Transport,False,False,none
user_1,2024-08-17 00:00:00,LE BISTROT 06,44.0,Restaurants,False,False,none
user_1,2024-08-17 00:00:00,PARKING INDIGO,77.68,Transport,False,False,none
user_1,2024-08-17 00:00:00,UBER SAINT AURORE,58.29,Transport,False,False,none
user_1,2024-08-18 00:00:00,NETFLIX.COM SAINTE ALIXBOEUF,83.08,Leisure,False,False,none
user_1,2024-08-18 00:00:00,CB NETFLIX.COM,1.97,Leisure,False,False,none
user_1,2024-08-18 00:00:00,FNAC 05,105.25,Leisure,False,False,none
user_1,2024-08-20 00:00:00,DELIVEROO JACOB,59.8,Restaurants,False,False,none
user_1,2024-08-20 00:00:00,ESSO STATION LEBRETON-LA-FORÊT,16.25,Transport,False,False,none
user_1,2024-08-22 00:00:00,UBER EATS 10,1.89,Restaurants,False,False,none
user_1,2024-08-22 00:00:00,CB BLABLACAR,33.84,Transport,False,False,none
user_1,2024-08-23 00:00:00,CASINO SUPERMARCHE ALEXANDRE,37.52,Groceries,False,False,none
user_1,2024-08-23 00:00:00,PARKING INDIGO,82.72,Transport,False,False,none
user_1,2024-08-23 00:00:00,SNCF INTERNET 13,75.75,Transport,False,False,none
user_1,2024-08-23 00:00:00,SPOTIFY MARÉCHALVILLE,27.79,Leisure,False,False,none
user_1,2024-08-24 00:00:00,FRANPRIX LÉGERDAN,89.31,Groceries,False,False,none
user_1,2024-08-28 00:00:00,MCDONALDS 03,75.54,Restaurants,False,False,none
user_1,2024-09-01 00:00:00,MCDONALDS BECKER-SUR-GILLET,5.38,Restaurants,False,False,none
user_1,2024-09-03 00:00:00,LOYER APPARTEMENT,1223.87,Housing,True,False,none
user_1,2024-09-05 00:00:00,ABONNEMENT SALLE SPORT,46.35,Leisure,True,False,none
user_1,2024-09-05 00:00:00,CB LE BISTROT,22.85,Restaurants,False,False,none
user_1,2024-09-06 00:00:00,CB LECLERC,88.94,Groceries,False,False,none
user_1,2024-09-06 00:00:00,MCDONALDS BOUVIERNEC,51.79,Restaurants,False,False,none
user_1,2024-09-07 00:00:00,LIDL JOLYBOEUF,48.96,Groceries,False,False,none
user_1,2024-09-08 00:00:00,EDF ELECTRICITE,103.99,Utilities,True,False,none
user_1,2024-09-08 00:00:00,AUCHAN,56.65,Groceries,False,False,none
user_1,2024-09-09 00:00:00,KFC,37.0,Restaurants,False,False,none
user_1,2024-09-09 00:00:00,DELIVEROO BOUCHET,53.18,Restaurants,False,False,none
user_1,2024-09-10 00:00:00,CB FRANPRIX,65.64,Groceries,False,False,none
user_1,2024-09-11 00:00:00,AUCHAN SAINTE VINCENT,38.99,Groceries,False,False,none
user_1,2024-09-11 00:00:00,INTERMARCHE,104.33,Groceries,False,False,none
user_1,2024-09-12 00:00:00,ORANGE MOBILE,39.0,Utilities,True,False,none
user_1,2024-09-12 00:00:00,LE BISTROT,55.97,Restaurants,False,False,none
user_1,2024-09-12 00:00:00,CB CULTURA,46.66,Leisure,False,False,none
user_1,2024-09-12 00:00:00,MUTUELLE,23.7,Health,False,False,none
user_1,2024-09-13 00:00:00,CB CULTURA,52.03,Leisure,False,False,none
user_1,2024-09-14 00:00:00,CB MONOPRIX,153.69,Groceries,False,False,none
user_1,2024-09-15 00:00:00,ASSURANCE MAAF,63.38,Insurance,True,False,none
user_1,2024-09-15 00:00:00,FRANPRIX,125.94,Groceries,False,False,none
user_1,2024-09-16 00:00:00,MCDONALDS,22.82,Restaurants,False,False,none
user_1,2024-09-16 00:00:00,CINEMA UGC,40.33,Leisure,False,False,none
user_1,2024-09-17 00:00:00,CB CARREFOUR,73.77,Groceries,False,False,none
user_1,2024-09-18 00:00:00,CARREFOUR 19,56.2,Groceries,False,False,none
user_1,2024-09-18 00:00:00,DENTISTE 13,28.27,Health,False,False,none
user_1,2024-09-19 00:00:00,ESSO STATION 02,145.28,Transport,False,False,none
user_1,2024-09-20 00:00:00,CB RATP NAVIGO,42.62,Transport,False,False,none
user_1,2024-09-21 00:00:00,AUCHAN,69.02,Groceries,False,False,none
user_1,2024-09-22 00:00:00,LIDL,49.99,Groceries,False,False,none
user_1,2024-09-22 00:00:00,CB SUSHI SHOP,1.97,Restaurants,False,False,none
user_1,2024-09-22 00:00:00,SEPHORA LABBÉ,102.76,Shopping,False,False,none
user_1,2024-09-24 00:00:00,LE BISTROT AUBRY-SUR-MER,12.98,Restaurants,False,False,none
user_1,2024-09-24 00:00:00,AMAZON.FR JACQUES,183.4,Shopping,False,False,none
user_1,2024-09-25 00:00:00,AUCHAN CHAUVET-LA-FORÊT,95.02,Groceries,False,False,none
user_1,2024-09-25 00:00:00,UBER EATS DAVID,377.26,Restaurants,False,True,amount_spike
user_1,2024-09-25 00:00:00,PARKING INDIGO,122.88,Transport,False,False,none
user_1,2024-09-25 00:00:00,ZARA,28.34,Shopping,False,False,none
user_1,2024-10-02 00:00:00,ZARA,58.12,Shopping,False,False,none
user_1,2024-10-03 00:00:00,LOYER APPARTEMENT,1210.44,Housing,True,False,none
user_1,2024-10-03 00:00:00,LECLERC,75.25,Groceries,False,False,none
user_1,2024-10-04 00:00:00,DELIVEROO,15.61,Restaurants,False,False,none
user_1,2024-10-05 00:00:00,ABONNEMENT SALLE SPORT,47.54,Leisure,True,False,none
user_1,2024-10-05 00:00:00,BOULANGERIE PAUL SAINTE ANASTASIEBOEUF,25.03,Restaurants,False,False,none
user_1,2024-10-08 00:00:00,EDF ELECTRICITE,102.97,Utilities,True,False,none
user_1,2024-10-08 00:00:00,PARKING INDIGO DELANNOY,47.98,Transport,False,False,none
user_1,2024-10-10 00:00:00,FRANPRIX,31.23,Groceries,False,False,none
user_1,2024-10-10 00:00:00,UBER EATS,20.55,Restaurants,False,False,none
user_1,2024-10-12 00:00:00,ORANGE MOBILE,38.64,Utilities,True,False,none
user_1,2024-10-12 00:00:00,VELIB BÈGUE-LA-FORÊT,68.59,Transport,False,False,none
user_1,2024-10-14 00:00:00,AMAZON.FR MARTEL-SUR-MER,1.57,Shopping,False,False,none
user_1,2024-10-15 00:00:00,ASSURANCE MAAF,63.15,Insurance,True,False,none
user_1,2024-10-16 00:00:00,LECLERC,106.69,Groceries,False,False,none
user_1,2024-10-17 00:00:00,LIDL,118.91,Groceries,False,False,none
user_1,2024-10-17 00:00:00,DECATHLON THOMAS,20.64,Leisure,False,False,none
user_1,2024-10-18 00:00:00,PARKING INDIGO DUPUY-LA-FORÊT,1.57,Transport,False,False,none
user_1,2024-10-18 00:00:00,APPLE STORE,33.06,Shopping,False,False,none
user_1,2024-10-19 00:00:00,CARREFOUR LOPES,1.57,Groceries,False,False,none
user_1,2024-10-19 00:00:00,CASINO SUPERMARCHE VAILLANT,80.34,Groceries,False,False,none
user_1,2024-10-20 00:00:00,CARREFOUR,11.17,Groceries,False,False,none
user_1,2024-10-20 00:00:00,BLABLACAR,121.45,Transport,False,False,none
user_1,2024-10-21 00:00:00,CASINO SUPERMARCHE,88.8,Groceries,False,False,none
user_1,2024-10-21 00:00:00,AUCHAN BLOT,98.92,Groceries,False,False,none
user_1,2024-10-21 00:00:00,ESSO STATION SAINT LUCIE,119.21,Transport,False,False,none
user_1,2024-10-23 00:00:00,AUCHAN,49.48,Groceries,False,False,none
user_1,2024-10-24 00:00:00,CB LIDL,53.89,Groceries,False,False,none
user_1,2024-10-24 00:00:00,UBER TRAORE-SUR-COSTE,123.68,Transport,False,False,none
user_1,2024-10-25 00:00:00,OPTIC 2000,1.57,Health,False,False,none
user_1,2024-10-26 00:00:00,MCDONALDS,70.21,Restaurants,False,False,none
user_1,2024-10-27 00:00:00,SPOTIFY SAINTE VINCENTDAN,1.97,Leisure,False,False,none
user_1,2024-10-28 00:00:00,LIDL PIRES,83.27,Groceries,False,False,none
user_1,2024-11-01 00:00:00,CULTURA,48.86,Leisure,False,False,none
user_1,2024-11-02 00:00:00,BOULANGERIE PAUL,97.39,Restaurants,False,False,none
user_1,2024-11-02 00:00:00,SHEIN,209.37,Shopping,False,False,none
user_1,2024-11-03 00:00:00,LOYER APPARTEMENT,1231.5,Housing,True,False,none
user_1,2024-11-03 00:00:00,BOULANGERIE PAUL DUBOIS-SUR-BERTIN,35.96,Restaurants,False,False,none
user_1,2024-11-03 00:00:00,SUSHI SHOP,35.82,Restaurants,False,False,none
user_1,2024-11-04 00:00:00,INTERMARCHE 16,87.51,Groceries,False,False,none
user_1,2024-11-04 00:00:00,FRANPRIX BIGOT-LA-FORÊT,134.71,Groceries,False,False,none
user_1,2024-11-04 00:00:00,UBER EATS LAUNAYBOEUF,33.31,Restaurants,False,False,none
user_1,2024-11-05 00:00:00,ABONNEMENT SALLE SPORT,46.8,Leisure,True,False,none
user_1,2024-11-05 00:00:00,STARBUCKS COHEN,52.66,Restaurants,False,False,none
user_1,2024-11-07 00:00:00,CARREFOUR,94.54,Groceries,False,False,none
user_1,2024-11-07 00:00:00,CASINO SUPERMARCHE,74.54,Groceries,False,False,none
user_1,2024-11-07 00:00:00,SUSHI SHOP,48.72,Restaurants,False,False,none
user_1,2024-11-07 00:00:00,SEPHORA,62.34,Shopping,False,False,none
user_1,2024-11-08 00:00:00,EDF ELECTRICITE,151.0,Utilities,True,False,none
user_1,2024-11-09 00:00:00,DELIVEROO SAINT GUILLAUMEDAN,29.9,Restaurants,False,False,none
user_1,2024-11-09 00:00:00,MCDONALDS,77.65,Restaurants,False,False,none
user_1,2024-11-09 00:00:00,TOTAL ENERGIES,47.72,Transport,False,False,none
user_1,2024-11-10 00:00:00,FRANPRIX,3.83,Groceries,False,False,none
user_1,2024-11-11 00:00:00,CARREFOUR CLERCDAN,71.68,Groceries,False,False,none
user_1,2024-11-11 00:00:00,LIDL,115.15,Groceries,False,False,none
user_1,2024-11-11 00:00:00,PARKING INDIGO,106.24,Transport,False,False,none
user_1,2024-11-12 00:00:00,ORANGE MOBILE,58.0,Utilities,True,False,none
user_1,2024-11-12 00:00:00,LIDL MOREL,76.59,Groceries,False,False,none
user_1,2024-11-13 00:00:00,FRANPRIX IMBERT,84.09,Groceries,False,False,none
user_1,2024-11-13 00:00:00,LIDL DA SILVA,60.47,Groceries,False,False,none
user_1,2024-11-13 00:00:00,SUSHI SHOP COLLET,39.25,Restaurants,False,False,none
user_1,2024-11-14 00:00:00,TOTAL ENERGIES SAINTE THIBAULT-LES-BAINS,88.77,Transport,False,False,none
user_1,2024-11-14 00:00:00,AMAZON PRIME MARTEL,13.25,Leisure,False,False,none
user_1,2024-11-15 00:00:00,ASSURANCE MAAF,63.56,Insurance,True,False,none
user_1,2024-11-15 00:00:00,APPLE STORE,418.42,Shopping,False,False,none
user_1,2024-11-16 00:00:00,ZARA,131.98,Shopping,False,False,none
user_1,2024-11-17 00:00:00,FRANPRIX,69.83,Groceries,False,False,none
user_1,2024-11-17 00:00:00,AMAZON PRIME 08,109.56,Leisure,False,False,none
user_1,2024-11-18 00:00:00,AUCHAN,80.37,Groceries,False,False,none
user_1,2024-11-19 00:00:00,DELIVEROO,1.57,Restaurants,False,False,none
user_1,2024-11-20 00:00:00,FNAC,15.15,Leisure,False,False,none
user_1,2024-11-20 00:00:00,ZARA,271.92,Shopping,False,False,none
user_1,2024-11-22 00:00:00,AMAZON PRIME BESSON-SUR-LEGROS,51.0,Leisure,False,False,none
user_1,2024-11-23 00:00:00,PARKING INDIGO 17,1.57,Transport,False,False,none
user_1,2024-11-23 00:00:00,LABORATOIRE BIO,102.06,Health,False,False,none
user_1,2024-11-24 00:00:00,LECLERC MARION-SUR-GAUTIER,30.86,Groceries,False,False,none
user_1,2024-11-24 00:00:00,CB UBER EATS,49.37,Restaurants,False,False,none
user_1,2024-11-25 00:00:00,FRANPRIX SAINT ÉLISABETHVILLE,107.58,Groceries,False,False,none
user_1,2024-11-26 00:00:00,CARREFOUR SAINTE ISAACDAN,103.14,Groceries,False,False,none
user_1,2024-11-26 00:00:00,LE BISTROT ROBERT,7.96,Restaurants,False,False,none
user_1,2024-11-26 00:00:00,SNCF INTERNET,17.22,Transport,False,False,none
user_1,2024-11-27 00:00:00,PARKING INDIGO,1.57,Transport,False,False,none
user_1,2024-11-28 00:00:00,FNAC,60.85,Leisure,False,False,none
user_1,2024-12-01 00:00:00,AMAZON.FR SAINT THÉOPHILE,250.45,Shopping,False,False,none
user_1,2024-12-02 00:00:00,CARREFOUR 19,54.36,Groceries,False,False,none
user_1,2024-12-02 00:00:00,SUSHI SHOP 19,51.31,Restaurants,False,False,none
user_1,2024-12-03 00:00:00,LOYER APPARTEMENT,1211.03,Housing,True,False,none
user_1,2024-12-03 00:00:00,INTERMARCHE 07,49.87,Groceries,False,False,none
user_1,2024-12-05 00:00:00,ABONNEMENT SALLE SPORT,47.46,Leisure,True,False,none
user_1,2024-12-05 00:00:00,CB LECLERC,43.82,Groceries,False,False,none
user_1,2024-12-05 00:00:00,FRANPRIX 17,89.4,Groceries,False,False,none
user_1,2024-12-05 00:00:00,AMAZON PRIME,62.65,Leisure,False,False,none
user_1,2024-12-07 00:00:00,CARREFOUR,46.12,Groceries,False,False,none
user_1,2024-12-07 00:00:00,ESSO STATION,1.57,Transport,False,False,none
user_1,2024-12-07 00:00:00,CB BLABLACAR,54.49,Transport,False,False,none
user_1,2024-12-07 00:00:00,NETFLIX.COM ARNAUD-LES-BAINS,32.28,Leisure,False,False,none
user_1,2024-12-07 00:00:00,ZARA CARLIER-LES-BAINS,135.75,Shopping,False,False,none
user_1,2024-12-07 00:00:00,H&M 18,268.85,Shopping,False,False,none
user_1,2024-12-08 00:00:00,EDF ELECTRICITE,156.43,Utilities,True,False,none
user_1,2024-12-08 00:00:00,ESSO STATION BONNIN,68.67,Transport,False,False,none
user_1,2024-12-09 00:00:00,CB MONOPRIX,103.77,Groceries,False,False,none
user_1,2024-12-09 00:00:00,CASINO SUPERMARCHE 02,50.14,Groceries,False,False,none
user_1,2024-12-10 00:00:00,CARREFOUR,16.51,Groceries,False,False,none
user_1,2024-12-10 00:00:00,SHEIN LEMAIRE,50.49,Shopping,False,False,none
user_1,2024-12-11 00:00:00,ZARA,59.35,Shopping,False,False,none
user_1,2024-12-12 00:00:00,ORANGE MOBILE,57.96,Utilities,True,False,none
user_1,2024-12-12 00:00:00,CB LIDL,35.91,Groceries,False,False,none
user_1,2024-12-15 00:00:00,ASSURANCE MAAF,63.75,Insurance,True,False,none
user_1,2024-12-16 00:00:00,CARREFOUR 17,35.12,Groceries,False,False,none
user_1,2024-12-16 00:00:00,RATP NAVIGO SAINT CHARLOTTE,69.09,Transport,False,False,none
user_1,2024-12-16 00:00:00,DENTISTE 18,49.69,Health,False,False,none
user_1,2024-12-18 00:00:00,NETFLIX.COM 13,52.88,Leisure,False,False,none
user_1,2024-12-22 00:00:00,CASINO SUPERMARCHE BODIN-SUR-MER,94.06,Groceries,False,False,none
user_1,2024-12-22 00:00:00,CB CASINO SUPERMARCHE,42.31,Groceries,False,False,none
user_1,2024-12-22 00:00:00,DELIVEROO MAILLET-LA-FORÊT,7.65,Restaurants,False,False,none
user_1,2024-12-24 00:00:00,UBER EATS,39.79,Restaurants,False,False,none
user_1,2024-12-24 00:00:00,AMAZON PRIME 13,16.63,Leisure,False,False,none
user_1,2024-12-27 00:00:00,LIDL DIJOUX,101.29,Groceries,False,False,none
user_1,2024-12-28 00:00:00,MCDONALDS 01,87.75,Restaurants,False,False,none
user_1,2024-12-28 00:00:00,NETFLIX.COM,109.82,Leisure,False,False,none
user_1,2024-12-28 00:00:00,STEAM GAMES,46.87,Leisure,False,False,none
user_1,2025-01-01 00:00:00,LE BISTROT,4.61,Restaurants,False,False,none
user_1,2025-01-01 00:00:00,UBER,87.35,Transport,False,False,none
user_1,2025-01-01 00:00:00,BLABLACAR,74.89,Transport,False,False,none
user_1,2025-01-02 00:00:00,UBER EATS SAINT JEANNINEVILLE,16.51,Restaurants,False,False,none
user_1,2025-01-02 00:00:00,SNCF INTERNET,87.19,Transport,False,False,none
user_1,2025-01-03 00:00:00,LOYER APPARTEMENT,1218.35,Housing,True,False,none
user_1,2025-01-03 00:00:00,CARREFOUR,48.39,Groceries,False,False,none
user_1,2025-01-03 00:00:00,ZARA WEISS,104.9,Shopping,False,False,none
user_1,2025-01-04 00:00:00,CASINO SUPERMARCHE MEYER,97.95,Groceries,False,False,none
user_1,2025-01-04 00:00:00,CB CULTURA,15.49,Leisure,False,False,none
user_1,2025-01-04 00:00:00,MUTUELLE,32.18,Health,False,False,none
user_1,2025-01-05 00:00:00,ABONNEMENT SALLE SPORT,46.82,Leisure,True,False,none
user_1,2025-01-05 00:00:00,RATP NAVIGO CHARPENTIER-SUR-MER,48.82,Transport,False,False,none
user_1,2025-01-06 00:00:00,ZALANDO 16,165.36,Shopping,False,False,none
user_1,2025-01-07 00:00:00,TOTAL ENERGIES PELTIER,103.32,Transport,False,False,none
user_1,2025-01-08 00:00:00,EDF ELECTRICITE,155.83,Utilities,True,False,none
user_1,2025-01-09 00:00:00,MONOPRIX 13,101.52,Groceries,False,False,none
user_1,2025-01-10 00:00:00,UBER EATS SAINTE BRIGITTE,57.92,Restaurants,False,False,none
user_1,2025-01-10 00:00:00,ZARA,120.87,Shopping,False,False,none
user_1,2025-01-12 00:00:00,ORANGE MOBILE,59.14,Utilities,True,False,none
user_1,2025-01-12 00:00:00,MONOPRIX SAINT SUZANNENEC,90.52,Groceries,False,False,none
user_1,2025-01-13 00:00:00,UBER LELEU-SUR-MAILLET,1.57,Transport,False,False,none
user_1,2025-01-13 00:00:00,FNAC 09,65.35,Leisure,False,False,none
user_1,2025-01-15 00:00:00,ASSURANCE MAAF,63.98,Insurance,True,False,none
user_1,2025-01-18 00:00:00,CASINO SUPERMARCHE,95.23,Groceries,False,False,none
user_1,2025-01-18 00:00:00,BLABLACAR FAIVRE,66.06,Transport,False,False,none
user_1,2025-01-19 00:00:00,CARREFOUR,39.74,Groceries,False,False,none
user_1,2025-01-21 00:00:00,ESSO STATION,135.06,Transport,False,False,none
user_1,2025-01-26 00:00:00,NETFLIX.COM GUYON-SUR-ROGER,35.64,Leisure,False,False,none
user_1,2025-01-28 00:00:00,BOULANGERIE PAUL 02,8.61,Restaurants,False,False,none
user_1,2025-02-01 00:00:00,MONOPRIX MARION-SUR-FOURNIER,4.41,Groceries,False,False,none
user_1,2025-02-01 00:00:00,UBER EATS SAINT LAURENT,41.59,Restaurants,False,False,none
user_1,2025-02-02 00:00:00,PARKING INDIGO LEMAÎTRE,20.69,Transport,False,False,none
user_1,2025-02-02 00:00:00,CB MUTUELLE,91.97,Health,False,False,none
user_1,2025-02-03 00:00:00,LOYER APPARTEMENT,1237.28,Housing,True,False,none
user_1,2025-02-03 00:00:00,LIDL FAIVRE,122.53,Groceries,False,False,none
user_1,2025-02-03 00:00:00,BLABLACAR,53.71,Transport,False,False,none
user_1,2025-02-04 00:00:00,INTERMARCHE ADAM,60.53,Groceries,False,False,none
user_1,2025-02-04 00:00:00,CB BOULANGERIE PAUL,45.97,Restaurants,False,False,none
user_1,2025-02-05 00:00:00,ABONNEMENT SALLE SPORT,47.02,Leisure,True,False,none
user_1,2025-02-06 00:00:00,CB MONOPRIX,60.18,Groceries,False,False,none
user_1,2025-02-06 00:00:00,CARREFOUR,69.57,Groceries,False,False,none
user_1,2025-02-07 00:00:00,BLABLACAR,91.85,Transport,False,False,none
user_1,2025-02-08 00:00:00,EDF ELECTRICITE,155.23,Utilities,True,False,none
user_1,2025-02-09 00:00:00,MONOPRIX,58.22,Groceries,False,False,none
user_1,2025-02-09 00:00:00,KFC 08,70.13,Restaurants,False,False,none
user_1,2025-02-10 00:00:00,AUCHAN SAINTE CAMILLEBOEUF,58.93,Groceries,False,False,none
user_1,2025-02-11 00:00:00,CB LE BISTROT,46.81,Restaurants,False,False,none
user_1,2025-02-12 00:00:00,ORANGE MOBILE,59.24,Utilities,True,False,none
user_1,2025-02-13 00:00:00,APPLE STORE,836.35,Shopping,False,True,wrong_category
user_1,2025-02-13 00:00:00,ESSO STATION,70.21,Transport,False,False,none
user_1,2025-02-14 00:00:00,MONOPRIX LEJEUNE-LES-BAINS,81.55,Groceries,False,False,none
user_1,2025-02-14 00:00:00,FNAC,6.71,Leisure,False,False,none
user_1,2025-02-14 00:00:00,LABORATOIRE BIO 05,44.09,Health,False,False,none
user_1,2025-02-15 00:00:00,ASSURANCE MAAF,63.8,Insurance,True,False,none
user_1,2025-02-15 00:00:00,CARREFOUR ROUX,35.18,Groceries,False,False,none
user_1,2025-02-15 00:00:00,MCDONALDS 11,60.34,Restaurants,False,False,none
user_1,2025-02-16 00:00:00,CASINO SUPERMARCHE RIBEIRO,36.43,Groceries,False,False,none
user_1,2025-02-16 00:00:00,STARBUCKS 18,31.04,Restaurants,False,False,none
user_1,2025-02-16 00:00:00,STEAM GAMES LENOIR,44.38,Leisure,False,False,none
user_1,2025-02-17 00:00:00,LIDL,101.19,Groceries,False,False,none
user_1,2025-02-19 00:00:00,KFC BERGER-SUR-MER,80.02,Restaurants,False,False,none
user_1,2025-02-19 00:00:00,SUSHI SHOP,50.12,Restaurants,False,False,none
user_1,2025-02-19 00:00:00,ZARA GILLET,91.12,Shopping,False,False,none
user_1,2025-02-20 00:00:00,CB SEPHORA,144.98,Shopping,False,False,none
user_1,2025-02-21 00:00:00,LECLERC BOYERNEC,83.23,Groceries,False,False,none
user_1,2025-02-21 00:00:00,LE BISTROT,37.95,Restaurants,False,False,none
user_1,2025-02-23 00:00:00,AMAZON PRIME SAINT NICOLE,57.49,Leisure,False,True,frequency_burst
user_1,2025-02-23 02:00:00,AMAZON PRIME SAINT NICOLE,57.49,Leisure,False,True,frequency_burst
user_1,2025-02-23 03:00:00,AMAZON PRIME SAINT NICOLE,57.49,Leisure,False,True,frequency_burst
user_1,2025-02-23 03:00:00,AMAZON PRIME SAINT NICOLE,57.49,Leisure,False,True,frequency_burst
user_1,2025-02-23 06:00:00,AMAZON PRIME SAINT NICOLE,57.49,Leisure,False,True,frequency_burst
user_1,2025-02-23 06:00:00,AMAZON PRIME SAINT NICOLE,57.49,Leisure,False,True,frequency_burst
user_1,2025-02-23 08:00:00,AMAZON PRIME SAINT NICOLE,57.49,Leisure,False,True,frequency_burst
user_1,2025-02-24 00:00:00,SNCF INTERNET BLANCHET,1.57,Transport,False,False,none
user_1,2025-02-24 00:00:00,SNCF INTERNET 16,82.99,Transport,False,False,none
user_1,2025-02-26 00:00:00,INTERMARCHE,121.51,Groceries,False,False,none
user_1,2025-02-27 00:00:00,AUCHAN RAMOS-SUR-LECONTE,94.98,Groceries,False,False,none
user_1,2025-03-01 00:00:00,CARREFOUR,90.46,Groceries,False,False,none
user_1,2025-03-01 00:00:00,ESSO STATION,157.89,Transport,False,False,none
user_1,2025-03-01 00:00:00,CB SPOTIFY,139.03,Leisure,False,False,none
user_1,2025-03-03 00:00:00,LOYER APPARTEMENT,1230.15,Housing,True,False,none
user_1,2025-03-03 00:00:00,BOULANGERIE PAUL PETIT,1.57,Restaurants,False,False,none
user_1,2025-03-05 00:00:00,ABONNEMENT SALLE SPORT,46.39,Leisure,True,False,none
user_1,2025-03-05 00:00:00,MONOPRIX,80.33,Groceries,False,False,none
user_1,2025-03-06 00:00:00,CASINO SUPERMARCHE 08,77.9,Groceries,False,False,none
user_1,2025-03-07 00:00:00,PARKING INDIGO,33.79,Transport,False,False,none
user_1,2025-03-07 00:00:00,DOCTOLIB DUPONT-SUR-MER,44.31,Health,False,False,none
user_1,2025-03-07 00:00:00,APPLE STORE DURAND,187.13,Shopping,False,False,none
user_1,2025-03-08 00:00:00,EDF ELECTRICITE,102.49,Utilities,True,False,none
user_1,2025-03-09 00:00:00,DECATHLON,118.3,Leisure,False,False,none
user_1,2025-03-11 00:00:00,DELIVEROO BESSONVILLE,10.96,Restaurants,False,False,none
user_1,2025-03-12 00:00:00,ORANGE MOBILE,40.09,Utilities,True,False,none
user_1,2025-03-12 00:00:00,VELIB,52.57,Transport,False,False,none
user_1,2025-03-13 00:00:00,MONOPRIX BÈGUEBOEUF,69.03,Groceries,False,False,none
user_1,2025-03-13 00:00:00,VELIB DA COSTA,62.17,Transport,False,False,none
user_1,2025-03-13 00:00:00,UBER,121.02,Transport,False,False,none
user_1,2025-03-14 00:00:00,LE BISTROT,14.7,Restaurants,False,False,none
user_1,2025-03-15 00:00:00,ASSURANCE MAAF,62.29,Insurance,True,False,none
user_1,2025-03-15 00:00:00,LE BISTROT,59.33,Restaurants,False,False,none
user_1,2025-03-15 00:00:00,ESSO STATION MACE-LA-FORÊT,52.29,Transport,False,False,none
user_1,2025-03-17 00:00:00,INTERMARCHE RAMOSDAN,77.57,Groceries,False,False,none
user_1,2025-03-17 00:00:00,CB VELIB,3.7,Transport,False,False,none
user_1,2025-03-17 00:00:00,BLABLACAR JACQUES-SUR-MER,1.57,Transport,False,False,none
user_1,2025-03-17 00:00:00,CINEMA UGC SAINT ÉRICNEC,46.26,Leisure,False,False,none
user_1,2025-03-18 00:00:00,LECLERC,40.43,Groceries,False,False,none
user_1,2025-03-18 00:00:00,TOTAL ENERGIES 16,1.57,Transport,False,False,none
user_1,2025-03-18 00:00:00,BLABLACAR SAINT OLIVIER-SUR-MER,89.05,Transport,False,False,none
user_1,2025-03-19 00:00:00,SHEIN OLLIVIER-SUR-DUPUY,121.32,Shopping,False,False,none
user_1,2025-03-20 00:00:00,CB LECLERC,62.76,Groceries,False,False,none
user_1,2025-03-21 00:00:00,VELIB ROCHERNEC,51.72,Transport,False,False,none
user_1,2025-03-22 00:00:00,LIDL 12,86.07,Groceries,False,False,none
user_1,2025-03-23 00:00:00,INTERMARCHE SAINT THÉRÈSE,70.53,Groceries,False,False,none
user_1,2025-03-23 00:00:00,KFC,21.36,Restaurants,False,False,none
user_1,2025-03-25 00:00:00,MONOPRIX CAMUS-LES-BAINS,71.74,Groceries,False,False,none
user_1,2025-03-27 00:00:00,LECLERC,24.31,Groceries,False,False,none
user_1,2025-03-27 00:00:00,SPOTIFY 01,29.47,Leisure,False,False,none
user_1,2025-03-28 00:00:00,SNCF INTERNET COURTOISNEC,1.57,Transport,False,False,none
user_1,2025-03-28 00:00:00,ESSO STATION,47.51,Transport,False,False,none
user_1,2025-03-28 00:00:00,CINEMA UGC 18,82.33,Leisure,False,False,none
user_1,2025-03-28 00:00:00,CINEMA UGC,25.42,Leisure,False,False,none
user_1,2025-03-28 00:00:00,NETFLIX.COM IMBERTBOEUF,1.57,Leisure,False,False,none
user_1,2025-03-28 00:00:00,SEPHORA SAINTE ÉMILIEVILLE,182.98,Shopping,False,False,none
user_1,2025-04-01 00:00:00,KFC,68.99,Restaurants,False,False,none
user_1,2025-04-02 00:00:00,CB LECLERC,89.5,Groceries,False,False,none
user_1,2025-04-03 00:00:00,LOYER APPARTEMENT,1229.69,Housing,True,False,none
user_1,2025-04-03 00:00:00,CB CASINO SUPERMARCHE,98.78,Groceries,False,False,none
user_1,2025-04-04 00:00:00,LECLERC LAGARDE,69.48,Groceries,False,False,none
user_1,2025-04-05 00:00:00,ABONNEMENT SALLE SPORT,47.76,Leisure,True,False,none
user_1,2025-04-06 00:00:00,LECLERC GUILLOT-SUR-DUHAMEL,63.33,Groceries,False,False,none
user_1,2025-04-06 00:00:00,SNCF INTERNET,88.45,Transport,False,False,none
user_1,2025-04-07 00:00:00,MONOPRIX,40.74,Groceries,False,False,none
user_1,2025-04-07 00:00:00,LE BISTROT VALENTIN-SUR-CHAUVIN,44.44,Restaurants,False,False,none
user_1,2025-04-07 00:00:00,CB UBER EATS,14.34,Restaurants,False,False,none
user_1,2025-04-07 00:00:00,CB CINEMA UGC,91.86,Leisure,False,False,none
user_1,2025-04-07 00:00:00,AMAZON.FR,110.57,Shopping,False,False,none
user_1,2025-04-08 00:00:00,EDF ELECTRICITE,101.62,Utilities,True,False,none
user_1,2025-04-08 00:00:00,MONOPRIX 18,78.39,Groceries,False,False,none
user_1,2025-04-08 00:00:00,UBER EATS,34.89,Restaurants,False,False,none
user_1,2025-04-08 00:00:00,UBER EATS 06,43.08,Restaurants,False,False,none
user_1,2025-04-08 00:00:00,VELIB 09,37.26,Transport,False,False,none
user_1,2025-04-09 00:00:00,CASINO SUPERMARCHE,112.01,Groceries,False,False,none
user_1,2025-04-11 00:00:00,AMAZON.FR CHEVALLIERBOURG,132.19,Shopping,False,False,none
user_1,2025-04-12 00:00:00,ORANGE MOBILE,39.36,Utilities,True,False,none
user_1,2025-04-12 00:00:00,DELIVEROO,1.97,Restaurants,False,False,none
user_1,2025-04-14 00:00:00,KFC GRONDINBOURG,42.47,Restaurants,False,False,none
user_1,2025-04-14 00:00:00,ESSO STATION,1.57,Transport,False,False,none
user_1,2025-04-14 00:00:00,SEPHORA,126.0,Shopping,False,False,none
user_1,2025-04-15 00:00:00,ASSURANCE MAAF,62.4,Insurance,True,False,none
user_1,2025-04-15 00:00:00,FRANPRIX,71.37,Groceries,False,False,none
user_1,2025-04-15 00:00:00,ESSO STATION,69.55,Transport,False,False,none
user_1,2025-04-16 00:00:00,LECLERC 03,79.15,Groceries,False,False,none
user_1,2025-04-16 00:00:00,VELIB SAINT AIMÉ-LA-FORÊT,1.57,Transport,False,False,none
user_1,2025-04-17 00:00:00,STARBUCKS COLLET-SUR-HOARAU,63.4,Restaurants,False,False,none
user_1,2025-04-18 00:00:00,AUCHAN,112.39,Groceries,False,False,none
user_1,2025-04-19 00:00:00,UBER SAINT AUROREDAN,63.31,Transport,False,False,none
user_1,2025-04-19 00:00:00,CB DECATHLON,1.97,Leisure,False,False,none
user_1,2025-04-21 00:00:00,FRANPRIX,104.75,Groceries,False,False,none
user_1,2025-04-22 00:00:00,MCDONALDS 12,27.73,Restaurants,False,False,none
user_1,2025-04-22 00:00:00,PARKING INDIGO,63.11,Transport,False,False,none
user_1,2025-04-22 00:00:00,CB DOCTOLIB,92.11,Health,False,False,none
user_1,2025-04-23 00:00:00,LECLERC,104.82,Groceries,False,False,none
user_1,2025-04-26 00:00:00,BLABLACAR GILLET,21.67,Transport,False,False,none
user_1,2025-04-26 00:00:00,DOCTOLIB SAINTE FRANÇOISEBOURG,95.22,Health,False,False,none
user_1,2025-04-28 00:00:00,UBER EATS LEBRETON,18.59,Restaurants,False,False,none
user_1,2025-05-01 00:00:00,LIDL HERNANDEZ,52.82,Groceries,False,False,none
user_1,2025-05-01 00:00:00,CB SPOTIFY,62.13,Leisure,False,False,none
user_1,2025-05-01 00:00:00,NETFLIX.COM,37.87,Leisure,False,False,none
user_1,2025-05-02 00:00:00,MONOPRIX,53.58,Groceries,False,False,none
user_1,2025-05-03 00:00:00,LOYER APPARTEMENT,1212.91,Housing,True,False,none
user_1,2025-05-03 00:00:00,VELIB,21.73,Transport,False,False,none
user_1,2025-05-03 00:00:00,STEAM GAMES DESCAMPS,48.92,Leisure,False,False,none
user_1,2025-05-03 00:00:00,DOCTOLIB BERTRAND-SUR-THIBAULT,91.36,Health,False,False,none
user_1,2025-05-04 00:00:00,BLABLACAR 19,47.36,Transport,False,False,none
user_1,2025-05-04 00:00:00,PHARMACIE,18.16,Health,False,False,none
user_1,2025-05-05 00:00:00,ABONNEMENT SALLE SPORT,46.93,Leisure,True,False,none
user_1,2025-05-05 00:00:00,VELIB 10,3.91,Transport,False,False,none
user_1,2025-05-05 00:00:00,ZALANDO 01,287.95,Shopping,False,False,none
user_1,2025-05-06 00:00:00,PARKING INDIGO MARION,1.57,Transport,False,False,none
user_1,2025-05-06 00:00:00,CULTURA,42.3,Leisure,False,False,none
user_1,2025-05-07 00:00:00,INTERMARCHE 20,116.98,Groceries,False,False,none
user_1,2025-05-07 00:00:00,RATP NAVIGO GUILLOT,1.57,Transport,False,False,none
user_1,2025-05-08 00:00:00,EDF ELECTRICITE,100.74,Utilities,True,False,none
user_1,2025-05-08 00:00:00,UBER MAILLETDAN,67.91,Transport,False,False,none
user_1,2025-05-08 00:00:00,CULTURA,19.85,Leisure,False,False,none
user_1,2025-05-08 00:00:00,PHARMACIE,76.55,Health,False,False,none
user_1,2025-05-09 00:00:00,RATP NAVIGO 13,71.22,Transport,False,False,none
user_1,2025-05-10 00:00:00,AUCHAN,96.16,Groceries,False,False,none
user_1,2025-05-10 00:00:00,STEAM GAMES 02,9.11,Leisure,False,False,none
user_1,2025-05-11 00:00:00,CASINO SUPERMARCHE SAINTE PHILIPPE-SUR-MER,116.67,Groceries,False,False,none
user_1,2025-05-11 00:00:00,UBER,52.58,Transport,False,False,none
user_1,2025-05-12 00:00:00,ORANGE MOBILE,39.14,Utilities,True,False,none
user_1,2025-05-12 00:00:00,SUSHI SHOP GILLET-SUR-BOULANGER,60.85,Restaurants,False,False,none
user_1,2025-05-13 00:00:00,RATP NAVIGO BRUNEAU-SUR-MER,60.88,Transport,False,False,none
user_1,2025-05-14 00:00:00,BLABLACAR,57.29,Transport,False,False,none
user_1,2025-05-14 00:00:00,UBER AUGER,124.81,Transport,False,False,none
user_1,2025-05-14 00:00:00,AMAZON PRIME VOISIN-SUR-GUILLON,68.91,Leisure,False,False,none
user_1,2025-05-15 00:00:00,ASSURANCE MAAF,63.12,Insurance,True,False,none
user_1,2025-05-16 00:00:00,MCDONALDS 14,42.28,Restaurants,False,False,none
user_1,2025-05-17 00:00:00,RATP NAVIGO,59.57,Transport,False,False,none
user_1,2025-05-18 00:00:00,APPLE STORE GROS,114.44,Shopping,False,False,none
user_1,2025-05-19 00:00:00,DELIVEROO,41.84,Restaurants,False,False,none
user_1,2025-05-19 00:00:00,ESSO STATION,31.74,Transport,False,False,none
user_1,2025-05-19 00:00:00,NETFLIX.COM,88.45,Leisure,False,False,none
user_1,2025-05-21 00:00:00,AUCHAN ANDRE,114.72,Groceries,False,False,none
user_1,2025-05-21 00:00:00,PARKING INDIGO SCHMITT,49.23,Transport,False,False,none
user_1,2025-05-21 00:00:00,ESSO STATION 07,1.57,Transport,False,False,none
user_1,2025-05-21 00:00:00,SHEIN 11,106.49,Shopping,False,False,none
user_1,2025-05-22 00:00:00,CB CASINO SUPERMARCHE,113.18,Groceries,False,False,none
user_1,2025-05-22 00:00:00,CARREFOUR DE OLIVEIRA,146.87,Groceries,False,False,none
user_1,2025-05-23 00:00:00,INTERMARCHE SAINT THIBAUTVILLE,69.57,Groceries,False,False,none
user_1,2025-05-23 00:00:00,LE BISTROT,15.15,Restaurants,False,False,none
user_1,2025-05-23 00:00:00,TOTAL ENERGIES,75.48,Transport,False,False,none
user_1,2025-05-23 00:00:00,ESSO STATION CARLIER,122.53,Transport,False,False,none
user_1,2025-05-23 00:00:00,DECATHLON 17,1.57,Leisure,False,False,none
user_1,2025-05-25 00:00:00,CARREFOUR ROYNEC,149.22,Groceries,False,False,none
user_1,2025-05-25 00:00:00,PARKING INDIGO ARNAUDVILLE,63.02,Transport,False,False,none
user_1,2025-05-25 00:00:00,IKEA,128.37,Shopping,False,False,none
user_1,2025-05-26 00:00:00,INTERMARCHE,84.89,Groceries,False,False,none
user_1,2025-05-26 00:00:00,FNAC 18,18.4,Leisure,False,False,none
user_1,2025-05-28 00:00:00,AUCHAN,46.71,Groceries,False,False,none
user_1,2025-05-28 00:00:00,SHEIN,34.44,Shopping,False,False,none
user_1,2025-06-02 00:00:00,INTERMARCHE SAINTE FRANÇOIS,66.24,Groceries,False,False,none
user_1,2025-06-02 00:00:00,DOCTOLIB,122.6,Health,False,False,none
user_1,2025-06-02 00:00:00,H&M,1.57,Shopping,False,False,none
user_1,2025-06-03 00:00:00,LOYER APPARTEMENT,1228.96,Housing,True,False,none
user_1,2025-06-03 00:00:00,AUCHAN,111.68,Groceries,False,False,none
user_1,2025-06-03 00:00:00,DECATHLON 09,41.88,Leisure,False,False,none
user_1,2025-06-04 00:00:00,DELIVEROO TRAORE,16.55,Restaurants,False,False,none
user_1,2025-06-05 00:00:00,ABONNEMENT SALLE SPORT,46.76,Leisure,True,False,none
user_1,2025-06-05 00:00:00,SUSHI SHOP JOURDAN,51.45,Restaurants,False,False,none
user_1,2025-06-05 00:00:00,MCDONALDS COURTOIS,89.76,Restaurants,False,False,none
user_1,2025-06-05 00:00:00,STEAM GAMES 11,77.23,Leisure,False,False,none
user_1,2025-06-05 00:00:00,LABORATOIRE BIO MAURICE-LES-BAINS,46.67,Health,False,False,none
user_1,2025-06-06 00:00:00,MCDONALDS LOMBARD-LES-BAINS,88.61,Restaurants,False,False,none
user_1,2025-06-07 00:00:00,KFC BERTRAND,21.97,Restaurants,False,False,none
user_1,2025-06-08 00:00:00,EDF ELECTRICITE,100.34,Utilities,True,False,none
user_1,2025-06-08 00:00:00,SUSHI SHOP,49.56,Restaurants,False,False,none
user_1,2025-06-09 00:00:00,ZALANDO SCHNEIDER,280.46,Shopping,False,False,none
user_1,2025-06-11 00:00:00,FRANPRIX SAINT VÉRONIQUE-LES-BAINS,83.29,Groceries,False,False,none
user_1,2025-06-12 00:00:00,ORANGE MOBILE,39.68,Utilities,True,False,none
user_1,2025-06-12 00:00:00,INTERMARCHE,59.26,Groceries,False,False,none
user_1,2025-06-13 00:00:00,MONOPRIX 19,94.64,Groceries,False,False,none
user_1,2025-06-13 00:00:00,INTERMARCHE SAINTE MICHELLEDAN,99.89,Groceries,False,False,none
user_1,2025-06-14 00:00:00,ESSO STATION 14,851.22,Transport,False,True,amount_spike
user_1,2025-06-14 00:00:00,CB DOCTOLIB,9.4,Health,False,False,none
user_1,2025-06-15 00:00:00,ASSURANCE MAAF,63.04,Insurance,True,False,none
user_1,2025-06-15 00:00:00,LIDL PINEAU,56.82,Groceries,False,False,none
user_1,2025-06-15 00:00:00,AUCHAN,80.33,Groceries,False,False,none
user_1,2025-06-15 00:00:00,RATP NAVIGO,17.75,Transport,False,False,none
user_1,2025-06-15 00:00:00,STEAM GAMES,122.57,Leisure,False,False,none
user_1,2025-06-16 00:00:00,CB AUCHAN,99.11,Groceries,False,False,none
user_1,2025-06-16 00:00:00,CINEMA UGC,32.66,Leisure,False,False,none
user_1,2025-06-17 00:00:00,KFC LAUNAYDAN,32.83,Restaurants,False,False,none
user_1,2025-06-17 00:00:00,PARKING INDIGO DELAUNAYVILLE,5.69,Transport,False,False,none
user_1,2025-06-20 00:00:00,ZARA MAURY-SUR-CLÉMENT,217.53,Shopping,False,False,none
user_1,2025-06-21 00:00:00,UBER SAINT SUSANNE-LES-BAINS,53.45,Transport,False,False,none
user_1,2025-06-23 00:00:00,CB DECATHLON,41.84,Leisure,False,False,none
user_1,2025-06-23 00:00:00,IKEA,80.3,Shopping,False,False,none
user_1,2025-06-24 00:00:00,PARKING INDIGO,45.23,Transport,False,False,none
user_1,2025-06-24 00:00:00,PARKING INDIGO 07,1.57,Transport,False,False,none
user_1,2025-06-25 00:00:00,FRANPRIX,55.16,Groceries,False,False,none
user_1,2025-06-25 00:00:00,RATP NAVIGO 07,63.06,Transport,False,False,none
user_1,2025-06-27 00:00:00,CB MONOPRIX,68.75,Groceries,False,False,none
user_1,2025-06-28 00:00:00,CARREFOUR MICHAUD,50.91,Groceries,False,False,none
user_2,2024-01-01 00:00:00,UBER EATS 03,14.71,Restaurants,False,False,none
user_2,2024-01-02 00:00:00,INTERMARCHE,18.15,Groceries,False,False,none
user_2,2024-01-02 00:00:00,AUCHAN,44.1,Groceries,False,False,none
user_2,2024-01-02 00:00:00,CB KFC,36.9,Restaurants,False,False,none
user_2,2024-01-03 00:00:00,LOYER APPARTEMENT,601.0,Housing,True,False,none
user_2,2024-01-03 00:00:00,AMAZON PRIME,8.84,Leisure,False,False,none
user_2,2024-01-04 00:00:00,CASINO SUPERMARCHE,61.37,Groceries,False,False,none
user_2,2024-01-04 00:00:00,APPLE STORE,51.39,Shopping,False,False,none
user_2,2024-01-05 00:00:00,ABONNEMENT SALLE SPORT,23.21,Leisure,True,False,none
user_2,2024-01-06 00:00:00,AUCHAN LEGENDREVILLE,40.29,Groceries,False,False,none
user_2,2024-01-06 00:00:00,PARKING INDIGO MORENODAN,17.32,Transport,False,False,none
user_2,2024-01-06 00:00:00,DOCTOLIB 20,16.73,Health,False,False,none
user_2,2024-01-08 00:00:00,EDF ELECTRICITE,75.47,Utilities,True,False,none
user_2,2024-01-09 00:00:00,CB UBER,31.26,Transport,False,False,none
user_2,2024-01-10 00:00:00,CB CASINO SUPERMARCHE,46.47,Groceries,False,False,none
user_2,2024-01-10 00:00:00,CARREFOUR 05,41.57,Groceries,False,False,none
user_2,2024-01-12 00:00:00,ORANGE MOBILE,29.03,Utilities,True,False,none
user_2,2024-01-12 00:00:00,RATP NAVIGO SAINTE MAURICE,10.75,Transport,False,False,none
user_2,2024-01-12 00:00:00,CB ESSO STATION,36.57,Transport,False,False,none
user_2,2024-01-13 00:00:00,UBER EATS,0.98,Restaurants,False,False,none
user_2,2024-01-13 00:00:00,IKEA LECLERC,0.98,Shopping,False,False,none
user_2,2024-01-15 00:00:00,ASSURANCE MAAF,31.49,Insurance,True,False,none
user_2,2024-01-15 00:00:00,LIDL,19.18,Groceries,False,False,none
user_2,2024-01-15 00:00:00,CINEMA UGC LÉGER,44.51,Leisure,False,False,none
user_2,2024-01-17 00:00:00,CARREFOUR 07,54.65,Groceries,False,False,none
user_2,2024-01-18 00:00:00,CASINO SUPERMARCHE,39.92,Groceries,False,False,none
user_2,2024-01-19 00:00:00,CB MCDONALDS,44.09,Restaurants,False,False,none
user_2,2024-01-19 00:00:00,UBER SAINTE PHILIPPINEBOEUF,40.93,Transport,False,False,none
user_2,2024-01-19 00:00:00,FNAC,43.28,Leisure,False,False,none
user_2,2024-01-19 00:00:00,SPOTIFY SAINT MARCBOEUF,22.4,Leisure,False,False,none
user_2,2024-01-19 00:00:00,DENTISTE,58.95,Health,False,False,none
user_2,2024-01-20 00:00:00,SPOTIFY LÉVÊQUE,11.76,Leisure,False,False,none
user_2,2024-01-21 00:00:00,CARREFOUR LEMONNIER,35.44,Groceries,False,False,none
user_2,2024-01-21 00:00:00,MCDONALDS 15,30.65,Restaurants,False,False,none
user_2,2024-01-21 00:00:00,DELIVEROO,7.18,Restaurants,False,False,none
user_2,2024-01-21 00:00:00,CB ZALANDO,24.42,Shopping,False,False,none
user_2,2024-01-22 00:00:00,FRANPRIX 16,61.03,Groceries,False,False,none
user_2,2024-01-22 00:00:00,AMAZON PRIME,16.7,Leisure,False,False,none
user_2,2024-01-22 00:00:00,CINEMA UGC,20.81,Leisure,False,False,none
user_2,2024-01-23 00:00:00,NETFLIX.COM 07,25.36,Leisure,False,False,none
user_2,2024-01-24 00:00:00,MONOPRIX HUMBERT-LES-BAINS,41.47,Groceries,False,False,none
user_2,2024-01-25 00:00:00,KFC 16,20.77,Restaurants,False,False,none
user_2,2024-01-25 00:00:00,CB AMAZON.FR,54.15,Shopping,False,False,none
user_2,2024-01-26 00:00:00,CARREFOUR,36.16,Groceries,False,False,none
user_2,2024-01-26 00:00:00,RATP NAVIGO,8.71,Transport,False,False,none
user_2,2024-01-26 00:00:00,CINEMA UGC,20.99,Leisure,False,False,none
user_2,2024-01-27 00:00:00,CB SNCF INTERNET,0.78,Transport,False,False,none
user_2,2024-01-28 00:00:00,CB MONOPRIX,16.28,Groceries,False,False,none
user_2,2024-01-28 00:00:00,INTERMARCHE,57.33,Groceries,False,False,none
user_2,2024-02-01 00:00:00,SPOTIFY 11,18.16,Leisure,False,False,none
user_2,2024-02-02 00:00:00,CB LIDL,25.52,Groceries,False,False,none
user_2,2024-02-02 00:00:00,SUSHI SHOP,23.78,Restaurants,False,False,none
user_2,2024-02-02 00:00:00,LE BISTROT,15.34,Restaurants,False,False,none
user_2,2024-02-02 00:00:00,SNCF INTERNET,12.9,Transport,False,False,none
user_2,2024-02-03 00:00:00,LOYER APPARTEMENT,615.04,Housing,True,False,none
user_2,2024-02-04 00:00:00,OPTIC 2000,53.49,Health,False,False,none
user_2,2024-02-05 00:00:00,ABONNEMENT SALLE SPORT,23.43,Leisure,True,False,none
user_2,2024-02-05 00:00:00,MONOPRIX CHARPENTIER,42.17,Groceries,False,False,none
user_2,2024-02-05 00:00:00,CARREFOUR,24.63,Groceries,False,False,none
user_2,2024-02-05 00:00:00,LIDL,49.31,Groceries,False,False,none
user_2,2024-02-05 00:00:00,SUSHI SHOP 16,15.59,Restaurants,False,False,none
user_2,2024-02-07 00:00:00,INTERMARCHE MENARD,70.38,Groceries,False,False,none
user_2,2024-02-08 00:00:00,EDF ELECTRICITE,76.18,Utilities,True,False,none
user_2,2024-02-09 00:00:00,CB FRANPRIX,21.04,Groceries,False,False,none
user_2,2024-02-09 00:00:00,CB INTERMARCHE,24.45,Groceries,False,False,none
user_2,2024-02-09 00:00:00,CINEMA UGC,20.33,Leisure,False,False,none
user_2,2024-02-10 00:00:00,FRANPRIX HOARAU,30.45,Groceries,False,False,none
user_2,2024-02-10 00:00:00,BOULANGERIE PAUL,26.52,Restaurants,False,False,none
user_2,2024-02-10 00:00:00,TOTAL ENERGIES,37.5,Transport,False,False,none
user_2,2024-02-12 00:00:00,ORANGE MOBILE,29.01,Utilities,True,False,none
user_2,2024-02-12 00:00:00,KFC,12.18,Restaurants,False,False,none
user_2,2024-02-12 00:00:00,PARKING INDIGO 14,44.36,Transport,False,False,none
user_2,2024-02-13 00:00:00,MONOPRIX,42.64,Groceries,False,False,none
user_2,2024-02-14 00:00:00,INTERMARCHE,19.06,Groceries,False,False,none
user_2,2024-02-14 00:00:00,CARREFOUR,31.42,Groceries,False,False,none
user_2,2024-02-14 00:00:00,SEPHORA,69.73,Shopping,False,False,none
user_2,2024-02-15 00:00:00,ASSURANCE MAAF,30.77,Insurance,True,False,none
user_2,2024-02-15 00:00:00,TOTAL ENERGIES SAINT NATH,21.57,Transport,False,False,none
user_2,2024-02-16 00:00:00,BOULANGERIE PAUL BOUVET-LA-FORÊT,19.02,Restaurants,False,False,none
user_2,2024-02-16 00:00:00,MUTUELLE,29.27,Health,False,False,none
user_2,2024-02-17 00:00:00,LECLERC LOPEZ-LA-FORÊT,15.63,Groceries,False,False,none
user_2,2024-02-17 00:00:00,KFC 03,24.25,Restaurants,False,False,none
user_2,2024-02-18 00:00:00,STARBUCKS,21.32,Restaurants,False,False,none
user_2,2024-02-18 00:00:00,CINEMA UGC DUMONT-SUR-MORENO,1.23,Leisure,False,False,none
user_2,2024-02-19 00:00:00,ZARA DURANDBOURG,45.29,Shopping,False,False,none
user_2,2024-02-20 00:00:00,KFC,24.21,Restaurants,False,False,none
user_2,2024-02-20 00:00:00,MUTUELLE,51.57,Health,False,False,none
user_2,2024-02-21 00:00:00,ESSO STATION,21.59,Transport,False,False,none
user_2,2024-02-23 00:00:00,TOTAL ENERGIES,30.88,Transport,False,False,none
user_2,2024-02-25 00:00:00,SUSHI SHOP 19,0.98,Restaurants,False,False,none
user_2,2024-02-27 00:00:00,DELIVEROO,6.66,Restaurants,False,False,none
user_2,2024-02-28 00:00:00,RATP NAVIGO,15.93,Transport,False,False,none
user_2,2024-02-28 00:00:00,CINEMA UGC,19.18,Leisure,False,False,none
user_2,2024-03-02 00:00:00,LECLERC MORIN,0.78,Groceries,False,False,none
user_2,2024-03-02 00:00:00,CB SEPHORA,71.51,Shopping,False,False,none
user_2,2024-03-03 00:00:00,LOYER APPARTEMENT,600.91,Housing,True,False,none
user_2,2024-03-03 00:00:00,CASINO SUPERMARCHE MARTINNEC,23.08,Groceries,False,False,none
user_2,2024-03-03 00:00:00,INTERMARCHE,58.3,Groceries,False,False,none
user_2,2024-03-03 00:00:00,LIDL 03,25.15,Groceries,False,False,none
user_2,2024-03-04 00:00:00,IKEA SAINT ODETTEBOURG,42.09,Shopping,False,False,none
user_2,2024-03-05 00:00:00,ABONNEMENT SALLE SPORT,23.57,Leisure,True,False,none
user_2,2024-03-07 00:00:00,MONOPRIX,52.94,Groceries,False,False,none
user_2,2024-03-08 00:00:00,EDF ELECTRICITE,50.94,Utilities,True,False,none
user_2,2024-03-08 00:00:00,CARREFOUR,24.2,Groceries,False,False,none
user_2,2024-03-08 00:00:00,FRANPRIX GARNIER-LES-BAINS,46.98,Groceries,False,False,none
user_2,2024-03-08 00:00:00,RATP NAVIGO RIBEIRO,12.55,Transport,False,False,none
user_2,2024-03-09 00:00:00,CB CARREFOUR,51.11,Groceries,False,False,none
user_2,2024-03-10 00:00:00,CARREFOUR,19.6,Groceries,False,False,none
user_2,2024-03-12 00:00:00,ORANGE MOBILE,19.27,Utilities,True,False,none
user_2,2024-03-12 00:00:00,BOULANGERIE PAUL 01,6.17,Restaurants,False,False,none
user_2,2024-03-13 00:00:00,SUSHI SHOP 08,39.13,Restaurants,False,False,none
user_2,2024-03-13 00:00:00,ESSO STATION CLERC,49.74,Transport,False,False,none
user_2,2024-03-14 00:00:00,DENTISTE MACE,41.71,Health,False,False,none
user_2,2024-03-15 00:00:00,ASSURANCE MAAF,31.64,Insurance,True,False,none
user_2,2024-03-15 00:00:00,DENTISTE THIBAULTVILLE,3.35,Health,False,False,none
user_2,2024-03-15 00:00:00,SHEIN BOUCHET,0.78,Shopping,False,False,none
user_2,2024-03-16 00:00:00,UBER EATS,19.55,Restaurants,False,False,none
user_2,2024-03-16 00:00:00,CINEMA UGC,0.98,Leisure,False,False,none
user_2,2024-03-17 00:00:00,VELIB 04,7.08,Transport,False,False,none
user_2,2024-03-18 00:00:00,STARBUCKS,13.07,Restaurants,False,False,none
user_2,2024-03-20 00:00:00,CARREFOUR,25.2,Groceries,False,False,none
user_2,2024-03-20 00:00:00,CB MCDONALDS,32.42,Restaurants,False,False,none
user_2,2024-03-20 00:00:00,OPTIC 2000,286.54,Health,False,True,amount_spike
user_2,2024-03-21 00:00:00,LIDL TOUSSAINT-LA-FORÊT,22.6,Groceries,False,False,none
user_2,2024-03-23 00:00:00,BOULANGERIE PAUL,18.66,Restaurants,False,False,none
user_2,2024-03-26 00:00:00,APPLE STORE,1203.31,Shopping,False,True,wrong_category
user_2,2024-03-26 00:00:00,LECLERC CHARTIER,44.04,Groceries,False,False,none
user_2,2024-03-26 00:00:00,H&M,85.6,Shopping,False,False,none
user_2,2024-03-26 00:00:00,SEPHORA 14,17.45,Shopping,False,False,none
user_2,2024-03-28 00:00:00,INTERMARCHE,44.13,Groceries,False,False,none
user_2,2024-03-28 00:00:00,BOULANGERIE PAUL 05,0.78,Restaurants,False,False,none
user_2,2024-03-28 00:00:00,ZARA 07,0.78,Shopping,False,False,none
user_2,2024-04-01 00:00:00,FRANPRIX,39.99,Groceries,False,False,none
user_2,2024-04-01 00:00:00,STARBUCKS DE OLIVEIRA-SUR-POULAIN,9.91,Restaurants,False,False,none
user_2,2024-04-03 00:00:00,LOYER APPARTEMENT,623.53,Housing,True,False,none
user_2,2024-04-05 00:00:00,ABONNEMENT SALLE SPORT,23.12,Leisure,True,False,none
user_2,2024-04-05 00:00:00,INTERMARCHE SAINT FRANÇOISE-LA-FORÊT,40.27,Groceries,False,False,none
user_2,2024-04-06 00:00:00,LIDL,49.19,Groceries,False,False,none
user_2,2024-04-06 00:00:00,MONOPRIX SEGUIN-SUR-MER,29.89,Groceries,False,False,none
user_2,2024-04-07 00:00:00,CB KFC,37.5,Restaurants,False,False,none
user_2,2024-04-07 00:00:00,CB BLABLACAR,8.02,Transport,False,False,none
user_2,2024-04-08 00:00:00,EDF ELECTRICITE,51.17,Utilities,True,False,none
user_2,2024-04-08 00:00:00,FRANPRIX,68.51,Groceries,False,False,none
user_2,2024-04-08 00:00:00,IKEA SAINT XAVIERNEC,27.53,Shopping,False,False,none
user_2,2024-04-09 00:00:00,FRANPRIX,4.09,Groceries,False,False,none
user_2,2024-04-09 00:00:00,MONOPRIX,31.24,Groceries,False,False,none
user_2,2024-04-09 00:00:00,DOCTOLIB PERROT-LA-FORÊT,60.56,Health,False,False,none
user_2,2024-04-11 00:00:00,TOTAL ENERGIES CHAUVEAU-SUR-MER,10.36,Transport,False,False,none
user_2,2024-04-12 00:00:00,ORANGE MOBILE,19.27,Utilities,True,False,none
user_2,2024-04-12 00:00:00,AUCHAN HOARAU,9.57,Groceries,False,False,none
user_2,2024-04-12 00:00:00,AMAZON PRIME MATHIEU,28.74,Leisure,False,False,none
user_2,2024-04-13 00:00:00,INTERMARCHE 20,54.24,Groceries,False,False,none
user_2,2024-04-13 00:00:00,RATP NAVIGO SAINTE GABRIELDAN,7.85,Transport,False,False,none
user_2,2024-04-15 00:00:00,ASSURANCE MAAF,30.81,Insurance,True,False,none
user_2,2024-04-15 00:00:00,UBER REGNIER,0.78,Transport,False,False,none
user_2,2024-04-16 00:00:00,AMAZON.FR,38.51,Shopping,False,False,none
user_2,2024-04-17 00:00:00,BOULANGERIE PAUL 13,17.59,Restaurants,False,False,none
user_2,2024-04-17 00:00:00,SNCF INTERNET CHEVALIER,32.97,Transport,False,False,none
user_2,2024-04-18 00:00:00,BLABLACAR COUTURIER-SUR-LEDOUX,53.13,Transport,False,False,none
user_2,2024-04-19 00:00:00,KFC PIRESBOURG,6.7,Restaurants,False,False,none
user_2,2024-04-20 00:00:00,MCDONALDS SAINTE CORINNE,24.36,Restaurants,False,False,none
user_2,2024-04-21 00:00:00,CULTURA BOUTIN,43.95,Leisure,False,False,none
user_2,2024-04-22 00:00:00,LECLERC 08,36.08,Groceries,False,False,none
user_2,2024-04-22 00:00:00,ESSO STATION,29.24,Transport,False,False,none
user_2,2024-04-23 00:00:00,LECLERC SAINTE TIMOTHÉE,62.23,Groceries,False,False,none
user_2,2024-04-24 00:00:00,ZALANDO BOUVET,17.92,Shopping,False,False,none
user_2,2024-04-25 00:00:00,LECLERC SAINT CLÉMENCE,33.19,Groceries,False,False,none
user_2,2024-04-25 00:00:00,LE BISTROT SAINT RÉMY-SUR-MER,30.74,Restaurants,False,False,none
user_2,2024-04-25 00:00:00,PARKING INDIGO,14.37,Transport,False,False,none
user_2,2024-04-27 00:00:00,MCDONALDS GOSSELINNEC,20.48,Restaurants,False,False,none
user_2,2024-04-27 00:00:00,STEAM GAMES,35.94,Leisure,False,False,none
user_2,2024-04-28 00:00:00,SNCF INTERNET TANGUY-LES-BAINS,18.27,Transport,False,False,none
user_2,2024-05-01 00:00:00,H&M,88.3,Shopping,False,False,none
user_2,2024-05-03 00:00:00,LOYER APPARTEMENT,608.0,Housing,True,False,none
user_2,2024-05-04 00:00:00,CB BOULANGERIE PAUL,0.98,Restaurants,False,False,none
user_2,2024-05-05 00:00:00,ABONNEMENT SALLE SPORT,23.19,Leisure,True,False,none
user_2,2024-05-05 00:00:00,KFC LAMBERTNEC,18.13,Restaurants,False,False,none
user_2,2024-05-06 00:00:00,PARKING INDIGO,277.13,Transport,False,True,amount_spike
user_2,2024-05-07 00:00:00,LIDL,35.87,Groceries,False,False,none
user_2,2024-05-07 00:00:00,LIDL SAINTE AIMÉE,24.05,Groceries,False,False,none
user_2,2024-05-07 00:00:00,APPLE STORE GOMEZNEC,51.94,Shopping,False,False,none
user_2,2024-05-08 00:00:00,EDF ELECTRICITE,50.83,Utilities,True,False,none
user_2,2024-05-08 00:00:00,AUCHAN 05,11.83,Groceries,False,False,none
user_2,2024-05-08 00:00:00,SUSHI SHOP 10,21.18,Restaurants,False,False,none
user_2,2024-05-09 00:00:00,DELIVEROO FOUQUETBOEUF,7.86,Restaurants,False,False,none
user_2,2024-05-11 00:00:00,STEAM GAMES,65.63,Leisure,False,False,none
user_2,2024-05-12 00:00:00,ORANGE MOBILE,19.35,Utilities,True,False,none
user_2,2024-05-12 00:00:00,DECATHLON,34.17,Leisure,False,False,none
user_2,2024-05-13 00:00:00,MCDONALDS SAINTE GEORGESVILLE,12.08,Restaurants,False,False,none
user_2,2024-05-13 00:00:00,CB CINEMA UGC,19.67,Leisure,False,False,none
user_2,2024-05-14 00:00:00,AUCHAN 16,35.28,Groceries,False,False,none
user_2,2024-05-15 00:00:00,ASSURANCE MAAF,31.68,Insurance,True,False,none
user_2,2024-05-16 00:00:00,LIDL SAINTE MAURICE,20.64,Groceries,False,False,none
user_2,2024-05-16 00:00:00,MCDONALDS CARRE-LA-FORÊT,29.56,Restaurants,False,False,none
user_2,2024-05-17 00:00:00,MONOPRIX SAINTE MICHÈLEBOURG,52.46,Groceries,False,False,none
user_2,2024-05-17 00:00:00,STARBUCKS BERGER-SUR-BARTHELEMY,22.94,Restaurants,False,False,none
user_2,2024-05-19 00:00:00,CARREFOUR ADAM,0.78,Groceries,False,False,none
user_2,2024-05-19 00:00:00,INTERMARCHE BERNARDVILLE,44.89,Groceries,False,False,none
user_2,2024-05-19 00:00:00,LIDL,20.42,Groceries,False,False,none
user_2,2024-05-19 00:00:00,TOTAL ENERGIES,14.74,Transport,False,False,none
user_2,2024-05-19 00:00:00,DECATHLON LAURENT-SUR-MER,0.98,Leisure,False,False,none
user_2,2024-05-20 00:00:00,LE BISTROT PINEAUVILLE,11.93,Restaurants,False,False,none
user_2,2024-05-20 00:00:00,VELIB 16,40.06,Transport,False,False,none
user_2,2024-05-22 00:00:00,LIDL,68.07,Groceries,False,False,none
user_2,2024-05-22 00:00:00,DOCTOLIB MARTIN,18.49,Health,False,False,none
user_2,2024-05-25 00:00:00,RATP NAVIGO,16.27,Transport,False,False,none
user_2,2024-05-25 00:00:00,DECATHLON,0.98,Leisure,False,False,none
user_2,2024-05-26 00:00:00,INTERMARCHE 17,25.95,Groceries,False,False,none
user_2,2024-05-27 00:00:00,LECLERC,41.08,Groceries,False,False,none
user_2,2024-05-27 00:00:00,CARREFOUR,34.83,Groceries,False,False,none
user_2,2024-05-27 00:00:00,CB CINEMA UGC,11.78,Leisure,False,False,none
user_2,2024-05-28 00:00:00,SHEIN 10,10.55,Shopping,False,False,none
user_2,2024-06-01 00:00:00,INTERMARCHE 19,12.99,Groceries,False,False,none
user_2,2024-06-03 00:00:00,LOYER APPARTEMENT,599.67,Housing,True,False,none
user_2,2024-06-03 00:00:00,CB DELIVEROO,31.86,Restaurants,False,False,none
user_2,2024-06-03 00:00:00,AMAZON PRIME GUICHARDBOURG,6.13,Leisure,False,False,none
user_2,2024-06-04 00:00:00,MONOPRIX,26.92,Groceries,False,False,none
user_2,2024-06-05 00:00:00,ABONNEMENT SALLE SPORT,23.17,Leisure,True,False,none
user_2,2024-06-05 00:00:00,CB STARBUCKS,17.44,Restaurants,False,False,none
user_2,2024-06-05 00:00:00,DECATHLON DUMONT,34.88,Leisure,False,False,none
user_2,2024-06-06 00:00:00,MCDONALDS 05,31.47,Restaurants,False,False,none
user_2,2024-06-06 00:00:00,DELIVEROO 11,7.26,Restaurants,False,False,none
user_2,2024-06-07 00:00:00,MONOPRIX 12,46.98,Groceries,False,False,none
user_2,2024-06-08 00:00:00,EDF ELECTRICITE,50.86,Utilities,True,False,none
user_2,2024-06-09 00:00:00,VELIB,58.51,Transport,False,False,none
user_2,2024-06-11 00:00:00,STARBUCKS 14,53.21,Restaurants,False,False,none
user_2,2024-06-11 00:00:00,CB AMAZON PRIME,0.78,Leisure,False,False,none
user_2,2024-06-12 00:00:00,ORANGE MOBILE,19.69,Utilities,True,False,none
user_2,2024-06-12 00:00:00,SPOTIFY 02,52.29,Leisure,False,False,none
user_2,2024-06-13 00:00:00,DELIVEROO REY,6.5,Restaurants,False,False,none
user_2,2024-06-13 00:00:00,VELIB,29.36,Transport,False,False,none
user_2,2024-06-13 00:00:00,STEAM GAMES,13.7,Leisure,False,False,none
user_2,2024-06-14 00:00:00,STARBUCKS DUFOUR,20.95,Restaurants,False,False,none
user_2,2024-06-14 00:00:00,STARBUCKS,20.78,Restaurants,False,False,none
user_2,2024-06-15 00:00:00,ASSURANCE MAAF,31.31,Insurance,True,False,none
user_2,2024-06-15 00:00:00,DELIVEROO,1.18,Restaurants,False,False,none
user_2,2024-06-15 00:00:00,STARBUCKS LEBRETON,32.55,Restaurants,False,False,none
user_2,2024-06-15 00:00:00,UBER BARTHELEMY,23.28,Transport,False,False,none
user_2,2024-06-16 00:00:00,CB AUCHAN,41.03,Groceries,False,False,none
user_2,2024-06-17 00:00:00,CB PHARMACIE,57.36,Health,False,False,none
user_2,2024-06-18 00:00:00,ESSO STATION PIRES,42.84,Transport,False,False,none
user_2,2024-06-19 00:00:00,CULTURA,26.1,Leisure,False,False,none
user_2,2024-06-19 00:00:00,SEPHORA SAINT CHRISTOPHE-SUR-MER,37.48,Shopping,False,False,none
user_2,2024-06-20 00:00:00,LE BISTROT GOMES,8.02,Restaurants,False,False,none
user_2,2024-06-21 00:00:00,NETFLIX.COM SAINT GÉRARDVILLE,9.86,Leisure,False,False,none
user_2,2024-06-22 00:00:00,INTERMARCHE MORIN,34.41,Groceries,False,False,none
user_2,2024-06-24 00:00:00,RATP NAVIGO SAINT HUGUES-LA-FORÊT,71.07,Transport,False,False,none
user_2,2024-06-24 00:00:00,TOTAL ENERGIES CARON,10.22,Transport,False,False,none
user_2,2024-06-25 00:00:00,LIDL 02,33.98,Groceries,False,False,none
user_2,2024-06-25 00:00:00,MONOPRIX 03,32.69,Groceries,False,False,none
user_2,2024-06-25 00:00:00,CINEMA UGC,9.27,Leisure,False,False,none
user_2,2024-06-26 00:00:00,LECLERC,53.4,Groceries,False,False,none
user_2,2024-06-26 00:00:00,FNAC MARTINEZ,27.53,Leisure,False,False,none
user_2,2024-06-26 00:00:00,SEPHORA,0.78,Shopping,False,False,none
user_2,2024-06-27 00:00:00,CB DECATHLON,0.78,Leisure,False,False,none
user_2,2024-06-28 00:00:00,CARREFOUR DIJOUX,57.67,Groceries,False,False,none
user_2,2024-06-28 00:00:00,CB LIDL,54.65,Groceries,False,False,none
user_2,2024-06-28 00:00:00,AMAZON PRIME HAMON,29.32,Leisure,False,False,none
user_2,2024-07-01 00:00:00,AUCHAN 13,20.94,Groceries,False,False,none
user_2,2024-07-01 00:00:00,UBER,44.93,Transport,False,False,none
user_2,2024-07-01 00:00:00,TOTAL ENERGIES 06,1.1,Transport,False,False,none
user_2,2024-07-02 00:00:00,STARBUCKS,22.25,Restaurants,False,False,none
user_2,2024-07-03 00:00:00,LOYER APPARTEMENT,614.44,Housing,True,False,none
user_2,2024-07-03 00:00:00,FNAC,28.22,Leisure,False,False,none
user_2,2024-07-05 00:00:00,ABONNEMENT SALLE SPORT,23.3,Leisure,True,False,none
user_2,2024-07-05 00:00:00,LIDL,63.41,Groceries,False,False,none
user_2,2024-07-08 00:00:00,EDF ELECTRICITE,51.67,Utilities,True,False,none
user_2,2024-07-09 00:00:00,STARBUCKS,25.41,Restaurants,False,False,none
user_2,2024-07-10 00:00:00,MONOPRIX,17.93,Groceries,False,False,none
user_2,2024-07-10 00:00:00,VELIB,77.98,Transport,False,False,none
user_2,2024-07-11 00:00:00,BOULANGERIE PAUL 03,16.66,Restaurants,False,False,none
user_2,2024-07-12 00:00:00,ORANGE MOBILE,19.46,Utilities,True,False,none
user_2,2024-07-12 00:00:00,LE BISTROT,42.08,Restaurants,False,False,none
user_2,2024-07-12 00:00:00,VELIB GAUDIN-SUR-LEBRUN,42.87,Transport,False,False,none
user_2,2024-07-12 00:00:00,OPTIC 2000 DA COSTA,28.47,Health,False,False,none
user_2,2024-07-13 00:00:00,SUSHI SHOP,33.48,Restaurants,False,False,none
user_2,2024-07-13 00:00:00,SPOTIFY,46.16,Leisure,False,False,none
user_2,2024-07-13 00:00:00,CULTURA,34.56,Leisure,False,False,none
user_2,2024-07-14 00:00:00,CULTURA VASSEUR-SUR-MARTINEZ,59.81,Leisure,False,False,none
user_2,2024-07-15 00:00:00,ASSURANCE MAAF,30.97,Insurance,True,False,none
user_2,2024-07-15 00:00:00,CINEMA UGC LAPORTEBOEUF,16.9,Leisure,False,False,none
user_2,2024-07-16 00:00:00,LIDL 13,35.15,Groceries,False,False,none
user_2,2024-07-18 00:00:00,MONOPRIX 05,31.57,Groceries,False,False,none
user_2,2024-07-18 00:00:00,BOULANGERIE PAUL 18,4.14,Restaurants,False,False,none
user_2,2024-07-20 00:00:00,FRANPRIX RIVIÈRE,24.24,Groceries,False,False,none
user_2,2024-07-20 00:00:00,CASINO SUPERMARCHE LEMOINE,51.86,Groceries,False,False,none
user_2,2024-07-20 00:00:00,UBER EATS HUMBERT,13.78,Restaurants,False,False,none
user_2,2024-07-21 00:00:00,CB H&M,7.25,Shopping,False,False,none
user_2,2024-07-22 00:00:00,PARKING INDIGO 18,1.1,Transport,False,False,none
user_2,2024-07-22 00:00:00,FNAC,14.04,Leisure,False,False,none
user_2,2024-07-22 00:00:00,ZARA,2.89,Shopping,False,False,none
user_2,2024-07-24 00:00:00,MONOPRIX GIRARD-LES-BAINS,49.52,Groceries,False,False,none
user_2,2024-07-24 00:00:00,FNAC,48.61,Leisure,False,False,none
user_2,2024-07-28 00:00:00,SUSHI SHOP GÉRARDVILLE,14.72,Restaurants,False,False,none
user_2,2024-07-28 00:00:00,MCDONALDS MENARDVILLE,22.12,Restaurants,False,False,none
user_2,2024-08-01 00:00:00,LIDL,41.37,Groceries,False,False,none
user_2,2024-08-01 00:00:00,LE BISTROT RENAUD-SUR-DUMONT,21.62,Restaurants,False,False,none
user_2,2024-08-01 00:00:00,SEPHORA JACQUOT,30.53,Shopping,False,False,none
user_2,2024-08-02 00:00:00,DENTISTE DUVAL-SUR-MAHE,65.92,Health,False,False,none
user_2,2024-08-03 00:00:00,LOYER APPARTEMENT,618.88,Housing,True,False,none
user_2,2024-08-05 00:00:00,ABONNEMENT SALLE SPORT,23.34,Leisure,True,False,none
user_2,2024-08-05 00:00:00,RATP NAVIGO,15.11,Transport,False,False,none
user_2,2024-08-05 00:00:00,DOCTOLIB SAINT ADÉLAÏDEBOEUF,19.02,Health,False,False,none
user_2,2024-08-06 00:00:00,CARREFOUR,34.62,Groceries,False,False,none
user_2,2024-08-06 00:00:00,CB AUCHAN,18.91,Groceries,False,False,none
user_2,2024-08-06 00:00:00,CB INTERMARCHE,25.78,Groceries,False,False,none
user_2,2024-08-07 00:00:00,CARREFOUR PRÉVOST-SUR-GALLET,19.07,Groceries,False,False,none
user_2,2024-08-07 00:00:00,INTERMARCHE DUHAMEL,16.47,Groceries,False,False,none
user_2,2024-08-07 00:00:00,SUSHI SHOP,31.17,Restaurants,False,False,none
user_2,2024-08-07 00:00:00,CB RATP NAVIGO,7.15,Transport,False,False,none
user_2,2024-08-07 00:00:00,SPOTIFY ROGER-SUR-HOAREAU,22.09,Leisure,False,False,none
user_2,2024-08-08 00:00:00,EDF ELECTRICITE,50.46,Utilities,True,False,none
user_2,2024-08-09 00:00:00,CB FRANPRIX,48.54,Groceries,False,False,none
user_2,2024-08-09 00:00:00,TOTAL ENERGIES 16,1.1,Transport,False,False,none
user_2,2024-08-11 00:00:00,FRANPRIX,44.54,Groceries,False,False,none
user_2,2024-08-11 00:00:00,MONOPRIX 06,47.62,Groceries,False,False,none
user_2,2024-08-11 00:00:00,AMAZON PRIME SAINTE CLAUDE,33.22,Leisure,False,False,none
user_2,2024-08-12 00:00:00,ORANGE MOBILE,19.68,Utilities,True,False,none
user_2,2024-08-13 00:00:00,TOTAL ENERGIES DUFOUR,77.21,Transport,False,False,none
user_2,2024-08-14 00:00:00,MCDONALDS COSTE,15.97,Restaurants,False,False,none
user_2,2024-08-14 00:00:00,AMAZON PRIME,31.87,Leisure,False,False,none
user_2,2024-08-15 00:00:00,ASSURANCE MAAF,31.24,Insurance,True,False,none
user_2,2024-08-16 00:00:00,VELIB,15.82,Transport,False,False,none
user_2,2024-08-17 00:00:00,INTERMARCHE,10.74,Groceries,False,False,none
user_2,2024-08-18 00:00:00,LIDL,19.55,Groceries,False,False,none
user_2,2024-08-18 00:00:00,CASINO SUPERMARCHE ALLARD-LA-FORÊT,25.66,Groceries,False,False,none
user_2,2024-08-19 00:00:00,KFC SAINTE DAVIDBOEUF,32.36,Restaurants,False,False,none
user_2,2024-08-21 00:00:00,ESSO STATION LEMONNIERBOEUF,63.3,Transport,False,False,none
user_2,2024-08-22 00:00:00,STARBUCKS,11.55,Restaurants,False,False,none
user_2,2024-08-23 00:00:00,MCDONALDS BRETON,8.25,Restaurants,False,True,duplicate
user_2,2024-08-23 00:02:00,MCDONALDS BRETON,8.25,Restaurants,False,True,duplicate
user_2,2024-08-24 00:00:00,CB INTERMARCHE,23.28,Groceries,False,False,none
user_2,2024-08-24 00:00:00,SPOTIFY PRÉVOST-SUR-RAYMOND,39.33,Leisure,False,False,none
user_2,2024-08-25 00:00:00,INTERMARCHE LEFEBVRE,22.18,Groceries,False,False,none
user_2,2024-08-25 00:00:00,PHARMACIE SAINTE CAROLINEVILLE,31.08,Health,False,False,none
user_2,2024-08-26 00:00:00,CARREFOUR,16.81,Groceries,False,False,none
user_2,2024-08-26 00:00:00,CASINO SUPERMARCHE SAINT BERTRAND,34.98,Groceries,False,False,none
user_2,2024-08-27 00:00:00,BOULANGERIE PAUL,10.33,Restaurants,False,False,none
user_2,2024-08-28 00:00:00,BLABLACAR,27.57,Transport,False,False,none
user_2,2024-08-28 00:00:00,STEAM GAMES RODRIGUEZ,13.5,Leisure,False,False,none
user_2,2024-08-28 00:00:00,CINEMA UGC,15.94,Leisure,False,False,none
user_2,2024-09-02 00:00:00,CB TOTAL ENERGIES,45.88,Transport,False,False,none
user_2,2024-09-03 00:00:00,LOYER APPARTEMENT,605.93,Housing,True,False,none
user_2,2024-09-04 00:00:00,CASINO SUPERMARCHE,48.03,Groceries,False,False,none
user_2,2024-09-04 00:00:00,CASINO SUPERMARCHE 13,32.33,Groceries,False,False,none
user_2,2024-09-05 00:00:00,ABONNEMENT SALLE SPORT,23.18,Leisure,True,False,none
user_2,2024-09-06 00:00:00,LE BISTROT,2.91,Restaurants,False,False,none
user_2,2024-09-07 00:00:00,BLABLACAR LÉGER,0.78,Transport,False,False,none
user_2,2024-09-07 00:00:00,OPTIC 2000 13,62.0,Health,False,False,none
user_2,2024-09-08 00:00:00,EDF ELECTRICITE,50.81,Utilities,True,False,none
user_2,2024-09-08 00:00:00,FNAC GEORGESDAN,26.58,Leisure,False,False,none
user_2,2024-09-08 00:00:00,ZALANDO 15,0.98,Shopping,False,False,none
user_2,2024-09-09 00:00:00,LIDL PERONNEC,23.03,Groceries,False,False,none
user_2,2024-09-11 00:00:00,FRANPRIX,29.19,Groceries,False,False,none
user_2,2024-09-11 00:00:00,BLABLACAR 14,32.36,Transport,False,False,none
user_2,2024-09-11 00:00:00,FNAC,20.81,Leisure,False,False,none
user_2,2024-09-12 00:00:00,ORANGE MOBILE,19.51,Utilities,True,False,none
user_2,2024-09-12 00:00:00,LIDL SAINT ZACHARIE-LES-BAINS,48.86,Groceries,False,False,none
user_2,2024-09-12 00:00:00,MUTUELLE CHEVALLIER-LES-BAINS,16.36,Health,False,False,none
user_2,2024-09-15 00:00:00,ASSURANCE MAAF,31.11,Insurance,True,False,none
user_2,2024-09-15 00:00:00,LIDL SAINT YVESDAN,63.26,Groceries,False,False,none
user_2,2024-09-15 00:00:00,DELIVEROO 18,31.37,Restaurants,False,False,none
user_2,2024-09-15 00:00:00,AMAZON.FR SAINT MARGUERITEBOEUF,9.01,Shopping,False,False,none
user_2,2024-09-16 00:00:00,MONOPRIX 13,33.63,Groceries,False,False,none
user_2,2024-09-17 00:00:00,PARKING INDIGO VOISIN-SUR-BOURGEOIS,15.17,Transport,False,False,none
user_2,2024-09-19 00:00:00,SPOTIFY,0.78,Leisure,False,False,none
user_2,2024-09-19 00:00:00,ZALANDO,57.35,Shopping,False,False,none
user_2,2024-09-20 00:00:00,FRANPRIX,31.03,Groceries,False,False,none
user_2,2024-09-20 00:00:00,BOULANGERIE PAUL 06,28.88,Restaurants,False,False,none
user_2,2024-09-20 00:00:00,AMAZON.FR 19,7.74,Shopping,False,False,none
user_2,2024-09-21 00:00:00,LECLERC NICOLAS,70.42,Groceries,False,False,none
user_2,2024-09-21 00:00:00,UBER,23.24,Transport,False,False,none
user_2,2024-09-22 00:00:00,SUSHI SHOP,26.61,Restaurants,False,False,none
user_2,2024-09-23 00:00:00,SNCF INTERNET SAINTE HENRIETTE,37.88,Transport,False,False,none
user_2,2024-09-24 00:00:00,MCDONALDS,34.81,Restaurants,False,False,none
user_2,2024-09-24 00:00:00,LE BISTROT 02,0.78,Restaurants,False,False,none
user_2,2024-09-25 00:00:00,UBER 02,30.38,Transport,False,False,none
user_2,2024-09-25 00:00:00,AMAZON PRIME 04,15.28,Leisure,False,False,none
user_2,2024-09-25 00:00:00,SEPHORA TURPIN-LA-FORÊT,14.48,Shopping,False,False,none
user_2,2024-09-26 00:00:00,CARREFOUR SAINT THÉODOREVILLE,18.8,Groceries,False,False,none
user_2,2024-09-26 00:00:00,FRANPRIX,43.2,Groceries,False,False,none
user_2,2024-09-27 00:00:00,LECLERC VERDIER-SUR-MER,47.08,Groceries,False,False,none
user_2,2024-09-27 00:00:00,AMAZON.FR THIBAULT,17.22,Shopping,False,False,none
user_2,2024-09-28 00:00:00,DELIVEROO AUBERT,30.53,Restaurants,False,False,none
user_2,2024-09-28 00:00:00,SUSHI SHOP,21.99,Restaurants,False,False,none
user_2,2024-09-28 00:00:00,TOTAL ENERGIES PICARD,31.53,Transport,False,False,none
user_2,2024-10-02 00:00:00,AUCHAN,12.29,Groceries,False,False,none
user_2,2024-10-02 00:00:00,SNCF INTERNET,30.51,Transport,False,False,none
user_2,2024-10-03 00:00:00,LOYER APPARTEMENT,605.17,Housing,True,False,none
user_2,2024-10-03 00:00:00,CASINO SUPERMARCHE,10.25,Groceries,False,False,none
user_2,2024-10-03 00:00:00,UBER EATS CHEVALIERNEC,5.15,Restaurants,False,False,none
user_2,2024-10-04 00:00:00,CB SNCF INTERNET,8.32,Transport,False,False,none
user_2,2024-10-04 00:00:00,RATP NAVIGO,16.9,Transport,False,False,none
user_2,2024-10-05 00:00:00,ABONNEMENT SALLE SPORT,23.35,Leisure,True,False,none
user_2,2024-10-05 00:00:00,MONOPRIX SAINTE THÉRÈSE,67.21,Groceries,False,False,none
user_2,2024-10-05 00:00:00,UBER CARON,27.18,Transport,False,False,none
user_2,2024-10-06 00:00:00,CB CASINO SUPERMARCHE,69.04,Groceries,False,False,none
user_2,2024-10-06 00:00:00,UBER EATS,29.23,Restaurants,False,False,none
user_2,2024-10-07 00:00:00,MONOPRIX CHEVALIER,21.63,Groceries,False,False,none
user_2,2024-10-08 00:00:00,EDF ELECTRICITE,50.41,Utilities,True,False,none
user_2,2024-10-08 00:00:00,FRANPRIX,14.08,Groceries,False,False,none
user_2,2024-10-09 00:00:00,CB ESSO STATION,46.97,Transport,False,False,none
user_2,2024-10-11 00:00:00,PARKING INDIGO,0.78,Transport,False,False,none
user_2,2024-10-11 00:00:00,DOCTOLIB ANTOINE,26.84,Health,False,False,none
user_2,2024-10-11 00:00:00,DOCTOLIB BAZIN-SUR-LEMONNIER,54.01,Health,False,False,none
user_2,2024-10-11 00:00:00,ZARA,25.9,Shopping,False,False,none
user_2,2024-10-12 00:00:00,ORANGE MOBILE,19.21,Utilities,True,False,none
user_2,2024-10-12 00:00:00,CB RATP NAVIGO,0.78,Transport,False,False,none
user_2,2024-10-12 00:00:00,IKEA GIRARD,81.52,Shopping,False,False,none
user_2,2024-10-13 00:00:00,CARREFOUR,16.66,Groceries,False,False,none
user_2,2024-10-13 00:00:00,SPOTIFY MASSEDAN,11.12,Leisure,False,False,none
user_2,2024-10-14 00:00:00,AMAZON.FR 13,0.78,Shopping,False,False,none
user_2,2024-10-15 00:00:00,ASSURANCE MAAF,31.19,Insurance,True,False,none
user_2,2024-10-15 00:00:00,NETFLIX.COM,5.5,Leisure,False,False,none
user_2,2024-10-16 00:00:00,PARKING INDIGO COSTE-SUR-BARBE,29.03,Transport,False,False,none
user_2,2024-10-17 00:00:00,FRANPRIX 02,21.17,Groceries,False,False,none
user_2,2024-10-17 00:00:00,CB RATP NAVIGO,46.96,Transport,False,False,none
user_2,2024-10-19 00:00:00,CB MONOPRIX,45.72,Groceries,False,False,none
user_2,2024-10-19 00:00:00,INTERMARCHE,18.95,Groceries,False,False,none
user_2,2024-10-19 00:00:00,BOULANGERIE PAUL GIRAUD-LES-BAINS,24.66,Restaurants,False,False,none
user_2,2024-10-20 00:00:00,STEAM GAMES,0.98,Leisure,False,False,none
user_2,2024-10-21 00:00:00,SPOTIFY,12.95,Leisure,False,False,none
user_2,2024-10-22 00:00:00,LECLERC,26.98,Groceries,False,False,none
user_2,2024-10-22 00:00:00,UBER EATS VALENTIN,7.86,Restaurants,False,False,none
user_2,2024-10-23 00:00:00,RATP NAVIGO SAINT SIMONE-LA-FORÊT,36.91,Transport,False,False,none
user_2,2024-10-24 00:00:00,STARBUCKS,15.36,Restaurants,False,False,none
user_2,2024-10-24 00:00:00,SUSHI SHOP SAINT AMÉLIENEC,23.99,Restaurants,False,False,none
user_2,2024-10-26 00:00:00,CB INTERMARCHE,31.6,Groceries,False,False,none
user_2,2024-10-26 00:00:00,ZALANDO,14.03,Shopping,False,False,none
user_2,2024-10-27 00:00:00,MCDONALDS,27.61,Restaurants,False,False,none
user_2,2024-10-28 00:00:00,RATP NAVIGO,52.83,Transport,False,False,none
user_2,2024-11-01 00:00:00,FRANPRIX LANGLOIS,37.6,Groceries,False,False,none
user_2,2024-11-03 00:00:00,LOYER APPARTEMENT,609.33,Housing,True,False,none
user_2,2024-11-03 00:00:00,LE BISTROT,12.0,Restaurants,False,False,none
user_2,2024-11-03 00:00:00,SNCF INTERNET BODINNEC,22.48,Transport,False,False,none
user_2,2024-11-04 00:00:00,CASINO SUPERMARCHE,28.28,Groceries,False,False,none
user_2,2024-11-04 00:00:00,SEPHORA,177.0,Shopping,False,False,none
user_2,2024-11-05 00:00:00,ABONNEMENT SALLE SPORT,23.32,Leisure,True,False,none
user_2,2024-11-06 00:00:00,DELIVEROO LACOMBE,25.82,Restaurants,False,False,none
user_2,2024-11-07 00:00:00,INTERMARCHE,44.47,Groceries,False,False,none
user_2,2024-11-07 00:00:00,SNCF INTERNET SAINTE BENOÎT,3.74,Transport,False,False,none
user_2,2024-11-07 00:00:00,SPOTIFY,22.49,Leisure,False,False,none
user_2,2024-11-07 00:00:00,DENTISTE BLANCHETVILLE,46.29,Health,False,False,none
user_2,2024-11-08 00:00:00,EDF ELECTRICITE,77.3,Utilities,True,False,none
user_2,2024-11-09 00:00:00,TOTAL ENERGIES SAINT ALIX,8.4,Transport,False,False,none
user_2,2024-11-10 00:00:00,LIDL,10.81,Groceries,False,False,none
user_2,2024-11-11 00:00:00,BOULANGERIE PAUL COLASVILLE,17.24,Restaurants,False,False,none
user_2,2024-11-12 00:00:00,ORANGE MOBILE,29.3,Utilities,True,False,none
user_2,2024-11-12 00:00:00,UBER,0.78,Transport,False,False,none
user_2,2024-11-15 00:00:00,ASSURANCE MAAF,31.9,Insurance,True,False,none
user_2,2024-11-15 00:00:00,MCDONALDS BOYER,12.64,Restaurants,False,False,none
user_2,2024-11-15 00:00:00,RATP NAVIGO COSTEBOEUF,7.36,Transport,False,False,none
user_2,2024-11-15 00:00:00,UBER,50.41,Transport,False,False,none
user_2,2024-11-16 00:00:00,LABORATOIRE BIO,28.25,Health,False,False,none
user_2,2024-11-17 00:00:00,LECLERC GRENIERBOURG,52.94,Groceries,False,False,none
user_2,2024-11-17 00:00:00,INTERMARCHE CORDIER,27.52,Groceries,False,False,none
user_2,2024-11-18 00:00:00,BLABLACAR BOUVET,0.78,Transport,False,False,none
user_2,2024-11-18 00:00:00,BLABLACAR VALETTE-SUR-BENOIT,23.46,Transport,False,False,none
user_2,2024-11-19 00:00:00,CARREFOUR BERNIER,8.44,Groceries,False,False,none
user_2,2024-11-19 00:00:00,LE BISTROT,0.78,Restaurants,False,False,none
user_2,2024-11-19 00:00:00,CB UBER EATS,1.75,Restaurants,False,False,none
user_2,2024-11-19 00:00:00,SHEIN 05,138.9,Shopping,False,False,none
user_2,2024-11-20 00:00:00,VELIB,31.73,Transport,False,False,none
user_2,2024-11-21 00:00:00,LECLERC 11,12.72,Groceries,False,False,none
user_2,2024-11-21 00:00:00,IKEA,30.77,Shopping,False,False,none
user_2,2024-11-21 00:00:00,ZARA,41.99,Shopping,False,False,none
user_2,2024-11-22 00:00:00,CB KFC,8.3,Restaurants,False,False,none
user_2,2024-11-23 00:00:00,SUSHI SHOP,24.78,Restaurants,False,False,none
user_2,2024-11-24 00:00:00,MONOPRIX,50.78,Groceries,False,False,none
user_2,2024-11-24 00:00:00,UBER EATS GIRARDBOEUF,14.55,Restaurants,False,False,none
user_2,2024-11-25 00:00:00,LIDL TEXIERBOURG,41.39,Groceries,False,False,none
user_2,2024-11-28 00:00:00,TOTAL ENERGIES,39.6,Transport,False,False,none
user_2,2024-11-28 00:00:00,PARKING INDIGO 15,1.49,Transport,False,False,none
user_2,2024-12-02 00:00:00,CARREFOUR 07,71.52,Groceries,False,False,none
user_2,2024-12-02 00:00:00,ESSO STATION,13.51,Transport,False,False,none
user_2,2024-12-03 00:00:00,LOYER APPARTEMENT,617.63,Housing,True,False,none
user_2,2024-12-04 00:00:00,UBER SAINTE CHRISTOPHEBOEUF,26.87,Transport,False,False,none
user_2,2024-12-04 00:00:00,SEPHORA,158.46,Shopping,False,False,none
user_2,2024-12-05 00:00:00,ABONNEMENT SALLE SPORT,23.21,Leisure,True,False,none
user_2,2024-12-08 00:00:00,EDF ELECTRICITE,76.56,Utilities,True,False,none
user_2,2024-12-08 00:00:00,RATP NAVIGO,9.65,Transport,False,False,none
user_2,2024-12-10 00:00:00,CASINO SUPERMARCHE,55.73,Groceries,False,False,none
user_2,2024-12-10 00:00:00,INTERMARCHE 17,19.25,Groceries,False,False,none
user_2,2024-12-10 00:00:00,UBER EATS 04,27.01,Restaurants,False,False,none
user_2,2024-12-11 00:00:00,FNAC,5.8,Leisure,False,False,none
user_2,2024-12-12 00:00:00,ORANGE MOBILE,29.11,Utilities,True,False,none
user_2,2024-12-13 00:00:00,CARREFOUR,60.46,Groceries,False,False,none
user_2,2024-12-13 00:00:00,DECATHLON ROCHE,22.17,Leisure,False,False,none
user_2,2024-12-14 00:00:00,SEPHORA,86.38,Shopping,False,False,none
user_2,2024-12-15 00:00:00,ASSURANCE MAAF,30.94,Insurance,True,False,none
user_2,2024-12-17 00:00:00,AUCHAN,35.26,Groceries,False,False,none
user_2,2024-12-18 00:00:00,CARREFOUR,31.81,Groceries,False,False,none
user_2,2024-12-18 00:00:00,CARREFOUR,31.31,Groceries,False,False,none
user_2,2024-12-20 00:00:00,TOTAL ENERGIES,39.26,Transport,False,False,none
user_2,2024-12-21 00:00:00,CARREFOUR RAYNAUD,23.77,Groceries,False,False,none
user_2,2024-12-21 00:00:00,H&M,1.57,Shopping,False,False,none
user_2,2024-12-22 00:00:00,CASINO SUPERMARCHE BRIAND,42.8,Groceries,False,False,none
user_2,2024-12-25 00:00:00,LIDL,67.11,Groceries,False,False,none
user_2,2024-12-28 00:00:00,BOULANGERIE PAUL GUILBERT,17.99,Restaurants,False,False,none
user_2,2024-12-28 00:00:00,TOTAL ENERGIES,17.09,Transport,False,False,none
user_2,2024-12-28 00:00:00,STEAM GAMES BOYER,15.81,Leisure,False,False,none
user_2,2024-12-28 00:00:00,OPTIC 2000,13.77,Health,False,False,none
user_2,2025-01-02 00:00:00,DECATHLON,40.14,Leisure,False,False,none
user_2,2025-01-03 00:00:00,LOYER APPARTEMENT,619.39,Housing,True,False,none
user_2,2025-01-03 00:00:00,INTERMARCHE,24.83,Groceries,False,False,none
user_2,2025-01-03 00:00:00,KFC,23.5,Restaurants,False,False,none
user_2,2025-01-04 00:00:00,CB LE BISTROT,28.57,Restaurants,False,False,none
user_2,2025-01-05 00:00:00,ABONNEMENT SALLE SPORT,23.59,Leisure,True,False,none
user_2,2025-01-06 00:00:00,AUCHAN,12.07,Groceries,False,False,none
user_2,2025-01-06 00:00:00,IKEA MERLE,39.41,Shopping,False,False,none
user_2,2025-01-07 00:00:00,UBER,9.52,Transport,False,False,none
user_2,2025-01-07 00:00:00,CB CINEMA UGC,35.55,Leisure,False,False,none
user_2,2025-01-08 00:00:00,EDF ELECTRICITE,77.53,Utilities,True,False,none
user_2,2025-01-08 00:00:00,STARBUCKS,5.78,Restaurants,False,False,none
user_2,2025-01-08 00:00:00,CB VELIB,38.02,Transport,False,False,none
user_2,2025-01-08 00:00:00,AMAZON.FR 19,51.55,Shopping,False,False,none
user_2,2025-01-10 00:00:00,MONOPRIX,2.08,Groceries,False,False,none
user_2,2025-01-10 00:00:00,MCDONALDS SAINTE GILBERT-LA-FORÊT,14.84,Restaurants,False,False,none
user_2,2025-01-11 00:00:00,SNCF INTERNET VALLET,0.78,Transport,False,False,none
user_2,2025-01-12 00:00:00,ORANGE MOBILE,29.26,Utilities,True,False,none
user_2,2025-01-12 00:00:00,FRANPRIX,33.83,Groceries,False,False,none
user_2,2025-01-12 00:00:00,AMAZON PRIME 19,8.41,Leisure,False,False,none
user_2,2025-01-12 00:00:00,SHEIN,77.33,Shopping,False,False,none
user_2,2025-01-14 00:00:00,CULTURA 07,36.59,Leisure,False,False,none
user_2,2025-01-15 00:00:00,ASSURANCE MAAF,31.68,Insurance,True,False,none
user_2,2025-01-15 00:00:00,INTERMARCHE,18.04,Groceries,False,False,none
user_2,2025-01-15 00:00:00,MONOPRIX,34.02,Groceries,False,False,none
user_2,2025-01-15 00:00:00,UBER EATS,12.0,Restaurants,False,False,none
user_2,2025-01-16 00:00:00,FRANPRIX,43.03,Groceries,False,False,none
user_2,2025-01-17 00:00:00,SPOTIFY 10,77.85,Leisure,False,False,none
user_2,2025-01-17 00:00:00,STEAM GAMES 05,27.55,Leisure,False,False,none
user_2,2025-01-18 00:00:00,INTERMARCHE LEBONNEC,24.32,Groceries,False,False,none
user_2,2025-01-18 00:00:00,CB AUCHAN,70.27,Groceries,False,False,none
user_2,2025-01-19 00:00:00,LIDL TORRES,32.32,Groceries,False,False,none
user_2,2025-01-19 00:00:00,FNAC 11,13.94,Leisure,False,False,none
user_2,2025-01-19 00:00:00,ZARA,93.73,Shopping,False,False,none
user_2,2025-01-20 00:00:00,SNCF INTERNET,46.97,Transport,False,False,none
user_2,2025-01-20 00:00:00,ESSO STATION,35.31,Transport,False,False,none
user_2,2025-01-21 00:00:00,BLABLACAR,14.95,Transport,False,False,none
user_2,2025-01-21 00:00:00,DENTISTE LE GOFF,67.64,Health,False,False,none
user_2,2025-01-22 00:00:00,CARREFOUR,38.05,Groceries,False,False,none
user_2,2025-01-22 00:00:00,DELIVEROO,27.53,Restaurants,False,False,none
user_2,2025-01-22 00:00:00,BLABLACAR,31.2,Transport,False,False,none
user_2,2025-01-23 00:00:00,STARBUCKS,4.39,Restaurants,False,False,none
user_2,2025-01-24 00:00:00,CB CARREFOUR,57.12,Groceries,False,False,none
user_2,2025-01-24 00:00:00,SPOTIFY SAINTE BERNARDBOURG,9.25,Leisure,False,False,none
user_2,2025-01-28 00:00:00,INTERMARCHE,20.28,Groceries,False,False,none
user_2,2025-02-01 00:00:00,DELIVEROO,46.3,Restaurants,False,False,none
user_2,2025-02-02 00:00:00,SNCF INTERNET 19,55.42,Transport,False,False,none
user_2,2025-02-03 00:00:00,LOYER APPARTEMENT,623.14,Housing,True,False,none
user_2,2025-02-03 00:00:00,CARREFOUR LEFORT,24.91,Groceries,False,False,none
user_2,2025-02-04 00:00:00,LECLERC COUTURIERNEC,20.46,Groceries,False,False,none
user_2,2025-02-05 00:00:00,ABONNEMENT SALLE SPORT,23.34,Leisure,True,False,none
user_2,2025-02-05 00:00:00,LIDL,19.68,Groceries,False,False,none
user_2,2025-02-05 00:00:00,CB RATP NAVIGO,31.34,Transport,False,False,none
user_2,2025-02-07 00:00:00,VELIB,0.78,Transport,False,False,none
user_2,2025-02-08 00:00:00,EDF ELECTRICITE,76.32,Utilities,True,False,none
user_2,2025-02-08 00:00:00,LIDL,37.21,Groceries,False,False,none
user_2,2025-02-08 00:00:00,PARKING INDIGO SAINT MAURICE,28.48,Transport,False,False,none
user_2,2025-02-09 00:00:00,AUCHAN 02,42.81,Groceries,False,False,none
user_2,2025-02-09 00:00:00,APPLE STORE,62.19,Shopping,False,False,none
user_2,2025-02-11 00:00:00,FRANPRIX VERDIER,11.35,Groceries,False,False,none
user_2,2025-02-11 00:00:00,CB STARBUCKS,25.07,Restaurants,False,False,none
user_2,2025-02-12 00:00:00,ORANGE MOBILE,29.32,Utilities,True,False,none
user_2,2025-02-15 00:00:00,ASSURANCE MAAF,31.25,Insurance,True,False,none
user_2,2025-02-15 00:00:00,LECLERC 03,39.95,Groceries,False,False,none
user_2,2025-02-15 00:00:00,BLABLACAR SAINT THÉOPHILE-LA-FORÊT,7.56,Transport,False,False,none
user_2,2025-02-17 00:00:00,LIDL 16,49.81,Groceries,False,False,none
user_2,2025-02-18 00:00:00,AMAZON PRIME LE GOFF,3.67,Leisure,False,False,none
user_2,2025-02-19 00:00:00,KFC,30.32,Restaurants,False,False,none
user_2,2025-02-21 00:00:00,LIDL SAINT CATHERINE,28.38,Groceries,False,False,none
user_2,2025-02-21 00:00:00,ESSO STATION HENRY,7.05,Transport,False,False,none
user_2,2025-02-23 00:00:00,STARBUCKS,17.29,Restaurants,False,False,none
user_2,2025-02-26 00:00:00,CB KFC,21.61,Restaurants,False,False,none
user_2,2025-02-26 00:00:00,KFC,8.36,Restaurants,False,False,none
user_2,2025-02-27 00:00:00,PARKING INDIGO 17,34.47,Transport,False,False,none
user_2,2025-03-01 00:00:00,ESSO STATION,48.74,Transport,False,False,none
user_2,2025-03-02 00:00:00,ESSO STATION 14,41.69,Transport,False,False,none
user_2,2025-03-02 00:00:00,PARKING INDIGO SAINTE MARC,0.78,Transport,False,False,none
user_2,2025-03-03 00:00:00,LOYER APPARTEMENT,602.67,Housing,True,False,none
user_2,2025-03-03 00:00:00,CARREFOUR,48.88,Groceries,False,False,none
user_2,2025-03-03 00:00:00,PARKING INDIGO,33.42,Transport,False,False,none
user_2,2025-03-04 00:00:00,UBER EATS,23.66,Restaurants,False,False,none
user_2,2025-03-05 00:00:00,ABONNEMENT SALLE SPORT,23.11,Leisure,True,False,none
user_2,2025-03-05 00:00:00,INTERMARCHE,24.82,Groceries,False,False,none
user_2,2025-03-07 00:00:00,BLABLACAR SAINT MONIQUEBOURG,22.73,Transport,False,False,none
user_2,2025-03-08 00:00:00,EDF ELECTRICITE,50.99,Utilities,True,False,none
user_2,2025-03-08 00:00:00,CASINO SUPERMARCHE MENDÈS,33.18,Groceries,False,False,none
user_2,2025-03-09 00:00:00,MONOPRIX SAINTE CAPUCINENEC,40.09,Groceries,False,False,none
user_2,2025-03-09 00:00:00,CB UBER EATS,12.79,Restaurants,False,False,none
user_2,2025-03-10 00:00:00,MONOPRIX,63.21,Groceries,False,False,none
user_2,2025-03-10 00:00:00,UBER SAINT VICTOIREDAN,0.78,Transport,False,False,none
user_2,2025-03-10 00:00:00,BLABLACAR,25.46,Transport,False,False,none
user_2,2025-03-12 00:00:00,ORANGE MOBILE,19.28,Utilities,True,False,none
user_2,2025-03-13 00:00:00,STARBUCKS,20.4,Restaurants,False,False,none
user_2,2025-03-14 00:00:00,FRANPRIX SAINTE ASTRID,30.31,Groceries,False,False,none
user_2,2025-03-14 00:00:00,AUCHAN,50.84,Groceries,False,False,none
user_2,2025-03-15 00:00:00,ASSURANCE MAAF,31.52,Insurance,True,False,none
user_2,2025-03-15 00:00:00,INTERMARCHE LECOMTE,136.96,Groceries,False,True,amount_spike
user_2,2025-03-16 00:00:00,MONOPRIX REYNAUD,25.49,Groceries,False,False,none
user_2,2025-03-18 00:00:00,FRANPRIX PIRES,30.2,Groceries,False,False,none
user_2,2025-03-18 00:00:00,INTERMARCHE,49.34,Groceries,False,False,none
user_2,2025-03-18 00:00:00,SUSHI SHOP 04,1.63,Restaurants,False,False,none
user_2,2025-03-18 00:00:00,AMAZON PRIME SAINT SYLVIE,10.31,Leisure,False,False,none
user_2,2025-03-19 00:00:00,INTERMARCHE BONNIN-SUR-DOS SANTOS,41.22,Groceries,False,False,none
user_2,2025-03-21 00:00:00,SPOTIFY SAINTE AGNÈS,20.63,Leisure,False,False,none
user_2,2025-03-22 00:00:00,BLABLACAR,42.3,Transport,False,False,none
user_2,2025-03-23 00:00:00,LIDL,37.43,Groceries,False,False,none
user_2,2025-03-24 00:00:00,MONOPRIX SAINT MARCELLE,63.73,Groceries,False,False,none
user_2,2025-03-24 00:00:00,KFC SAINTE LOUIS-SUR-MER,22.05,Restaurants,False,False,none
user_2,2025-03-25 00:00:00,UBER 08,0.78,Transport,False,False,none
user_2,2025-03-25 00:00:00,UBER,11.24,Transport,False,False,none
user_2,2025-03-26 00:00:00,FRANPRIX 07,34.81,Groceries,False,False,none
user_2,2025-03-26 00:00:00,LIDL MOREAU-SUR-MER,39.92,Groceries,False,False,none
user_2,2025-03-26 00:00:00,CB FRANPRIX,66.55,Groceries,False,False,none
user_2,2025-03-26 00:00:00,CULTURA 10,39.52,Leisure,False,False,none
user_2,2025-03-27 00:00:00,CB MONOPRIX,34.37,Groceries,False,False,none
user_2,2025-04-01 00:00:00,AUCHAN,47.92,Groceries,False,False,none
user_2,2025-04-02 00:00:00,MONOPRIX LOISEAU-LA-FORÊT,6.18,Groceries,False,False,none
user_2,2025-04-03 00:00:00,LOYER APPARTEMENT,611.47,Housing,True,False,none
user_2,2025-04-03 00:00:00,BOULANGERIE PAUL 19,38.19,Restaurants,False,False,none
user_2,2025-04-04 00:00:00,CB AMAZON.FR,17.75,Shopping,False,False,none
user_2,2025-04-05 00:00:00,ABONNEMENT SALLE SPORT,23.97,Leisure,True,False,none
user_2,2025-04-05 00:00:00,SUSHI SHOP,18.71,Restaurants,False,False,none
user_2,2025-04-05 00:00:00,TOTAL ENERGIES 16,31.86,Transport,False,False,none
user_2,2025-04-07 00:00:00,CB APPLE STORE,1141.62,Shopping,False,True,wrong_category
user_2,2025-04-08 00:00:00,EDF ELECTRICITE,51.69,Utilities,True,False,none
user_2,2025-04-08 00:00:00,DELIVEROO MERLEBOEUF,14.45,Restaurants,False,False,none
user_2,2025-04-12 00:00:00,ORANGE MOBILE,19.46,Utilities,True,False,none
user_2,2025-04-12 00:00:00,CARREFOUR,30.62,Groceries,False,False,none
user_2,2025-04-13 00:00:00,CASINO SUPERMARCHE,23.9,Groceries,False,False,none
user_2,2025-04-13 00:00:00,STARBUCKS,30.76,Restaurants,False,False,none
user_2,2025-04-14 00:00:00,SNCF INTERNET,0.78,Transport,False,False,none
user_2,2025-04-15 00:00:00,ASSURANCE MAAF,30.89,Insurance,True,False,none
user_2,2025-04-15 00:00:00,AUCHAN 14,41.1,Groceries,False,False,none
user_2,2025-04-15 00:00:00,UBER,4.99,Transport,False,False,none
user_2,2025-04-15 00:00:00,CB ZARA,35.08,Shopping,False,False,none
user_2,2025-04-16 00:00:00,AUCHAN SAINT CLAUDEVILLE,32.14,Groceries,False,False,none
user_2,2025-04-17 00:00:00,CARREFOUR PINEAU-LA-FORÊT,18.61,Groceries,False,False,none
user_2,2025-04-18 00:00:00,LECLERC VIDAL,44.03,Groceries,False,False,none
user_2,2025-04-18 00:00:00,VELIB BESNARDVILLE,23.76,Transport,False,False,none
user_2,2025-04-20 00:00:00,MUTUELLE,47.4,Health,False,False,none
user_2,2025-04-21 00:00:00,LECLERC,55.59,Groceries,False,False,none
user_2,2025-04-21 00:00:00,STEAM GAMES,4.92,Leisure,False,False,none
user_2,2025-04-25 00:00:00,UBER EATS 19,26.11,Restaurants,False,False,none
user_2,2025-04-25 00:00:00,SNCF INTERNET,8.97,Transport,False,False,none
user_2,2025-04-26 00:00:00,STARBUCKS SAINT FRANÇOIS,21.78,Restaurants,False,False,none
user_2,2025-04-27 00:00:00,FRANPRIX DUPRÉ,62.83,Groceries,False,False,none
user_2,2025-04-27 00:00:00,INTERMARCHE,45.06,Groceries,False,False,none
user_2,2025-04-28 00:00:00,MCDONALDS,6.43,Restaurants,False,False,none
user_2,2025-04-28 00:00:00,TOTAL ENERGIES,0.78,Transport,False,False,none
user_2,2025-04-28 00:00:00,CINEMA UGC RICHARD,14.99,Leisure,False,False,none
user_2,2025-04-28 00:00:00,CULTURA,46.53,Leisure,False,False,none
user_2,2025-05-01 00:00:00,AMAZON PRIME,23.7,Leisure,False,False,none
user_2,2025-05-02 00:00:00,MCDONALDS,3.93,Restaurants,False,False,none
user_2,2025-05-03 00:00:00,LOYER APPARTEMENT,616.23,Housing,True,False,none
user_2,2025-05-03 00:00:00,LE BISTROT GIRARD,16.84,Restaurants,False,False,none
user_2,2025-05-05 00:00:00,ABONNEMENT SALLE SPORT,23.83,Leisure,True,False,none
user_2,2025-05-05 00:00:00,CINEMA UGC,0.78,Leisure,False,False,none
user_2,2025-05-07 00:00:00,INTERMARCHE,41.09,Groceries,False,False,none
user_2,2025-05-07 00:00:00,AMAZON.FR,66.49,Shopping,False,False,none
user_2,2025-05-08 00:00:00,EDF ELECTRICITE,50.46,Utilities,True,False,none
user_2,2025-05-08 00:00:00,INTERMARCHE,43.02,Groceries,False,False,none
user_2,2025-05-09 00:00:00,LECLERC LAGARDEBOURG,61.46,Groceries,False,False,none
user_2,2025-05-09 00:00:00,SNCF INTERNET VALLETVILLE,19.84,Transport,False,False,none
user_2,2025-05-09 00:00:00,CB CULTURA,30.05,Leisure,False,False,none
user_2,2025-05-12 00:00:00,ORANGE MOBILE,19.9,Utilities,True,False,none
user_2,2025-05-12 00:00:00,UBER EATS COHENBOEUF,22.63,Restaurants,False,False,none
user_2,2025-05-12 00:00:00,PARKING INDIGO,32.55,Transport,False,False,none
user_2,2025-05-13 00:00:00,CB BOULANGERIE PAUL,24.06,Restaurants,False,False,none
user_2,2025-05-13 00:00:00,AMAZON.FR,26.01,Shopping,False,False,none
user_2,2025-05-15 00:00:00,ASSURANCE MAAF,31.55,Insurance,True,False,none
user_2,2025-05-15 00:00:00,NETFLIX.COM,10.01,Leisure,False,False,none
user_2,2025-05-17 00:00:00,LIDL,16.4,Groceries,False,False,none
user_2,2025-05-18 00:00:00,CB SUSHI SHOP,20.42,Restaurants,False,False,none
user_2,2025-05-22 00:00:00,CARREFOUR BODIN,25.35,Groceries,False,False,none
user_2,2025-05-22 00:00:00,BLABLACAR,41.83,Transport,False,False,none
user_2,2025-05-22 00:00:00,LABORATOIRE BIO 02,25.02,Health,False,False,none
user_2,2025-05-24 00:00:00,LECLERC 08,50.75,Groceries,False,False,none
user_2,2025-05-24 00:00:00,AUCHAN RAYMONDVILLE,32.8,Groceries,False,False,none
user_2,2025-05-25 00:00:00,LIDL 13,19.52,Groceries,False,False,none
user_2,2025-05-25 00:00:00,SUSHI SHOP 08,15.05,Restaurants,False,False,none
user_2,2025-05-27 00:00:00,LECLERC,37.85,Groceries,False,False,none
user_2,2025-05-27 00:00:00,BOULANGERIE PAUL LEBRUN-SUR-MER,19.4,Restaurants,False,False,none
user_2,2025-05-27 00:00:00,STARBUCKS BAUDRYDAN,28.51,Restaurants,False,False,none
user_2,2025-05-27 00:00:00,AMAZON PRIME,28.48,Leisure,False,False,none
user_2,2025-05-27 00:00:00,CULTURA 11,46.97,Leisure,False,False,none
user_2,2025-05-28 00:00:00,VELIB DA SILVAVILLE,24.81,Transport,False,False,none
user_2,2025-06-03 00:00:00,LOYER APPARTEMENT,601.17,Housing,True,False,none
user_2,2025-06-03 00:00:00,FRANPRIX,35.97,Groceries,False,False,none
user_2,2025-06-04 00:00:00,LECLERC GAUTIER-LA-FORÊT,22.01,Groceries,False,False,none
user_2,2025-06-04 00:00:00,UBER EATS 17,38.75,Restaurants,False,False,none
user_2,2025-06-04 00:00:00,SHEIN,83.14,Shopping,False,False,none
user_2,2025-06-05 00:00:00,ABONNEMENT SALLE SPORT,23.49,Leisure,True,False,none
user_2,2025-06-05 00:00:00,CASINO SUPERMARCHE 15,0.78,Groceries,False,False,none
user_2,2025-06-05 00:00:00,TOTAL ENERGIES,26.78,Transport,False,False,none
user_2,2025-06-07 00:00:00,CB AMAZON.FR,55.76,Shopping,False,False,none
user_2,2025-06-08 00:00:00,EDF ELECTRICITE,51.79,Utilities,True,False,none
user_2,2025-06-08 00:00:00,TOTAL ENERGIES DUVAL,4.02,Transport,False,False,none
user_2,2025-06-09 00:00:00,CB LE BISTROT,9.17,Restaurants,False,False,none
user_2,2025-06-09 00:00:00,BOULANGERIE PAUL 19,0.94,Restaurants,False,False,none
user_2,2025-06-10 00:00:00,STARBUCKS NICOLAS,27.58,Restaurants,False,False,none
user_2,2025-06-10 00:00:00,BOULANGERIE PAUL DENIS-SUR-LELEU,16.69,Restaurants,False,False,none
user_2,2025-06-11 00:00:00,CARREFOUR LÉVY,44.44,Groceries,False,False,none
user_2,2025-06-12 00:00:00,ORANGE MOBILE,19.79,Utilities,True,False,none
user_2,2025-06-12 00:00:00,UBER EATS THOMASVILLE,45.66,Restaurants,False,False,none
user_2,2025-06-12 00:00:00,NETFLIX.COM BONNIN-SUR-BOUVET,39.82,Leisure,False,False,none
user_2,2025-06-13 00:00:00,AMAZON.FR,83.06,Shopping,False,False,none
user_2,2025-06-14 00:00:00,UBER EATS,11.12,Restaurants,False,False,none
user_2,2025-06-14 00:00:00,AMAZON.FR DELANNOY-SUR-CHARPENTIER,83.05,Shopping,False,False,none
user_2,2025-06-15 00:00:00,ASSURANCE MAAF,31.9,Insurance,True,False,none
user_2,2025-06-15 00:00:00,STARBUCKS 19,32.17,Restaurants,False,False,none
user_2,2025-06-16 00:00:00,PHARMACIE,32.03,Health,False,False,none
user_2,2025-06-16 00:00:00,H&M LEFORT-SUR-MER,0.78,Shopping,False,False,none
user_2,2025-06-17 00:00:00,BOULANGERIE PAUL,31.88,Restaurants,False,False,none
user_2,2025-06-18 00:00:00,UBER 20,43.37,Transport,False,False,none
user_2,2025-06-19 00:00:00,CB INTERMARCHE,6.09,Groceries,False,False,none
user_2,2025-06-20 00:00:00,PARKING INDIGO HUMBERT-SUR-MER,40.51,Transport,False,False,none
user_2,2025-06-20 00:00:00,SNCF INTERNET COUSIN,31.02,Transport,False,False,none
user_2,2025-06-20 00:00:00,PARKING INDIGO 05,0.78,Transport,False,False,none
user_2,2025-06-21 00:00:00,SUSHI SHOP,22.8,Restaurants,False,False,none
user_2,2025-06-22 00:00:00,BOULANGERIE PAUL,32.23,Restaurants,False,False,none
user_2,2025-06-22 00:00:00,MCDONALDS,17.5,Restaurants,False,False,none
user_2,2025-06-23 00:00:00,SUSHI SHOP FABREDAN,19.44,Restaurants,False,False,none
user_2,2025-06-24 00:00:00,INTERMARCHE BRUNEL-SUR-REYNAUD,59.1,Groceries,False,False,none
user_2,2025-06-24 00:00:00,FRANPRIX,49.98,Groceries,False,False,none
user_2,2025-06-25 00:00:00,CARREFOUR,62.71,Groceries,False,False,none
user_2,2025-06-25 00:00:00,CASINO SUPERMARCHE TEIXEIRA,4.11,Groceries,False,False,none
user_2,2025-06-25 00:00:00,TOTAL ENERGIES,35.25,Transport,False,False,none
user_2,2025-06-26 00:00:00,VELIB,18.06,Transport,False,False,none
user_2,2025-06-27 00:00:00,CB DOCTOLIB,102.22,Health,False,False,none
user_2,2025-06-28 00:00:00,INTERMARCHE BERNARD,53.32,Groceries,False,False,none
user_3,2024-01-03 00:00:00,LOYER APPARTEMENT,737.67,Housing,True,False,none
user_3,2024-01-03 00:00:00,CB AMAZON.FR,0.95,Shopping,False,False,none
user_3,2024-01-04 00:00:00,BLABLACAR,41.36,Transport,False,False,none
user_3,2024-01-04 00:00:00,PARKING INDIGO 01,4.92,Transport,False,False,none
user_3,2024-01-05 00:00:00,ABONNEMENT SALLE SPORT,28.58,Leisure,True,False,none
user_3,2024-01-05 00:00:00,H&M JACQUOT,93.8,Shopping,False,False,none
user_3,2024-01-06 00:00:00,BOULANGERIE PAUL,20.41,Restaurants,False,False,none
user_3,2024-01-07 00:00:00,ESSO STATION VINCENT,10.11,Transport,False,False,none
user_3,2024-01-08 00:00:00,EDF ELECTRICITE,91.88,Utilities,True,False,none
user_3,2024-01-09 00:00:00,ESSO STATION,11.24,Transport,False,False,none
user_3,2024-01-12 00:00:00,ORANGE MOBILE,36.14,Utilities,True,False,none
user_3,2024-01-14 00:00:00,LIDL GAUDIN,49.07,Groceries,False,False,none
user_3,2024-01-14 00:00:00,FNAC,18.61,Leisure,False,False,none
user_3,2024-01-15 00:00:00,ASSURANCE MAAF,38.82,Insurance,True,False,none
user_3,2024-01-15 00:00:00,CB VELIB,55.43,Transport,False,False,none
user_3,2024-01-15 00:00:00,LABORATOIRE BIO HENRY-SUR-MER,25.66,Health,False,False,none
user_3,2024-01-16 00:00:00,CB STARBUCKS,37.02,Restaurants,False,False,none
user_3,2024-01-16 00:00:00,TOTAL ENERGIES,17.39,Transport,False,False,none
user_3,2024-01-16 00:00:00,AMAZON PRIME SAINTE LUCAS,66.35,Leisure,False,False,none
user_3,2024-01-17 00:00:00,DELIVEROO,20.24,Restaurants,False,False,none
user_3,2024-01-19 00:00:00,PARKING INDIGO,18.05,Transport,False,False,none
user_3,2024-01-20 00:00:00,UBER EATS,18.08,Restaurants,False,False,none
user_3,2024-01-21 00:00:00,KFC,68.54,Restaurants,False,False,none
user_3,2024-01-22 00:00:00,AMAZON PRIME,38.68,Leisure,False,False,none
user_3,2024-01-23 00:00:00,OPTIC 2000,43.12,Health,False,False,none
user_3,2024-01-24 00:00:00,INTERMARCHE,47.43,Groceries,False,False,none
user_3,2024-01-24 00:00:00,CB LE BISTROT,19.56,Restaurants,False,False,none
user_3,2024-01-24 00:00:00,CB UBER,82.73,Transport,False,False,none
user_3,2024-01-27 00:00:00,CB CARREFOUR,64.77,Groceries,False,False,none
user_3,2024-01-28 00:00:00,VELIB RENAULT,45.29,Transport,False,False,none
user_3,2024-02-02 00:00:00,TOTAL ENERGIES DUMONT,76.19,Transport,False,False,none
user_3,2024-02-03 00:00:00,LOYER APPARTEMENT,735.56,Housing,True,False,none
user_3,2024-02-04 00:00:00,BOULANGERIE PAUL 14,52.11,Restaurants,False,False,none
user_3,2024-02-05 00:00:00,ABONNEMENT SALLE SPORT,28.93,Leisure,True,False,none
user_3,2024-02-06 00:00:00,CASINO SUPERMARCHE,28.19,Groceries,False,False,none
user_3,2024-02-07 00:00:00,APPLE STORE DIJOUX,54.91,Shopping,False,False,none
user_3,2024-02-08 00:00:00,EDF ELECTRICITE,93.92,Utilities,True,False,none
user_3,2024-02-08 00:00:00,LECLERC,56.85,Groceries,False,False,none
user_3,2024-02-08 00:00:00,CB ZARA,77.04,Shopping,False,False,none
user_3,2024-02-09 00:00:00,DOCTOLIB 19,34.86,Health,False,False,none
user_3,2024-02-11 00:00:00,BOULANGERIE PAUL,59.85,Restaurants,False,False,none
user_3,2024-02-11 00:00:00,CB BOULANGERIE PAUL,67.02,Restaurants,False,False,none
user_3,2024-02-12 00:00:00,ORANGE MOBILE,35.43,Utilities,True,False,none
user_3,2024-02-13 00:00:00,KFC GUYON,16.13,Restaurants,False,False,none
user_3,2024-02-13 00:00:00,PARKING INDIGO FOURNIER,42.31,Transport,False,False,none
user_3,2024-02-15 00:00:00,ASSURANCE MAAF,38.3,Insurance,True,False,none
user_3,2024-02-15 00:00:00,CASINO SUPERMARCHE,63.33,Groceries,False,False,none
user_3,2024-02-15 00:00:00,MCDONALDS,0.95,Restaurants,False,False,none
user_3,2024-02-15 00:00:00,STARBUCKS NORMAND,36.42,Restaurants,False,False,none
user_3,2024-02-16 00:00:00,CARREFOUR,42.18,Groceries,False,False,none
user_3,2024-02-16 00:00:00,MCDONALDS,35.78,Restaurants,False,False,none
user_3,2024-02-18 00:00:00,FRANPRIX,70.44,Groceries,False,False,none
user_3,2024-02-18 00:00:00,STARBUCKS,48.3,Restaurants,False,False,none
user_3,2024-02-19 00:00:00,LECLERC 11,15.69,Groceries,False,False,none
user_3,2024-02-19 00:00:00,CARREFOUR,15.16,Groceries,False,False,none
user_3,2024-02-21 00:00:00,INTERMARCHE,5.17,Groceries,False,False,none
user_3,2024-02-21 00:00:00,CB UBER EATS,20.17,Restaurants,False,False,none
user_3,2024-02-21 00:00:00,RATP NAVIGO GODARD,38.92,Transport,False,False,none
user_3,2024-02-22 00:00:00,DECATHLON PELTIER-SUR-HERNANDEZ,23.28,Leisure,False,False,none
user_3,2024-02-24 00:00:00,LIDL,37.55,Groceries,False,False,none
user_3,2024-02-26 00:00:00,INTERMARCHE RENAUD,52.02,Groceries,False,False,none
user_3,2024-02-26 00:00:00,MCDONALDS,21.26,Restaurants,False,False,none
user_3,2024-02-26 00:00:00,PARKING INDIGO THOMAS,29.2,Transport,False,False,none
user_3,2024-02-27 00:00:00,AMAZON.FR LAINE,75.05,Shopping,False,False,none
user_3,2024-02-28 00:00:00,UBER EATS,12.33,Restaurants,False,False,none
user_3,2024-03-01 00:00:00,LIDL DUPRÉ,29.69,Groceries,False,False,none
user_3,2024-03-01 00:00:00,FRANPRIX,25.95,Groceries,False,False,none
user_3,2024-03-01 00:00:00,DENTISTE,0.95,Health,False,False,none
user_3,2024-03-01 00:00:00,ZARA GAUTIER-LA-FORÊT,25.15,Shopping,False,False,none
user_3,2024-03-02 00:00:00,CARREFOUR,104.02,Groceries,False,False,none
user_3,2024-03-02 00:00:00,CB DELIVEROO,46.57,Restaurants,False,False,none
user_3,2024-03-03 00:00:00,LOYER APPARTEMENT,747.29,Housing,True,False,none
user_3,2024-03-03 00:00:00,CARREFOUR 12,46.16,Groceries,False,False,none
user_3,2024-03-04 00:00:00,INTERMARCHE COUSIN,42.5,Groceries,False,False,none
user_3,2024-03-04 00:00:00,LECLERC,57.44,Groceries,False,False,none
user_3,2024-03-04 00:00:00,LIDL LOISEAU-SUR-BERGER,8.13,Groceries,False,False,none
user_3,2024-03-04 00:00:00,INTERMARCHE SAINTE PIERRE-LA-FORÊT,56.13,Groceries,False,False,none
user_3,2024-03-04 00:00:00,STARBUCKS POTTIER,2.26,Restaurants,False,False,none
user_3,2024-03-05 00:00:00,ABONNEMENT SALLE SPORT,28.4,Leisure,True,False,none
user_3,2024-03-05 00:00:00,CARREFOUR,54.53,Groceries,False,False,none
user_3,2024-03-05 00:00:00,TOTAL ENERGIES SAINT JOSEPH-LA-FORÊT,0.95,Transport,False,False,none
user_3,2024-03-05 00:00:00,CB AMAZON PRIME,48.19,Leisure,False,False,none
user_3,2024-03-07 00:00:00,MCDONALDS,13.43,Restaurants,False,False,none
user_3,2024-03-08 00:00:00,EDF ELECTRICITE,61.7,Utilities,True,False,none
user_3,2024-03-08 00:00:00,NETFLIX.COM 04,8.49,Leisure,False,False,none
user_3,2024-03-08 00:00:00,CULTURA,24.67,Leisure,False,False,none
user_3,2024-03-11 00:00:00,APPLE STORE,75.73,Shopping,False,False,none
user_3,2024-03-12 00:00:00,ORANGE MOBILE,23.49,Utilities,True,False,none
user_3,2024-03-12 00:00:00,CB LABORATOIRE BIO,35.9,Health,False,False,none
user_3,2024-03-14 00:00:00,DELIVEROO 10,41.33,Restaurants,False,False,none
user_3,2024-03-14 00:00:00,LE BISTROT PEREZBOURG,20.29,Restaurants,False,False,none
user_3,2024-03-14 00:00:00,CB BLABLACAR,0.95,Transport,False,False,none
user_3,2024-03-15 00:00:00,ASSURANCE MAAF,37.97,Insurance,True,False,none
user_3,2024-03-15 00:00:00,BOULANGERIE PAUL JOUBERTVILLE,21.01,Restaurants,False,False,none
user_3,2024-03-15 00:00:00,UBER EATS JOURDANBOURG,19.95,Restaurants,False,False,none
user_3,2024-03-16 00:00:00,LE BISTROT,29.14,Restaurants,False,False,none
user_3,2024-03-16 00:00:00,CINEMA UGC 01,53.36,Leisure,False,False,none
user_3,2024-03-17 00:00:00,CB LIDL,59.95,Groceries,False,False,none
user_3,2024-03-18 00:00:00,CB MCDONALDS,19.83,Restaurants,False,False,none
user_3,2024-03-19 00:00:00,MONOPRIX LAPORTE-SUR-OLLIVIER,20.75,Groceries,False,False,none
user_3,2024-03-19 00:00:00,CARREFOUR,14.61,Groceries,False,False,none
user_3,2024-03-19 00:00:00,RATP NAVIGO WAGNERBOEUF,21.11,Transport,False,False,none
user_3,2024-03-20 00:00:00,LECLERC COHEN,0.95,Groceries,False,False,none
user_3,2024-03-20 00:00:00,BLABLACAR CORDIER,27.32,Transport,False,False,none
user_3,2024-03-20 00:00:00,AMAZON.FR SAINTE PAULETTEDAN,84.89,Shopping,False,False,none
user_3,2024-03-21 00:00:00,MONOPRIX PIRESBOEUF,31.14,Groceries,False,False,none
user_3,2024-03-22 00:00:00,CB RATP NAVIGO,67.02,Transport,False,False,none
user_3,2024-03-23 00:00:00,LIDL LEROUXNEC,24.64,Groceries,False,False,none
user_3,2024-03-24 00:00:00,RATP NAVIGO,50.56,Transport,False,False,none
user_3,2024-03-24 00:00:00,CINEMA UGC 13,1.19,Leisure,False,False,none
user_3,2024-03-26 00:00:00,FNAC,49.0,Leisure,False,False,none
user_3,2024-03-28 00:00:00,MCDONALDS 04,40.95,Restaurants,False,False,none
user_3,2024-03-28 00:00:00,H&M,69.13,Shopping,False,False,none
user_3,2024-04-03 00:00:00,LOYER APPARTEMENT,749.8,Housing,True,False,none
user_3,2024-04-03 00:00:00,AUCHAN 18,28.92,Groceries,False,False,none
user_3,2024-04-05 00:00:00,ABONNEMENT SALLE SPORT,28.98,Leisure,True,False,none
user_3,2024-04-07 00:00:00,TOTAL ENERGIES BLANCHARD-LES-BAINS,0.95,Transport,False,False,none
user_3,2024-04-08 00:00:00,EDF ELECTRICITE,61.35,Utilities,True,False,none
user_3,2024-04-08 00:00:00,CB UBER EATS,29.56,Restaurants,False,False,none
user_3,2024-04-10 00:00:00,STARBUCKS BOUVET,5.58,Restaurants,False,False,none
user_3,2024-04-12 00:00:00,ORANGE MOBILE,23.94,Utilities,True,False,none
user_3,2024-04-12 00:00:00,AUCHAN DUBOIS,54.72,Groceries,False,False,none
user_3,2024-04-13 00:00:00,PARKING INDIGO FLEURY-SUR-LECLERCQ,0.95,Transport,False,False,none
user_3,2024-04-14 00:00:00,CB LIDL,32.65,Groceries,False,False,none
user_3,2024-04-14 00:00:00,CB STARBUCKS,27.71,Restaurants,False,False,none
user_3,2024-04-14 00:00:00,STEAM GAMES,39.09,Leisure,False,False,none
user_3,2024-04-15 00:00:00,ASSURANCE MAAF,38.29,Insurance,True,False,none
user_3,2024-04-16 00:00:00,AUCHAN 01,58.71,Groceries,False,False,none
user_3,2024-04-16 00:00:00,LE BISTROT,6.5,Restaurants,False,False,none
user_3,2024-04-17 00:00:00,LIDL MORVAN-LA-FORÊT,20.07,Groceries,False,False,none
user_3,2024-04-18 00:00:00,SUSHI SHOP SAINTE ÉLISE,42.88,Restaurants,False,False,none
user_3,2024-04-24 00:00:00,TOTAL ENERGIES,7.28,Transport,False,False,none
user_3,2024-04-24 00:00:00,AMAZON PRIME,64.67,Leisure,False,False,none
user_3,2024-04-27 00:00:00,VELIB VINCENT-SUR-HAMEL,2.35,Transport,False,False,none
user_3,2024-04-28 00:00:00,CASINO SUPERMARCHE,41.04,Groceries,False,False,none
user_3,2024-05-02 00:00:00,UBER,0.95,Transport,False,False,none
user_3,2024-05-02 00:00:00,PARKING INDIGO,35.41,Transport,False,False,none
user_3,2024-05-02 00:00:00,ESSO STATION,67.04,Transport,False,False,none
user_3,2024-05-03 00:00:00,LOYER APPARTEMENT,751.94,Housing,True,False,none
user_3,2024-05-03 00:00:00,CASINO SUPERMARCHE MULLER-SUR-LECLERCQ,38.8,Groceries,False,False,none
user_3,2024-05-03 00:00:00,BLABLACAR FAURE-SUR-GUYOT,70.6,Transport,False,False,none
user_3,2024-05-04 00:00:00,BLABLACAR,30.32,Transport,False,False,none
user_3,2024-05-05 00:00:00,ABONNEMENT SALLE SPORT,29.12,Leisure,True,False,none
user_3,2024-05-05 00:00:00,LECLERC 18,29.38,Groceries,False,False,none
user_3,2024-05-06 00:00:00,CARREFOUR MARCHAL-SUR-GOMES,21.38,Groceries,False,False,none
user_3,2024-05-08 00:00:00,EDF ELECTRICITE,61.11,Utilities,True,False,none
user_3,2024-05-08 00:00:00,DELIVEROO PINTODAN,19.14,Restaurants,False,False,none
user_3,2024-05-08 00:00:00,CB STEAM GAMES,0.95,Leisure,False,False,none
user_3,2024-05-08 00:00:00,CINEMA UGC SAINTE ÉMILIE,0.95,Leisure,False,False,none
user_3,2024-05-09 00:00:00,CASINO SUPERMARCHE,46.21,Groceries,False,False,none
user_3,2024-05-10 00:00:00,BLABLACAR 04,0.95,Transport,False,False,none
user_3,2024-05-11 00:00:00,BOULANGERIE PAUL,23.84,Restaurants,False,False,none
user_3,2024-05-11 00:00:00,LABORATOIRE BIO GROSBOURG,49.19,Health,False,False,none
user_3,2024-05-12 00:00:00,ORANGE MOBILE,23.43,Utilities,True,False,none
user_3,2024-05-12 00:00:00,DENTISTE,27.04,Health,False,False,none
user_3,2024-05-13 00:00:00,AUCHAN SAINTE EUGÈNE-SUR-MER,76.09,Groceries,False,False,none
user_3,2024-05-13 00:00:00,CINEMA UGC,10.59,Leisure,False,False,none
user_3,2024-05-13 00:00:00,SPOTIFY,47.85,Leisure,False,False,none
user_3,2024-05-14 00:00:00,CARREFOUR,34.56,Groceries,False,False,none
user_3,2024-05-15 00:00:00,ASSURANCE MAAF,38.78,Insurance,True,False,none
user_3,2024-05-16 00:00:00,H&M 17,58.64,Shopping,False,False,none
user_3,2024-05-18 00:00:00,INTERMARCHE,37.84,Groceries,False,False,none
user_3,2024-05-18 00:00:00,MUTUELLE HUBERT-LA-FORÊT,29.38,Health,False,False,none
user_3,2024-05-18 00:00:00,SHEIN,120.51,Shopping,False,False,none
user_3,2024-05-19 00:00:00,CARREFOUR BOULANGER-LA-FORÊT,29.52,Groceries,False,False,none
user_3,2024-05-21 00:00:00,AUCHAN,70.56,Groceries,False,False,none
user_3,2024-05-21 00:00:00,VELIB,60.18,Transport,False,False,none
user_3,2024-05-22 00:00:00,LE BISTROT,32.86,Restaurants,False,False,none
user_3,2024-05-22 00:00:00,SUSHI SHOP,6.84,Restaurants,False,False,none
user_3,2024-05-23 00:00:00,AUCHAN HOARAU,61.97,Groceries,False,False,none
user_3,2024-05-24 00:00:00,ESSO STATION 10,13.3,Transport,False,False,none
user_3,2024-05-24 00:00:00,AMAZON PRIME,27.45,Leisure,False,False,none
user_3,2024-05-25 00:00:00,RATP NAVIGO PIERRE-LA-FORÊT,3.95,Transport,False,False,none
user_3,2024-05-25 00:00:00,TOTAL ENERGIES,44.54,Transport,False,False,none
user_3,2024-05-25 00:00:00,CB OPTIC 2000,57.79,Health,False,False,none
user_3,2024-05-26 00:00:00,IKEA BONNEAU,62.14,Shopping,False,False,none
user_3,2024-05-27 00:00:00,AUCHAN 08,29.14,Groceries,False,False,none
user_3,2024-05-27 00:00:00,APPLE STORE,112.91,Shopping,False,False,none
user_3,2024-05-28 00:00:00,FRANPRIX 11,89.5,Groceries,False,False,none
user_3,2024-05-28 00:00:00,BOULANGERIE PAUL LUCAS,30.78,Restaurants,False,False,none
user_3,2024-05-28 00:00:00,RATP NAVIGO,27.0,Transport,False,False,none
user_3,2024-06-01 00:00:00,SPOTIFY 16,1.19,Leisure,False,False,none
user_3,2024-06-01 00:00:00,ZARA 19,81.4,Shopping,False,False,none
user_3,2024-06-02 00:00:00,LECLERC 15,38.35,Groceries,False,False,none
user_3,2024-06-02 00:00:00,FNAC SAINTE MARCEL-LES-BAINS,72.3,Leisure,False,False,none
user_3,2024-06-02 00:00:00,OPTIC 2000,61.68,Health,False,False,none
user_3,2024-06-03 00:00:00,LOYER APPARTEMENT,744.86,Housing,True,False,none
user_3,2024-06-03 00:00:00,AMAZON PRIME LEGROS,29.03,Leisure,False,False,none
user_3,2024-06-03 00:00:00,AMAZON PRIME,14.93,Leisure,False,False,none
user_3,2024-06-03 00:00:00,SHEIN FOURNIER-LES-BAINS,12.96,Shopping,False,False,none
user_3,2024-06-04 00:00:00,LECLERC,36.86,Groceries,False,False,none
user_3,2024-06-04 00:00:00,STARBUCKS,45.25,Restaurants,False,False,none
user_3,2024-06-04 00:00:00,CB UBER EATS,17.23,Restaurants,False,False,none
user_3,2024-06-04 00:00:00,UBER EATS,29.02,Restaurants,False,False,none
user_3,2024-06-04 00:00:00,UBER,15.17,Transport,False,False,none
user_3,2024-06-04 00:00:00,CB TOTAL ENERGIES,26.7,Transport,False,False,none
user_3,2024-06-05 00:00:00,ABONNEMENT SALLE SPORT,29.13,Leisure,True,False,none
user_3,2024-06-05 00:00:00,LIDL DUPONT,59.92,Groceries,False,False,none
user_3,2024-06-06 00:00:00,CASINO SUPERMARCHE GRONDINBOURG,37.2,Groceries,False,False,none
user_3,2024-06-06 00:00:00,LIDL,77.34,Groceries,False,False,none
user_3,2024-06-08 00:00:00,EDF ELECTRICITE,62.44,Utilities,True,False,none
user_3,2024-06-08 00:00:00,SNCF INTERNET 13,29.82,Transport,False,False,none
user_3,2024-06-08 00:00:00,SNCF INTERNET 03,38.8,Transport,False,False,none
user_3,2024-06-08 00:00:00,SHEIN SIMON-SUR-MER,159.9,Shopping,False,False,none
user_3,2024-06-09 00:00:00,CB SNCF INTERNET,41.38,Transport,False,False,none
user_3,2024-06-11 00:00:00,DECATHLON BESNARD,8.7,Leisure,False,False,none
user_3,2024-06-11 00:00:00,DOCTOLIB 16,0.95,Health,False,False,none
user_3,2024-06-12 00:00:00,ORANGE MOBILE,24.19,Utilities,True,False,none
user_3,2024-06-12 00:00:00,LIDL,40.48,Groceries,False,False,none
user_3,2024-06-12 00:00:00,H&M ALLAIN-SUR-RENARD,49.75,Shopping,False,False,none
user_3,2024-06-13 00:00:00,LECLERC PELLETIERVILLE,57.34,Groceries,False,False,none
user_3,2024-06-13 00:00:00,LIDL,17.79,Groceries,False,False,none
user_3,2024-06-13 00:00:00,FNAC MARION,14.96,Leisure,False,False,none
user_3,2024-06-15 00:00:00,ASSURANCE MAAF,37.43,Insurance,True,False,none
user_3,2024-06-15 00:00:00,ESSO STATION 12,25.66,Transport,False,False,none
user_3,2024-06-15 00:00:00,CINEMA UGC,8.3,Leisure,False,False,none
user_3,2024-06-16 00:00:00,CB FRANPRIX,59.36,Groceries,False,False,none
user_3,2024-06-16 00:00:00,LECLERC HENRY,32.77,Groceries,False,False,none
user_3,2024-06-18 00:00:00,LIDL COLIN,37.38,Groceries,False,False,none
user_3,2024-06-19 00:00:00,CB CASINO SUPERMARCHE,30.27,Groceries,False,False,none
user_3,2024-06-20 00:00:00,BLABLACAR COLAS-LES-BAINS,20.92,Transport,False,False,none
user_3,2024-06-21 00:00:00,CB SEPHORA,56.81,Shopping,False,False,none
user_3,2024-06-23 00:00:00,CB AUCHAN,29.67,Groceries,False,False,none
user_3,2024-06-23 00:00:00,ZALANDO ARNAUD,1.19,Shopping,False,False,none
user_3,2024-06-26 00:00:00,TOTAL ENERGIES 08,37.48,Transport,False,False,none
user_3,2024-06-28 00:00:00,AMAZON PRIME,0.95,Leisure,False,False,none
user_3,2024-07-01 00:00:00,CULTURA,0.95,Leisure,False,False,none
user_3,2024-07-01 00:00:00,CULTURA 08,0.95,Leisure,False,False,none
user_3,2024-07-02 00:00:00,CASINO SUPERMARCHE PAYETBOURG,56.87,Groceries,False,False,none
user_3,2024-07-03 00:00:00,LOYER APPARTEMENT,748.0,Housing,True,False,none
user_3,2024-07-03 00:00:00,VELIB MARION,22.12,Transport,False,False,none
user_3,2024-07-03 00:00:00,CB LABORATOIRE BIO,27.56,Health,False,False,none
user_3,2024-07-04 00:00:00,TOTAL ENERGIES,78.98,Transport,False,False,none
user_3,2024-07-04 00:00:00,SNCF INTERNET 16,5.74,Transport,False,False,none
user_3,2024-07-05 00:00:00,ABONNEMENT SALLE SPORT,28.78,Leisure,True,False,none
user_3,2024-07-06 00:00:00,MONOPRIX,7.9,Groceries,False,False,none
user_3,2024-07-06 00:00:00,LIDL AUBRY-LES-BAINS,27.31,Groceries,False,False,none
user_3,2024-07-06 00:00:00,UBER EATS,45.15,Restaurants,False,False,none
user_3,2024-07-07 00:00:00,CB SPOTIFY,82.9,Leisure,False,False,none
user_3,2024-07-08 00:00:00,EDF ELECTRICITE,60.75,Utilities,True,False,none
user_3,2024-07-08 00:00:00,INTERMARCHE,43.46,Groceries,False,False,none
user_3,2024-07-10 00:00:00,LECLERC 19,46.02,Groceries,False,False,none
user_3,2024-07-10 00:00:00,CARREFOUR BODINNEC,26.86,Groceries,False,False,none
user_3,2024-07-10 00:00:00,STEAM GAMES,25.65,Leisure,False,False,none
user_3,2024-07-12 00:00:00,ORANGE MOBILE,24.29,Utilities,True,False,none
user_3,2024-07-12 00:00:00,KFC,9.08,Restaurants,False,False,none
user_3,2024-07-13 00:00:00,VELIB BARBENEC,52.87,Transport,False,False,none
user_3,2024-07-15 00:00:00,ASSURANCE MAAF,37.75,Insurance,True,False,none
user_3,2024-07-15 00:00:00,UBER EATS BRUNEL-SUR-MOREL,59.1,Restaurants,False,False,none
user_3,2024-07-16 00:00:00,ZARA,59.6,Shopping,False,False,none
user_3,2024-07-17 00:00:00,PARKING INDIGO 02,103.87,Transport,False,False,none
user_3,2024-07-17 00:00:00,TOTAL ENERGIES,76.17,Transport,False,False,none
user_3,2024-07-18 00:00:00,FRANPRIX,31.83,Groceries,False,False,none
user_3,2024-07-18 00:00:00,APPLE STORE 07,113.28,Shopping,False,False,none
user_3,2024-07-19 00:00:00,AUCHAN,8.89,Groceries,False,False,none
user_3,2024-07-19 00:00:00,CASINO SUPERMARCHE,16.92,Groceries,False,False,none
user_3,2024-07-20 00:00:00,INTERMARCHE BRUNEL-LES-BAINS,65.53,Groceries,False,False,none
user_3,2024-07-21 00:00:00,ESSO STATION 19,40.83,Transport,False,False,none
user_3,2024-07-21 00:00:00,FNAC 09,32.41,Leisure,False,False,none
user_3,2024-07-21 00:00:00,AMAZON PRIME DEVAUX-SUR-LEJEUNE,58.63,Leisure,False,False,none
user_3,2024-07-22 00:00:00,LECLERC,38.4,Groceries,False,False,none
user_3,2024-07-22 00:00:00,LIDL,43.05,Groceries,False,False,none
user_3,2024-07-22 00:00:00,LIDL GODARDBOURG,39.28,Groceries,False,False,none
user_3,2024-07-22 00:00:00,MCDONALDS,50.95,Restaurants,False,False,none
user_3,2024-07-23 00:00:00,CB RATP NAVIGO,37.68,Transport,False,False,none
user_3,2024-07-24 00:00:00,CB PHARMACIE,43.09,Health,False,False,none
user_3,2024-07-26 00:00:00,LECLERC,26.8,Groceries,False,False,none
user_3,2024-07-26 00:00:00,CASINO SUPERMARCHE GEORGES-SUR-LEDUC,27.55,Groceries,False,False,none
user_3,2024-07-26 00:00:00,CB STARBUCKS,27.45,Restaurants,False,False,none
user_3,2024-07-26 00:00:00,DOCTOLIB SAINT HORTENSE,7.5,Health,False,False,none
user_3,2024-07-27 00:00:00,SUSHI SHOP,33.97,Restaurants,False,False,none
user_3,2024-07-27 00:00:00,DECATHLON,7.09,Leisure,False,False,none
user_3,2024-07-27 00:00:00,STEAM GAMES,69.0,Leisure,False,False,none
user_3,2024-08-01 00:00:00,MONOPRIX FLEURY-SUR-BERTIN,36.75,Groceries,False,False,none
user_3,2024-08-01 00:00:00,AUCHAN 12,45.34,Groceries,False,False,none
user_3,2024-08-01 00:00:00,CB MCDONALDS,21.19,Restaurants,False,False,none
user_3,2024-08-01 00:00:00,PARKING INDIGO,47.32,Transport,False,False,none
user_3,2024-08-01 00:00:00,SHEIN,24.21,Shopping,False,False,none
user_3,2024-08-01 00:00:00,SHEIN 07,32.98,Shopping,False,False,none
user_3,2024-08-02 00:00:00,AMAZON.FR,79.35,Shopping,False,False,none
user_3,2024-08-03 00:00:00,LOYER APPARTEMENT,749.67,Housing,True,False,none
user_3,2024-08-03 00:00:00,IKEA,90.25,Shopping,False,False,none
user_3,2024-08-04 00:00:00,SUSHI SHOP,16.05,Restaurants,False,False,none
user_3,2024-08-05 00:00:00,ABONNEMENT SALLE SPORT,29.14,Leisure,True,False,none
user_3,2024-08-06 00:00:00,LECLERC GAUTIER,58.14,Groceries,False,False,none
user_3,2024-08-06 00:00:00,CASINO SUPERMARCHE,35.73,Groceries,False,False,none
user_3,2024-08-06 00:00:00,PARKING INDIGO 03,76.69,Transport,False,False,none
user_3,2024-08-08 00:00:00,EDF ELECTRICITE,61.34,Utilities,True,False,none
user_3,2024-08-08 00:00:00,H&M,52.09,Shopping,False,False,none
user_3,2024-08-09 00:00:00,SUSHI SHOP 05,24.7,Restaurants,False,False,none
user_3,2024-08-10 00:00:00,MONOPRIX,42.47,Groceries,False,False,none
user_3,2024-08-10 00:00:00,TOTAL ENERGIES MARÉCHALBOEUF,53.3,Transport,False,False,none
user_3,2024-08-10 00:00:00,ESSO STATION,65.13,Transport,False,False,none
user_3,2024-08-11 00:00:00,SHEIN BOYER-SUR-BECKER,51.67,Shopping,False,False,none
user_3,2024-08-12 00:00:00,ORANGE MOBILE,23.83,Utilities,True,False,none
user_3,2024-08-13 00:00:00,OPTIC 2000,0.95,Health,False,False,none
user_3,2024-08-13 00:00:00,PHARMACIE 17,52.77,Health,False,False,none
user_3,2024-08-14 00:00:00,ESSO STATION,1.33,Transport,False,False,none
user_3,2024-08-14 00:00:00,AMAZON PRIME CHEVALIER,20.27,Leisure,False,False,none
user_3,2024-08-14 00:00:00,CULTURA,56.27,Leisure,False,False,none
user_3,2024-08-15 00:00:00,ASSURANCE MAAF,37.52,Insurance,True,False,none
user_3,2024-08-15 00:00:00,INTERMARCHE,67.44,Groceries,False,False,none
user_3,2024-08-16 00:00:00,BOULANGERIE PAUL,18.44,Restaurants,False,False,none
user_3,2024-08-16 00:00:00,RATP NAVIGO BOUSQUETVILLE,10.57,Transport,False,False,none
user_3,2024-08-16 00:00:00,CB IKEA,106.51,Shopping,False,False,none
user_3,2024-08-17 00:00:00,UBER EATS 18,13.99,Restaurants,False,False,none
user_3,2024-08-17 00:00:00,BLABLACAR,35.43,Transport,False,False,none
user_3,2024-08-17 00:00:00,TOTAL ENERGIES 20,60.31,Transport,False,False,none
user_3,2024-08-18 00:00:00,STARBUCKS,20.23,Restaurants,False,False,none
user_3,2024-08-18 00:00:00,ESSO STATION,72.5,Transport,False,False,none
user_3,2024-08-18 00:00:00,BLABLACAR 06,43.61,Transport,False,False,none
user_3,2024-08-19 00:00:00,MCDONALDS 07,9.09,Restaurants,False,False,none
user_3,2024-08-19 00:00:00,SNCF INTERNET,17.11,Transport,False,False,none
user_3,2024-08-21 00:00:00,STARBUCKS 12,1.14,Restaurants,False,False,none
user_3,2024-08-21 00:00:00,CB STARBUCKS,52.75,Restaurants,False,False,none
user_3,2024-08-26 00:00:00,SPOTIFY,59.62,Leisure,False,False,none
user_3,2024-08-27 00:00:00,KFC 10,14.56,Restaurants,False,False,none
user_3,2024-09-01 00:00:00,LECLERC VALETTE,35.91,Groceries,False,False,none
user_3,2024-09-01 00:00:00,LECLERC,67.01,Groceries,False,False,none
user_3,2024-09-01 00:00:00,H&M AUBRY,109.43,Shopping,False,False,none
user_3,2024-09-03 00:00:00,LOYER APPARTEMENT,752.07,Housing,True,False,none
user_3,2024-09-03 00:00:00,CB LE BISTROT,13.09,Restaurants,False,False,none
user_3,2024-09-03 00:00:00,STARBUCKS,11.53,Restaurants,False,False,none
user_3,2024-09-03 00:00:00,UBER 15,14.46,Transport,False,False,none
user_3,2024-09-03 00:00:00,AMAZON PRIME BAUDRY,68.46,Leisure,False,False,none
user_3,2024-09-04 00:00:00,SUSHI SHOP,25.49,Restaurants,False,False,none
user_3,2024-09-04 00:00:00,SNCF INTERNET 09,48.11,Transport,False,False,none
user_3,2024-09-05 00:00:00,ABONNEMENT SALLE SPORT,28.7,Leisure,True,False,none
user_3,2024-09-05 00:00:00,CB STARBUCKS,27.76,Restaurants,False,False,none
user_3,2024-09-06 00:00:00,CARREFOUR,50.8,Groceries,False,False,none
user_3,2024-09-06 00:00:00,H&M MENARD,116.44,Shopping,False,False,none
user_3,2024-09-07 00:00:00,ZARA,52.21,Shopping,False,False,none
user_3,2024-09-08 00:00:00,EDF ELECTRICITE,60.94,Utilities,True,False,none
user_3,2024-09-08 00:00:00,CB AUCHAN,75.63,Groceries,False,False,none
user_3,2024-09-08 00:00:00,LE BISTROT BRUNEAUVILLE,27.27,Restaurants,False,False,none
user_3,2024-09-08 00:00:00,NETFLIX.COM MENARD,30.4,Leisure,False,False,none
user_3,2024-09-08 00:00:00,STEAM GAMES DIDIER,29.75,Leisure,False,False,none
user_3,2024-09-09 00:00:00,INTERMARCHE GROS-SUR-BLONDEL,21.0,Groceries,False,False,none
user_3,2024-09-09 00:00:00,CARREFOUR,41.43,Groceries,False,False,none
user_3,2024-09-09 00:00:00,TOTAL ENERGIES,38.67,Transport,False,False,none
user_3,2024-09-10 00:00:00,DELIVEROO,53.12,Restaurants,False,False,none
user_3,2024-09-10 00:00:00,CULTURA MAILLETBOEUF,23.07,Leisure,False,False,none
user_3,2024-09-11 00:00:00,INTERMARCHE,52.21,Groceries,False,False,none
user_3,2024-09-11 00:00:00,LECLERC 07,43.6,Groceries,False,False,none
user_3,2024-09-11 00:00:00,BLABLACAR LABBÉ,8.65,Transport,False,False,none
user_3,2024-09-11 00:00:00,MUTUELLE,49.93,Health,False,False,none
user_3,2024-09-12 00:00:00,ORANGE MOBILE,24.28,Utilities,True,False,none
user_3,2024-09-14 00:00:00,AUCHAN 13,48.32,Groceries,False,False,none
user_3,2024-09-14 00:00:00,LE BISTROT,18.64,Restaurants,False,False,none
user_3,2024-09-15 00:00:00,ASSURANCE MAAF,37.38,Insurance,True,False,none
user_3,2024-09-15 00:00:00,BOULANGERIE PAUL,17.29,Restaurants,False,False,none
user_3,2024-09-17 00:00:00,CASINO SUPERMARCHE SAINTE MONIQUEBOEUF,32.89,Groceries,False,False,none
user_3,2024-09-17 00:00:00,SUSHI SHOP GUILLOUBOURG,28.74,Restaurants,False,False,none
user_3,2024-09-17 00:00:00,CB STARBUCKS,20.53,Restaurants,False,False,none
user_3,2024-09-19 00:00:00,MONOPRIX JEAN,458.6,Groceries,False,True,amount_spike
user_3,2024-09-20 00:00:00,BOULANGERIE PAUL SAINTE ÉLISE-LA-FORÊT,6.43,Restaurants,False,False,none
user_3,2024-09-21 00:00:00,ESSO STATION,9.86,Transport,False,False,none
user_3,2024-09-21 00:00:00,SNCF INTERNET 12,54.12,Transport,False,False,none
user_3,2024-09-21 00:00:00,CB ESSO STATION,75.44,Transport,False,False,none
user_3,2024-09-21 00:00:00,AMAZON PRIME OLLIVIER,2.33,Leisure,False,False,none
user_3,2024-09-22 00:00:00,AUCHAN 01,34.37,Groceries,False,False,none
user_3,2024-09-22 00:00:00,BLABLACAR,5.59,Transport,False,False,none
user_3,2024-09-22 00:00:00,ESSO STATION,18.98,Transport,False,False,none
user_3,2024-09-27 00:00:00,CARREFOUR,9.34,Groceries,False,False,none
user_3,2024-09-28 00:00:00,CARREFOUR,66.03,Groceries,False,False,none
user_3,2024-10-01 00:00:00,CINEMA UGC,19.01,Leisure,False,False,none
user_3,2024-10-02 00:00:00,BLABLACAR 01,21.28,Transport,False,False,none
user_3,2024-10-02 00:00:00,PARKING INDIGO 16,69.92,Transport,False,False,none
user_3,2024-10-02 00:00:00,BLABLACAR 13,20.16,Transport,False,False,none
user_3,2024-10-03 00:00:00,LOYER APPARTEMENT,755.33,Housing,True,False,none
user_3,2024-10-03 00:00:00,CB MCDONALDS,35.77,Restaurants,False,False,none
user_3,2024-10-03 00:00:00,CB H&M,25.98,Shopping,False,False,none
user_3,2024-10-04 00:00:00,CB LIDL,42.86,Groceries,False,False,none
user_3,2024-10-05 00:00:00,ABONNEMENT SALLE SPORT,28.42,Leisure,True,False,none
user_3,2024-10-05 00:00:00,CB VELIB,45.17,Transport,False,False,none
user_3,2024-10-07 00:00:00,CB RATP NAVIGO,27.06,Transport,False,False,none
user_3,2024-10-07 00:00:00,CULTURA,0.95,Leisure,False,False,none
user_3,2024-10-08 00:00:00,EDF ELECTRICITE,60.91,Utilities,True,False,none
user_3,2024-10-08 00:00:00,BLABLACAR,21.43,Transport,False,False,none
user_3,2024-10-08 00:00:00,IKEA,9.29,Shopping,False,False,none
user_3,2024-10-09 00:00:00,AUCHAN,73.67,Groceries,False,False,none
user_3,2024-10-10 00:00:00,SPOTIFY REYNAUD,42.29,Leisure,False,False,none
user_3,2024-10-12 00:00:00,ORANGE MOBILE,23.66,Utilities,True,False,none
user_3,2024-10-12 00:00:00,BLABLACAR 14,49.64,Transport,False,False,none
user_3,2024-10-13 00:00:00,ESSO STATION POIRIER-SUR-LEMOINE,9.57,Transport,False,False,none
user_3,2024-10-13 00:00:00,CINEMA UGC,42.67,Leisure,False,False,none
user_3,2024-10-14 00:00:00,FRANPRIX 04,60.98,Groceries,False,False,none
user_3,2024-10-14 00:00:00,AUCHAN 17,27.98,Groceries,False,False,none
user_3,2024-10-15 00:00:00,ASSURANCE MAAF,38.16,Insurance,True,False,none
user_3,2024-10-15 00:00:00,FRANPRIX SAINTE LAETITIAVILLE,75.95,Groceries,False,False,none
user_3,2024-10-15 00:00:00,KFC 04,33.21,Restaurants,False,False,none
user_3,2024-10-15 00:00:00,PARKING INDIGO RAYMONDBOEUF,17.78,Transport,False,False,none
user_3,2024-10-15 00:00:00,STEAM GAMES,19.38,Leisure,False,False,none
user_3,2024-10-16 00:00:00,ZARA 18,50.05,Shopping,False,False,none
user_3,2024-10-17 00:00:00,MCDONALDS 06,45.39,Restaurants,False,False,none
user_3,2024-10-20 00:00:00,ESSO STATION GILLET,28.22,Transport,False,False,none
user_3,2024-10-21 00:00:00,FRANPRIX 19,71.47,Groceries,False,False,none
user_3,2024-10-21 00:00:00,CASINO SUPERMARCHE HAMEL,21.03,Groceries,False,False,none
user_3,2024-10-21 00:00:00,DECATHLON DUHAMELVILLE,0.95,Leisure,False,False,none
user_3,2024-10-22 00:00:00,SUSHI SHOP,16.55,Restaurants,False,False,none
user_3,2024-10-23 00:00:00,INTERMARCHE MARTELVILLE,42.0,Groceries,False,False,none
user_3,2024-10-23 00:00:00,ZARA BERTIN,54.3,Shopping,False,False,none
user_3,2024-10-24 00:00:00,PHARMACIE 06,50.84,Health,False,False,none
user_3,2024-10-25 00:00:00,CB AUCHAN,47.64,Groceries,False,False,none
user_3,2024-10-25 00:00:00,ESSO STATION MASSE,73.19,Transport,False,False,none
user_3,2024-10-25 00:00:00,UBER TORRES-SUR-ROLLAND,70.72,Transport,False,False,none
user_3,2024-10-25 00:00:00,AMAZON PRIME,2.49,Leisure,False,False,none
user_3,2024-10-25 00:00:00,DOCTOLIB OLLIVIER,20.42,Health,False,False,none
user_3,2024-10-27 00:00:00,CARREFOUR GUICHARDBOEUF,36.33,Groceries,False,False,none
user_3,2024-10-27 00:00:00,TOTAL ENERGIES,40.93,Transport,False,False,none
user_3,2024-10-27 00:00:00,STEAM GAMES LUCASBOEUF,35.06,Leisure,False,False,none
user_3,2024-10-28 00:00:00,CARREFOUR,35.17,Groceries,False,False,none
user_3,2024-10-28 00:00:00,CB STEAM GAMES,0.95,Leisure,False,False,none
user_3,2024-10-28 00:00:00,ZALANDO,6.33,Shopping,False,False,none
user_3,2024-11-01 00:00:00,CASINO SUPERMARCHE RIVIÈREBOEUF,60.42,Groceries,False,False,none
user_3,2024-11-01 00:00:00,H&M MEYER-SUR-CLÉMENT,1.52,Shopping,False,False,none
user_3,2024-11-03 00:00:00,LOYER APPARTEMENT,753.33,Housing,True,False,none
user_3,2024-11-03 00:00:00,TOTAL ENERGIES GUIBERT,0.95,Transport,False,False,none
user_3,2024-11-03 00:00:00,CB AMAZON PRIME,11.07,Leisure,False,False,none
user_3,2024-11-05 00:00:00,ABONNEMENT SALLE SPORT,28.86,Leisure,True,False,none
user_3,2024-11-06 00:00:00,MCDONALDS,41.59,Restaurants,False,False,none
user_3,2024-11-07 00:00:00,DECATHLON SAINT NATHALIE,5.02,Leisure,False,False,none
user_3,2024-11-08 00:00:00,EDF ELECTRICITE,93.78,Utilities,True,False,none
user_3,2024-11-08 00:00:00,CARREFOUR,49.5,Groceries,False,False,none
user_3,2024-11-08 00:00:00,INTERMARCHE 05,42.55,Groceries,False,False,none
user_3,2024-11-08 00:00:00,UBER EATS,50.84,Restaurants,False,False,none
user_3,2024-11-08 00:00:00,APPLE STORE PELTIERDAN,1803.14,Shopping,False,True,wrong_category
user_3,2024-11-08 00:00:00,MUTUELLE,55.06,Health,False,False,none
user_3,2024-11-08 00:00:00,H&M,1.52,Shopping,False,False,none
user_3,2024-11-09 00:00:00,TOTAL ENERGIES,23.23,Transport,False,False,none
user_3,2024-11-10 00:00:00,UBER 20,23.8,Transport,False,False,none
user_3,2024-11-10 00:00:00,RATP NAVIGO,7.72,Transport,False,False,none
user_3,2024-11-10 00:00:00,CINEMA UGC,58.02,Leisure,False,False,none
user_3,2024-11-12 00:00:00,ORANGE MOBILE,35.58,Utilities,True,False,none
user_3,2024-11-14 00:00:00,CB UBER,0.95,Transport,False,False,none
user_3,2024-11-14 00:00:00,APPLE STORE HARDYBOURG,55.24,Shopping,False,False,none
user_3,2024-11-15 00:00:00,ASSURANCE MAAF,38.67,Insurance,True,False,none
user_3,2024-11-15 00:00:00,AUCHAN MAILLET,36.63,Groceries,False,False,none
user_3,2024-11-15 00:00:00,CB CARREFOUR,37.18,Groceries,False,False,none
user_3,2024-11-15 00:00:00,CASINO SUPERMARCHE,0.95,Groceries,False,False,none
user_3,2024-11-15 00:00:00,UBER EATS,20.82,Restaurants,False,False,none
user_3,2024-11-16 00:00:00,CARREFOUR DELAHAYE-SUR-DELAHAYE,69.24,Groceries,False,False,none
user_3,2024-11-17 00:00:00,CB CARREFOUR,76.69,Groceries,False,False,none
user_3,2024-11-17 00:00:00,CARREFOUR 10,37.12,Groceries,False,False,none
user_3,2024-11-18 00:00:00,FNAC 06,18.76,Leisure,False,False,none
user_3,2024-11-20 00:00:00,IKEA SAINTE EMMANUELLEVILLE,26.05,Shopping,False,False,none
user_3,2024-11-21 00:00:00,LIDL,57.04,Groceries,False,False,none
user_3,2024-11-23 00:00:00,MONOPRIX 03,66.33,Groceries,False,False,none
user_3,2024-11-24 00:00:00,LECLERC,50.5,Groceries,False,False,none
user_3,2024-11-25 00:00:00,RATP NAVIGO TEXIER,47.53,Transport,False,False,none
user_3,2024-11-25 00:00:00,SNCF INTERNET VALETTEBOEUF,25.59,Transport,False,False,none
user_3,2024-11-28 00:00:00,TOTAL ENERGIES LE GOFF,28.61,Transport,False,False,none
user_3,2024-11-28 00:00:00,H&M CHAUVIN,230.56,Shopping,False,False,none
user_3,2024-12-02 00:00:00,TOTAL ENERGIES 05,0.95,Transport,False,False,none
user_3,2024-12-02 00:00:00,CINEMA UGC,23.0,Leisure,False,False,none
user_3,2024-12-02 00:00:00,LABORATOIRE BIO HOAREAU-SUR-MER,47.31,Health,False,False,none
user_3,2024-12-03 00:00:00,LOYER APPARTEMENT,728.71,Housing,True,False,none
user_3,2024-12-03 00:00:00,STARBUCKS,0.95,Restaurants,False,False,none
user_3,2024-12-04 00:00:00,SNCF INTERNET,39.8,Transport,False,False,none
user_3,2024-12-05 00:00:00,ABONNEMENT SALLE SPORT,28.09,Leisure,True,False,none
user_3,2024-12-05 00:00:00,MONOPRIX GALLET,45.08,Groceries,False,False,none
user_3,2024-12-06 00:00:00,BLABLACAR 01,3.71,Transport,False,False,none
user_3,2024-12-08 00:00:00,EDF ELECTRICITE,92.31,Utilities,True,False,none
user_3,2024-12-08 00:00:00,ESSO STATION,54.37,Transport,False,False,none
user_3,2024-12-09 00:00:00,CB SUSHI SHOP,17.11,Restaurants,False,False,none
user_3,2024-12-10 00:00:00,CB STARBUCKS,24.97,Restaurants,False,False,none
user_3,2024-12-10 00:00:00,BOULANGERIE PAUL LEDUC,39.98,Restaurants,False,False,none
user_3,2024-12-12 00:00:00,ORANGE MOBILE,35.39,Utilities,True,False,none
user_3,2024-12-12 00:00:00,CB MCDONALDS,4.4,Restaurants,False,False,none
user_3,2024-12-12 00:00:00,VELIB 12,46.22,Transport,False,False,none
user_3,2024-12-13 00:00:00,STARBUCKS SCHMITTDAN,18.41,Restaurants,False,False,none
user_3,2024-12-13 00:00:00,SNCF INTERNET PETITDAN,29.4,Transport,False,False,none
user_3,2024-12-14 00:00:00,UBER EATS,54.94,Restaurants,False,False,none
user_3,2024-12-15 00:00:00,ASSURANCE MAAF,38.23,Insurance,True,False,none
user_3,2024-12-16 00:00:00,STARBUCKS,35.47,Restaurants,False,True,frequency_burst
user_3,2024-12-16 00:00:00,AMAZON PRIME NGUYENNEC,18.44,Leisure,False,False,none
user_3,2024-12-16 03:00:00,STARBUCKS,35.47,Restaurants,False,True,frequency_burst
user_3,2024-12-16 04:00:00,STARBUCKS,35.47,Restaurants,False,True,frequency_burst
user_3,2024-12-16 05:00:00,STARBUCKS,35.47,Restaurants,False,True,frequency_burst
user_3,2024-12-16 06:00:00,STARBUCKS,35.47,Restaurants,False,True,frequency_burst
user_3,2024-12-17 00:00:00,AUCHAN,27.05,Groceries,False,False,none
user_3,2024-12-17 00:00:00,CB UBER,23.64,Transport,False,False,none
user_3,2024-12-17 00:00:00,IKEA,56.03,Shopping,False,False,none
user_3,2024-12-18 00:00:00,CB FNAC,13.96,Leisure,False,False,none
user_3,2024-12-18 00:00:00,IKEA,118.61,Shopping,False,False,none
user_3,2024-12-19 00:00:00,RATP NAVIGO SAINT ADÉLAÏDE,36.61,Transport,False,False,none
user_3,2024-12-20 00:00:00,CB FRANPRIX,29.05,Groceries,False,False,none
user_3,2024-12-22 00:00:00,LECLERC SAINTE VICTOR,39.21,Groceries,False,False,none
user_3,2024-12-22 00:00:00,AUCHAN,45.48,Groceries,False,False,none
user_3,2024-12-23 00:00:00,UBER EATS,27.04,Restaurants,False,False,none
user_3,2024-12-25 00:00:00,LIDL 18,32.19,Groceries,False,False,none
user_3,2024-12-25 00:00:00,PARKING INDIGO,7.37,Transport,False,False,none
user_3,2024-12-25 00:00:00,ZARA TOUSSAINT-SUR-MER,186.19,Shopping,False,False,none
user_3,2024-12-25 00:00:00,CB IKEA,97.37,Shopping,False,False,none
user_3,2024-12-26 00:00:00,AMAZON.FR,199.14,Shopping,False,False,none
user_3,2024-12-27 00:00:00,FRANPRIX,16.17,Groceries,False,False,none
user_3,2024-12-27 00:00:00,CASINO SUPERMARCHE PAYET,70.35,Groceries,False,False,none
user_3,2024-12-27 00:00:00,ZALANDO ROYERNEC,1.52,Shopping,False,False,none
user_3,2024-12-28 00:00:00,CB LE BISTROT,36.57,Restaurants,False,False,none
user_3,2025-01-01 00:00:00,CB LABORATOIRE BIO,57.44,Health,False,False,none
user_3,2025-01-03 00:00:00,LOYER APPARTEMENT,752.64,Housing,True,False,none
user_3,2025-01-03 00:00:00,LIDL SAINTE RENÉ-LES-BAINS,60.05,Groceries,False,False,none
user_3,2025-01-05 00:00:00,ABONNEMENT SALLE SPORT,28.33,Leisure,True,False,none
user_3,2025-01-05 00:00:00,MCDONALDS WEBER,40.18,Restaurants,False,False,none
user_3,2025-01-05 00:00:00,PARKING INDIGO,42.46,Transport,False,False,none
user_3,2025-01-05 00:00:00,CB CINEMA UGC,28.35,Leisure,False,False,none
user_3,2025-01-06 00:00:00,MCDONALDS GUÉRINDAN,11.72,Restaurants,False,False,none
user_3,2025-01-06 00:00:00,UBER DIJOUXBOURG,0.95,Transport,False,False,none
user_3,2025-01-07 00:00:00,MONOPRIX GIRARD,52.77,Groceries,False,False,none
user_3,2025-01-08 00:00:00,EDF ELECTRICITE,91.3,Utilities,True,False,none
user_3,2025-01-10 00:00:00,SUSHI SHOP 11,28.83,Restaurants,False,False,none
user_3,2025-01-10 00:00:00,MCDONALDS 02,19.16,Restaurants,False,False,none
user_3,2025-01-10 00:00:00,STARBUCKS,7.01,Restaurants,False,False,none
user_3,2025-01-12 00:00:00,ORANGE MOBILE,36.01,Utilities,True,False,none
user_3,2025-01-12 00:00:00,KFC,46.67,Restaurants,False,False,none
user_3,2025-01-13 00:00:00,LIDL SAINT GRÉGOIRE-LA-FORÊT,34.78,Groceries,False,False,none
user_3,2025-01-14 00:00:00,BOULANGERIE PAUL LEFÈVRE,32.54,Restaurants,False,False,none
user_3,2025-01-15 00:00:00,ASSURANCE MAAF,38.45,Insurance,True,False,none
user_3,2025-01-15 00:00:00,SUSHI SHOP GARCIA,36.72,Restaurants,False,False,none
user_3,2025-01-16 00:00:00,FNAC 08,19.31,Leisure,False,False,none
user_3,2025-01-17 00:00:00,KFC,25.37,Restaurants,False,False,none
user_3,2025-01-18 00:00:00,MCDONALDS 16,10.99,Restaurants,False,False,none
user_3,2025-01-18 00:00:00,PARKING INDIGO 02,20.01,Transport,False,False,none
user_3,2025-01-19 00:00:00,MONOPRIX,92.64,Groceries,False,False,none
user_3,2025-01-20 00:00:00,CARREFOUR MARIN-SUR-ROCHE,48.1,Groceries,False,False,none
user_3,2025-01-20 00:00:00,DELIVEROO COLLIN,32.06,Restaurants,False,False,none
user_3,2025-01-22 00:00:00,CASINO SUPERMARCHE,52.84,Groceries,False,False,none
user_3,2025-01-22 00:00:00,RATP NAVIGO SAINT CHRISTELLENEC,38.56,Transport,False,False,none
user_3,2025-01-23 00:00:00,LIDL MAURICEDAN,53.77,Groceries,False,False,none
user_3,2025-01-23 00:00:00,RATP NAVIGO PHILIPPE,33.22,Transport,False,False,none
user_3,2025-01-23 00:00:00,CINEMA UGC SAINT LUCENEC,10.52,Leisure,False,False,none
user_3,2025-01-23 00:00:00,DECATHLON BARON,27.08,Leisure,False,False,none
user_3,2025-01-24 00:00:00,MUTUELLE SAINTE MARIE,45.39,Health,False,False,none
user_3,2025-01-25 00:00:00,RATP NAVIGO,56.38,Transport,False,False,none
user_3,2025-01-26 00:00:00,UBER EATS 02,4.38,Restaurants,False,False,none
user_3,2025-01-26 00:00:00,CINEMA UGC,23.09,Leisure,False,False,none
user_3,2025-01-27 00:00:00,SNCF INTERNET LEROUX,5.19,Transport,False,False,none
user_3,2025-01-28 00:00:00,SUSHI SHOP,16.08,Restaurants,False,False,none
user_3,2025-02-01 00:00:00,LIDL BOUTIN,47.1,Groceries,False,False,none
user_3,2025-02-01 00:00:00,MONOPRIX,77.01,Groceries,False,False,none
user_3,2025-02-01 00:00:00,MONOPRIX 10,49.32,Groceries,False,False,none
user_3,2025-02-01 00:00:00,PARKING INDIGO SAINTE LAURENTDAN,41.44,Transport,False,False,none
user_3,2025-02-03 00:00:00,LOYER APPARTEMENT,729.5,Housing,True,False,none
user_3,2025-02-03 00:00:00,CARREFOUR,33.57,Groceries,False,False,none
user_3,2025-02-03 00:00:00,DOCTOLIB LOUIS,3.59,Health,False,False,none
user_3,2025-02-04 00:00:00,MONOPRIX 03,54.53,Groceries,False,False,none
user_3,2025-02-04 00:00:00,CB INTERMARCHE,49.32,Groceries,False,False,none
user_3,2025-02-04 00:00:00,AUCHAN PELLETIER-LES-BAINS,40.83,Groceries,False,False,none
user_3,2025-02-04 00:00:00,FNAC COLIN,0.95,Leisure,False,False,none
user_3,2025-02-05 00:00:00,ABONNEMENT SALLE SPORT,28.41,Leisure,True,False,none
user_3,2025-02-05 00:00:00,NETFLIX.COM DELMASBOURG,6.93,Leisure,False,False,none
user_3,2025-02-05 00:00:00,AMAZON PRIME,36.46,Leisure,False,False,none
user_3,2025-02-06 00:00:00,FRANPRIX,19.03,Groceries,False,False,none
user_3,2025-02-06 00:00:00,MCDONALDS ALLARD,38.17,Restaurants,False,False,none
user_3,2025-02-06 00:00:00,MCDONALDS,8.26,Restaurants,False,False,none
user_3,2025-02-07 00:00:00,BOULANGERIE PAUL 01,11.71,Restaurants,False,False,none
user_3,2025-02-07 00:00:00,STARBUCKS,0.95,Restaurants,False,False,none
user_3,2025-02-08 00:00:00,EDF ELECTRICITE,92.51,Utilities,True,False,none
user_3,2025-02-09 00:00:00,STEAM GAMES DESCAMPSDAN,20.21,Leisure,False,False,none
user_3,2025-02-10 00:00:00,SHEIN 03,132.28,Shopping,False,False,none
user_3,2025-02-11 00:00:00,MONOPRIX,46.07,Groceries,False,False,none
user_3,2025-02-11 00:00:00,H&M BÈGUE,26.55,Shopping,False,False,none
user_3,2025-02-12 00:00:00,ORANGE MOBILE,36.35,Utilities,True,False,none
user_3,2025-02-12 00:00:00,LIDL BRETON,56.41,Groceries,False,False,none
user_3,2025-02-12 00:00:00,DELIVEROO LENOIR-SUR-RENARD,28.14,Restaurants,False,False,none
user_3,2025-02-13 00:00:00,MONOPRIX,59.09,Groceries,False,False,none
user_3,2025-02-14 00:00:00,CB UBER EATS,23.33,Restaurants,False,False,none
user_3,2025-02-15 00:00:00,ASSURANCE MAAF,38.47,Insurance,True,False,none
user_3,2025-02-16 00:00:00,AUCHAN,47.67,Groceries,False,False,none
user_3,2025-02-16 00:00:00,MONOPRIX,41.34,Groceries,False,False,none
user_3,2025-02-17 00:00:00,LIDL ROBINBOEUF,45.45,Groceries,False,False,none
user_3,2025-02-17 00:00:00,CASINO SUPERMARCHE 07,69.3,Groceries,False,False,none
user_3,2025-02-17 00:00:00,CB AUCHAN,47.69,Groceries,False,False,none
user_3,2025-02-18 00:00:00,CASINO SUPERMARCHE REYBOEUF,57.63,Groceries,False,False,none
user_3,2025-02-18 00:00:00,LE BISTROT LEBRETON,13.97,Restaurants,False,False,none
user_3,2025-02-18 00:00:00,H&M 02,76.7,Shopping,False,False,none
user_3,2025-02-19 00:00:00,DELIVEROO 20,29.65,Restaurants,False,False,none
user_3,2025-02-20 00:00:00,CASINO SUPERMARCHE 19,54.37,Groceries,False,False,none
user_3,2025-02-20 00:00:00,CULTURA OLIVIERBOURG,35.63,Leisure,False,False,none
user_3,2025-02-21 00:00:00,SNCF INTERNET 11,12.44,Transport,False,False,none
user_3,2025-02-21 00:00:00,ZALANDO,29.26,Shopping,False,False,none
user_3,2025-02-22 00:00:00,UBER EATS,21.2,Restaurants,False,False,none
user_3,2025-02-23 00:00:00,VELIB BRETON,53.9,Transport,False,False,none
user_3,2025-02-24 00:00:00,FRANPRIX SAINTE MARYSE,44.29,Groceries,False,False,none
user_3,2025-02-25 00:00:00,CB PHARMACIE,24.6,Health,False,False,none
user_3,2025-02-26 00:00:00,ESSO STATION,50.46,Transport,False,False,none
user_3,2025-02-27 00:00:00,LIDL,31.97,Groceries,False,False,none
user_3,2025-02-27 00:00:00,KFC,19.83,Restaurants,False,False,none
user_3,2025-02-28 00:00:00,PHARMACIE,12.79,Health,False,False,none
user_3,2025-03-02 00:00:00,BOULANGERIE PAUL 07,24.23,Restaurants,False,False,none
user_3,2025-03-03 00:00:00,LOYER APPARTEMENT,746.34,Housing,True,False,none
user_3,2025-03-03 00:00:00,MCDONALDS 04,17.23,Restaurants,False,False,none
user_3,2025-03-04 00:00:00,MCDONALDS PASCAL,0.95,Restaurants,False,False,none
user_3,2025-03-04 00:00:00,RATP NAVIGO,44.48,Transport,False,False,none
user_3,2025-03-05 00:00:00,ABONNEMENT SALLE SPORT,28.94,Leisure,True,False,none
user_3,2025-03-05 00:00:00,BOULANGERIE PAUL ROSSI,12.98,Restaurants,False,False,none
user_3,2025-03-08 00:00:00,EDF ELECTRICITE,63.07,Utilities,True,False,none
user_3,2025-03-08 00:00:00,FNAC,69.27,Leisure,False,False,none
user_3,2025-03-08 00:00:00,ZARA,131.74,Shopping,False,False,none
user_3,2025-03-10 00:00:00,LIDL,62.92,Groceries,False,False,none
user_3,2025-03-12 00:00:00,ORANGE MOBILE,23.86,Utilities,True,False,none
user_3,2025-03-13 00:00:00,KFC,22.89,Restaurants,False,False,none
user_3,2025-03-14 00:00:00,MCDONALDS,20.75,Restaurants,False,False,none
user_3,2025-03-14 00:00:00,APPLE STORE CARON,1785.97,Shopping,False,True,wrong_category
user_3,2025-03-15 00:00:00,ASSURANCE MAAF,38.47,Insurance,True,False,none
user_3,2025-03-16 00:00:00,AUCHAN 14,64.85,Groceries,False,False,none
user_3,2025-03-16 00:00:00,STARBUCKS,23.37,Restaurants,False,False,none
user_3,2025-03-16 00:00:00,CB UBER,4.22,Transport,False,False,none
user_3,2025-03-16 00:00:00,CB ZALANDO,90.32,Shopping,False,False,none
user_3,2025-03-17 00:00:00,CASINO SUPERMARCHE,43.7,Groceries,False,False,none
user_3,2025-03-18 00:00:00,SNCF INTERNET,60.42,Transport,False,False,none
user_3,2025-03-18 00:00:00,STEAM GAMES,0.95,Leisure,False,False,none
user_3,2025-03-18 00:00:00,AMAZON.FR 18,80.19,Shopping,False,False,none
user_3,2025-03-19 00:00:00,STARBUCKS,42.7,Restaurants,False,False,none
user_3,2025-03-19 00:00:00,BLABLACAR 04,55.91,Transport,False,False,none
user_3,2025-03-19 00:00:00,ZARA THIBAULT,55.8,Shopping,False,False,none
user_3,2025-03-20 00:00:00,LIDL DA COSTA-SUR-EVRARD,53.25,Groceries,False,False,none
user_3,2025-03-20 00:00:00,VELIB,29.83,Transport,False,False,none
user_3,2025-03-21 00:00:00,CARREFOUR,34.35,Groceries,False,False,none
user_3,2025-03-21 00:00:00,CB SUSHI SHOP,23.32,Restaurants,False,False,none
user_3,2025-03-22 00:00:00,ESSO STATION DIAS,88.0,Transport,False,False,none
user_3,2025-03-24 00:00:00,CB MCDONALDS,15.11,Restaurants,False,False,none
user_3,2025-03-26 00:00:00,CB RATP NAVIGO,0.95,Transport,False,False,none
user_3,2025-03-26 00:00:00,H&M 14,34.98,Shopping,False,False,none
user_3,2025-03-27 00:00:00,LECLERC SAINTE DENIS-SUR-MER,72.23,Groceries,False,False,none
user_3,2025-03-27 00:00:00,CB RATP NAVIGO,3.98,Transport,False,False,none
user_3,2025-04-01 00:00:00,CARREFOUR LENOIR,19.33,Groceries,False,False,none
user_3,2025-04-01 00:00:00,LIDL RIBEIRO,72.37,Groceries,False,False,none
user_3,2025-04-02 00:00:00,MONOPRIX,37.68,Groceries,False,False,none
user_3,2025-04-03 00:00:00,LOYER APPARTEMENT,755.74,Housing,True,False,none
user_3,2025-04-03 00:00:00,MONOPRIX PONSNEC,41.56,Groceries,False,False,none
user_3,2025-04-03 00:00:00,STARBUCKS,16.55,Restaurants,False,False,none
user_3,2025-04-04 00:00:00,CARREFOUR,17.22,Groceries,False,False,none
user_3,2025-04-04 00:00:00,CASINO SUPERMARCHE HERNANDEZ,63.67,Groceries,False,False,none
user_3,2025-04-04 00:00:00,FRANPRIX BENOIT,56.15,Groceries,False,False,none
user_3,2025-04-04 00:00:00,CB MONOPRIX,0.95,Groceries,False,False,none
user_3,2025-04-05 00:00:00,ABONNEMENT SALLE SPORT,29.04,Leisure,True,False,none
user_3,2025-04-05 00:00:00,KFC,19.13,Restaurants,False,False,none
user_3,2025-04-05 00:00:00,AMAZON.FR 02,31.62,Shopping,False,False,none
user_3,2025-04-06 00:00:00,STARBUCKS,38.76,Restaurants,False,False,none
user_3,2025-04-06 00:00:00,APPLE STORE PEREZ,75.92,Shopping,False,False,none
user_3,2025-04-08 00:00:00,EDF ELECTRICITE,61.44,Utilities,True,False,none
user_3,2025-04-08 00:00:00,LE BISTROT WEBER-SUR-CHEVALIER,34.95,Restaurants,False,False,none
user_3,2025-04-10 00:00:00,DELIVEROO,38.99,Restaurants,False,False,none
user_3,2025-04-10 00:00:00,CB LABORATOIRE BIO,63.35,Health,False,False,none
user_3,2025-04-12 00:00:00,ORANGE MOBILE,23.65,Utilities,True,False,none
user_3,2025-04-12 00:00:00,INTERMARCHE GUILLON,43.22,Groceries,False,False,none
user_3,2025-04-12 00:00:00,DELIVEROO,29.55,Restaurants,False,False,none
user_3,2025-04-12 00:00:00,BOULANGERIE PAUL GAUTHIER-SUR-VALENTIN,2.09,Restaurants,False,False,none
user_3,2025-04-13 00:00:00,MCDONALDS,28.06,Restaurants,False,False,none
user_3,2025-04-14 00:00:00,CB SUSHI SHOP,35.49,Restaurants,False,False,none
user_3,2025-04-14 00:00:00,AMAZON.FR CHARPENTIERNEC,58.8,Shopping,False,False,none
user_3,2025-04-15 00:00:00,ASSURANCE MAAF,38.66,Insurance,True,False,none
user_3,2025-04-16 00:00:00,CB CASINO SUPERMARCHE,28.68,Groceries,False,False,none
user_3,2025-04-16 00:00:00,LIDL HAMON-LES-BAINS,60.18,Groceries,False,False,none
user_3,2025-04-16 00:00:00,DELIVEROO DELATTREBOURG,0.95,Restaurants,False,False,none
user_3,2025-04-18 00:00:00,CARREFOUR,16.16,Groceries,False,False,none
user_3,2025-04-18 00:00:00,AMAZON PRIME,13.19,Leisure,False,False,none
user_3,2025-04-20 00:00:00,CB TOTAL ENERGIES,2.24,Transport,False,False,none
user_3,2025-04-21 00:00:00,CB CARREFOUR,17.3,Groceries,False,False,none
user_3,2025-04-21 00:00:00,INTERMARCHE COLAS-SUR-MER,25.52,Groceries,False,False,none
user_3,2025-04-21 00:00:00,CULTURA SAINTE CAROLINE,57.49,Leisure,False,False,none
user_3,2025-04-22 00:00:00,CB SHEIN,104.91,Shopping,False,False,none
user_3,2025-04-26 00:00:00,LECLERC,31.78,Groceries,False,False,none
user_3,2025-04-27 00:00:00,CARREFOUR SAINTE JEANNINE,44.39,Groceries,False,False,none
user_3,2025-04-27 00:00:00,MCDONALDS 10,7.63,Restaurants,False,False,none
user_3,2025-04-27 00:00:00,KFC GÉRARD-SUR-MILLET,47.01,Restaurants,False,False,none
user_3,2025-04-28 00:00:00,LE BISTROT DUBOIS-SUR-COUTURIER,36.62,Restaurants,False,False,none
user_3,2025-05-01 00:00:00,LE BISTROT,18.67,Restaurants,False,False,none
user_3,2025-05-01 00:00:00,ESSO STATION,69.53,Transport,False,False,none
user_3,2025-05-01 00:00:00,CINEMA UGC,32.46,Leisure,False,False,none
user_3,2025-05-01 00:00:00,OPTIC 2000 ROUSSET,44.54,Health,False,False,none
user_3,2025-05-01 00:00:00,CB DOCTOLIB,15.93,Health,False,False,none
user_3,2025-05-02 00:00:00,CB INTERMARCHE,39.72,Groceries,False,False,none
user_3,2025-05-02 00:00:00,CINEMA UGC SAINTE CATHERINEDAN,29.49,Leisure,False,False,none
user_3,2025-05-03 00:00:00,LOYER APPARTEMENT,747.85,Housing,True,False,none
user_3,2025-05-05 00:00:00,ABONNEMENT SALLE SPORT,28.9,Leisure,True,False,none
user_3,2025-05-06 00:00:00,MCDONALDS,4.77,Restaurants,False,False,none
user_3,2025-05-06 00:00:00,UBER,38.61,Transport,False,False,none
user_3,2025-05-06 00:00:00,CB MUTUELLE,0.95,Health,False,False,none
user_3,2025-05-08 00:00:00,EDF ELECTRICITE,63.02,Utilities,True,False,none
user_3,2025-05-08 00:00:00,LIDL,49.33,Groceries,False,False,none
user_3,2025-05-08 00:00:00,SNCF INTERNET,39.38,Transport,False,False,none
user_3,2025-05-09 00:00:00,DELIVEROO VALENTIN,10.65,Restaurants,False,False,none
user_3,2025-05-12 00:00:00,ORANGE MOBILE,23.48,Utilities,True,False,none
user_3,2025-05-12 00:00:00,UBER EATS 12,10.28,Restaurants,False,False,none
user_3,2025-05-12 00:00:00,RATP NAVIGO MEYER,65.57,Transport,False,False,none
user_3,2025-05-13 00:00:00,MUTUELLE HAMEL-LA-FORÊT,23.24,Health,False,False,none
user_3,2025-05-13 00:00:00,IKEA,28.48,Shopping,False,False,none
user_3,2025-05-15 00:00:00,ASSURANCE MAAF,38.04,Insurance,True,False,none
user_3,2025-05-15 00:00:00,CASINO SUPERMARCHE GUYON-SUR-HARDY,7.66,Groceries,False,False,none
user_3,2025-05-15 00:00:00,LECLERC BLANC-SUR-MARIE,47.07,Groceries,False,False,none
user_3,2025-05-15 00:00:00,CINEMA UGC,42.56,Leisure,False,False,none
user_3,2025-05-15 00:00:00,ZARA,0.95,Shopping,False,False,none
user_3,2025-05-16 00:00:00,CASINO SUPERMARCHE 19,38.98,Groceries,False,False,none
user_3,2025-05-18 00:00:00,INTERMARCHE CHARRIERNEC,0.95,Groceries,False,False,none
user_3,2025-05-18 00:00:00,AUCHAN LEDUC,61.22,Groceries,False,False,none
user_3,2025-05-18 00:00:00,SPOTIFY,41.18,Leisure,False,False,none
user_3,2025-05-19 00:00:00,FRANPRIX SAINTE PHILIPPINENEC,71.63,Groceries,False,False,none
user_3,2025-05-20 00:00:00,LECLERC,8.76,Groceries,False,False,none
user_3,2025-05-22 00:00:00,VELIB 08,13.03,Transport,False,False,none
user_3,2025-05-23 00:00:00,VELIB,36.33,Transport,False,False,none
user_3,2025-05-26 00:00:00,SNCF INTERNET SAINT LAURE,23.92,Transport,False,False,none
user_3,2025-05-27 00:00:00,UBER EATS,23.08,Restaurants,False,False,none
user_3,2025-05-28 00:00:00,SUSHI SHOP CHAUVET,19.19,Restaurants,False,False,none
user_3,2025-06-01 00:00:00,UBER 19,29.39,Transport,False,False,none
user_3,2025-06-02 00:00:00,CB AMAZON PRIME,48.4,Leisure,False,False,none
user_3,2025-06-03 00:00:00,LOYER APPARTEMENT,756.41,Housing,True,False,none
user_3,2025-06-03 00:00:00,LECLERC DUPRÉ,34.87,Groceries,False,False,none
user_3,2025-06-05 00:00:00,ABONNEMENT SALLE SPORT,28.02,Leisure,True,False,none
user_3,2025-06-08 00:00:00,EDF ELECTRICITE,61.33,Utilities,True,False,none
user_3,2025-06-08 00:00:00,CASINO SUPERMARCHE,60.79,Groceries,False,False,none
user_3,2025-06-08 00:00:00,AUCHAN,22.25,Groceries,False,False,none
user_3,2025-06-08 00:00:00,BLABLACAR,0.95,Transport,False,False,none
user_3,2025-06-09 00:00:00,FRANPRIX LOPEZ,24.35,Groceries,False,False,none
user_3,2025-06-09 00:00:00,UBER GUYOT-SUR-MER,28.12,Transport,False,False,none
user_3,2025-06-09 00:00:00,SPOTIFY,31.08,Leisure,False,False,none
user_3,2025-06-09 00:00:00,PHARMACIE RUIZ,15.45,Health,False,False,none
user_3,2025-06-10 00:00:00,STARBUCKS MONNIER,41.62,Restaurants,False,False,none
user_3,2025-06-11 00:00:00,CB FRANPRIX,42.75,Groceries,False,False,none
user_3,2025-06-12 00:00:00,ORANGE MOBILE,23.61,Utilities,True,False,none
user_3,2025-06-12 00:00:00,INTERMARCHE,18.08,Groceries,False,False,none
user_3,2025-06-12 00:00:00,BLABLACAR,0.95,Transport,False,False,none
user_3,2025-06-12 00:00:00,UBER DESCAMPS-LES-BAINS,43.67,Transport,False,False,none
user_3,2025-06-13 00:00:00,CARREFOUR,8.83,Groceries,False,False,none
user_3,2025-06-13 00:00:00,LIDL DUPUY-SUR-VINCENT,80.55,Groceries,False,False,none
user_3,2025-06-13 00:00:00,FRANPRIX,60.52,Groceries,False,False,none
user_3,2025-06-13 00:00:00,DELIVEROO,53.91,Restaurants,False,False,none
user_3,2025-06-13 00:00:00,UBER,25.25,Transport,False,False,none
user_3,2025-06-13 00:00:00,ESSO STATION DIJOUX-SUR-MER,29.11,Transport,False,True,amount_spike
user_3,2025-06-15 00:00:00,ASSURANCE MAAF,38.32,Insurance,True,False,none
user_3,2025-06-16 00:00:00,DELIVEROO 06,22.13,Restaurants,False,False,none
user_3,2025-06-17 00:00:00,DELIVEROO SCHNEIDERBOEUF,30.1,Restaurants,False,False,none
user_3,2025-06-18 00:00:00,SUSHI SHOP BARONVILLE,40.53,Restaurants,False,False,none
user_3,2025-06-19 00:00:00,LIDL 01,64.72,Groceries,False,False,none
user_3,2025-06-20 00:00:00,INTERMARCHE GRONDINNEC,14.63,Groceries,False,False,none
user_3,2025-06-20 00:00:00,DELIVEROO 20,37.13,Restaurants,False,False,none
user_3,2025-06-20 00:00:00,LE BISTROT,19.05,Restaurants,False,False,none
user_3,2025-06-21 00:00:00,STARBUCKS,26.34,Restaurants,False,False,none
user_3,2025-06-23 00:00:00,CARREFOUR 17,34.15,Groceries,False,False,none
user_3,2025-06-23 00:00:00,DECATHLON PAYET-SUR-MER,46.1,Leisure,False,False,none
user_3,2025-06-24 00:00:00,LIDL,57.11,Groceries,False,False,none
user_3,2025-06-24 00:00:00,OPTIC 2000,11.91,Health,False,False,none
user_3,2025-06-25 00:00:00,SUSHI SHOP ALBERTVILLE,11.84,Restaurants,False,False,none
user_3,2025-06-25 00:00:00,NETFLIX.COM,27.24,Leisure,False,False,none
user_3,2025-06-26 00:00:00,CINEMA UGC TEXIER,23.9,Leisure,False,False,none
user_3,2025-06-28 00:00:00,CB MCDONALDS,28.13,Restaurants,False,True,frequency_burst
user_3,2025-06-28 03:00:00,CB MCDONALDS,28.13,Restaurants,False,True,frequency_burst
user_3,2025-06-28 05:00:00,CB MCDONALDS,28.13,Restaurants,False,True,frequency_burst
user_3,2025-06-28 05:00:00,CB MCDONALDS,28.13,Restaurants,False,True,frequency_burst
user_3,2025-06-28 06:00:00,CB MCDONALDS,28.13,Restaurants,False,True,frequency_burst
user_3,2025-06-28 06:00:00,CB MCDONALDS,28.13,Restaurants,False,True,frequency_burst
user_3,2025-06-28 06:00:00,CB MCDONALDS,28.13,Restaurants,False,True,frequency_burst
user_4,2024-01-02 00:00:00,UBER EATS BOULAY,4.16,Restaurants,False,False,none
user_4,2024-01-03 00:00:00,LOYER APPARTEMENT,570.92,Housing,True,False,none
user_4,2024-01-04 00:00:00,UBER EATS SAINTE ANTOINETTE,22.7,Restaurants,False,False,none
user_4,2024-01-04 00:00:00,H&M,35.79,Shopping,False,False,none
user_4,2024-01-05 00:00:00,ABONNEMENT SALLE SPORT,22.3,Leisure,True,False,none
user_4,2024-01-05 00:00:00,MONOPRIX RAYMOND-SUR-GRONDIN,13.94,Groceries,False,False,none
user_4,2024-01-05 00:00:00,CB LIDL,41.37,Groceries,False,False,none
user_4,2024-01-05 00:00:00,CB MUTUELLE,15.77,Health,False,False,none
user_4,2024-01-06 00:00:00,CARREFOUR,24.93,Groceries,False,False,none
user_4,2024-01-07 00:00:00,MCDONALDS,27.59,Restaurants,False,False,none
user_4,2024-01-07 00:00:00,CB DECATHLON,21.09,Leisure,False,False,none
user_4,2024-01-08 00:00:00,EDF ELECTRICITE,70.85,Utilities,True,False,none
user_4,2024-01-08 00:00:00,APPLE STORE,1173.32,Shopping,False,True,wrong_category
user_4,2024-01-08 00:00:00,SUSHI SHOP JEAN,13.91,Restaurants,False,False,none
user_4,2024-01-08 00:00:00,BLABLACAR 02,12.19,Transport,False,False,none
user_4,2024-01-10 00:00:00,LIDL,52.56,Groceries,False,False,none
user_4,2024-01-10 00:00:00,APPLE STORE 02,59.34,Shopping,False,False,none
user_4,2024-01-11 00:00:00,LIDL,25.96,Groceries,False,False,none
user_4,2024-01-11 00:00:00,FRANPRIX MICHEL,22.57,Groceries,False,False,none
user_4,2024-01-11 00:00:00,UBER 11,21.47,Transport,False,False,none
user_4,2024-01-11 00:00:00,BLABLACAR 19,28.58,Transport,False,False,none
user_4,2024-01-12 00:00:00,ORANGE MOBILE,27.76,Utilities,True,False,none
user_4,2024-01-12 00:00:00,SNCF INTERNET,0.74,Transport,False,False,none
user_4,2024-01-12 00:00:00,APPLE STORE,1834.42,Shopping,False,True,wrong_category
user_4,2024-01-13 00:00:00,CARREFOUR,16.43,Groceries,False,False,none
user_4,2024-01-13 00:00:00,CASINO SUPERMARCHE SAINT JULIENBOEUF,0.74,Groceries,False,False,none
user_4,2024-01-13 00:00:00,LECLERC SAINTE ÉDOUARD,28.51,Groceries,False,False,none
user_4,2024-01-14 00:00:00,CB FRANPRIX,25.7,Groceries,False,False,none
user_4,2024-01-14 00:00:00,RATP NAVIGO,41.73,Transport,False,False,none
user_4,2024-01-14 00:00:00,SHEIN DELAUNAYVILLE,0.92,Shopping,False,False,none
user_4,2024-01-15 00:00:00,ASSURANCE MAAF,29.12,Insurance,True,False,none
user_4,2024-01-17 00:00:00,VELIB,31.02,Transport,False,False,none
user_4,2024-01-19 00:00:00,MONOPRIX 05,24.26,Groceries,False,False,none
user_4,2024-01-19 00:00:00,ESSO STATION,1.68,Transport,False,False,none
user_4,2024-01-19 00:00:00,CB MUTUELLE,13.07,Health,False,False,none
user_4,2024-01-20 00:00:00,LIDL,34.6,Groceries,False,False,none
user_4,2024-01-20 00:00:00,INTERMARCHE,55.1,Groceries,False,False,none
user_4,2024-01-20 00:00:00,RATP NAVIGO,21.06,Transport,False,False,none
user_4,2024-01-21 00:00:00,FRANPRIX,45.35,Groceries,False,False,none
user_4,2024-01-22 00:00:00,FRANPRIX SAINTE ANTOINETTE,59.21,Groceries,False,False,none
user_4,2024-01-22 00:00:00,CASINO SUPERMARCHE,30.04,Groceries,False,False,none
user_4,2024-01-22 00:00:00,MCDONALDS MARINDAN,20.81,Restaurants,False,False,none
user_4,2024-01-22 00:00:00,DOCTOLIB,51.84,Health,False,False,none
user_4,2024-01-23 00:00:00,DELIVEROO 12,22.13,Restaurants,False,False,none
user_4,2024-01-23 00:00:00,SNCF INTERNET,2.24,Transport,False,False,none
user_4,2024-01-25 00:00:00,MONOPRIX FERNANDES,24.92,Groceries,False,False,none
user_4,2024-01-27 00:00:00,LECLERC,31.69,Groceries,False,False,none
user_4,2024-01-28 00:00:00,UBER EATS NAVARRO,22.73,Restaurants,False,False,none
user_4,2024-02-01 00:00:00,LE BISTROT JACQUOT,0.77,Restaurants,False,False,none
user_4,2024-02-02 00:00:00,LE BISTROT MAURY-SUR-MER,25.76,Restaurants,False,False,none
user_4,2024-02-02 00:00:00,ZALANDO 16,60.44,Shopping,False,False,none
user_4,2024-02-03 00:00:00,LOYER APPARTEMENT,586.84,Housing,True,False,none
user_4,2024-02-03 00:00:00,FRANPRIX,53.84,Groceries,False,False,none
user_4,2024-02-03 00:00:00,TOTAL ENERGIES COLIN,23.3,Transport,False,True,duplicate
user_4,2024-02-03 00:00:00,FNAC,67.3,Leisure,False,False,none
user_4,2024-02-03 00:02:00,TOTAL ENERGIES COLIN,23.3,Transport,False,True,duplicate
user_4,2024-02-05 00:00:00,ABONNEMENT SALLE SPORT,21.75,Leisure,True,False,none
user_4,2024-02-05 00:00:00,RATP NAVIGO SAINT GABRIELDAN,38.31,Transport,False,False,none
user_4,2024-02-05 00:00:00,FNAC LEMAIRE,33.63,Leisure,False,False,none
user_4,2024-02-06 00:00:00,BOULANGERIE PAUL,22.22,Restaurants,False,False,none
user_4,2024-02-06 00:00:00,CB ESSO STATION,7.15,Transport,False,False,none
user_4,2024-02-07 00:00:00,CARREFOUR BESNARD,47.97,Groceries,False,False,none
user_4,2024-02-08 00:00:00,EDF ELECTRICITE,72.22,Utilities,True,False,none
user_4,2024-02-08 00:00:00,CASINO SUPERMARCHE SAINT CÉLINA,26.87,Groceries,False,False,none
user_4,2024-02-08 00:00:00,PARKING INDIGO DANIEL,14.57,Transport,False,False,none
user_4,2024-02-09 00:00:00,CB CASINO SUPERMARCHE,17.94,Groceries,False,False,none
user_4,2024-02-09 00:00:00,MONOPRIX,33.13,Groceries,False,False,none
user_4,2024-02-10 00:00:00,CASINO SUPERMARCHE GRENIER-SUR-MORVAN,15.71,Groceries,False,False,none
user_4,2024-02-11 00:00:00,RATP NAVIGO PETITJEAN-LES-BAINS,21.72,Transport,False,False,none
user_4,2024-02-11 00:00:00,TOTAL ENERGIES,11.46,Transport,False,False,none
user_4,2024-02-12 00:00:00,ORANGE MOBILE,28.15,Utilities,True,False,none
user_4,2024-02-12 00:00:00,CB LECLERC,0.74,Groceries,False,False,none
user_4,2024-02-12 00:00:00,UBER,0.74,Transport,False,False,none
user_4,2024-02-13 00:00:00,LIDL,64.62,Groceries,False,False,none
user_4,2024-02-13 00:00:00,TOTAL ENERGIES 13,22.04,Transport,False,False,none
user_4,2024-02-13 00:00:00,NETFLIX.COM,34.45,Leisure,False,False,none
user_4,2024-02-14 00:00:00,CB ZARA,35.25,Shopping,False,False,none
user_4,2024-02-15 00:00:00,ASSURANCE MAAF,29.3,Insurance,True,False,none
user_4,2024-02-15 00:00:00,LECLERC 10,56.72,Groceries,False,False,none
user_4,2024-02-16 00:00:00,PARKING INDIGO,19.11,Transport,False,False,none
user_4,2024-02-17 00:00:00,CINEMA UGC,10.92,Leisure,False,False,none
user_4,2024-02-18 00:00:00,VELIB,41.8,Transport,False,False,none
user_4,2024-02-18 00:00:00,PARKING INDIGO RUIZ,10.79,Transport,False,False,none
user_4,2024-02-19 00:00:00,LIDL BRIAND,30.44,Groceries,False,False,none
user_4,2024-02-20 00:00:00,BOULANGERIE PAUL BRETONDAN,14.29,Restaurants,False,False,none
user_4,2024-02-20 00:00:00,ESSO STATION,0.74,Transport,False,False,none
user_4,2024-02-21 00:00:00,AUCHAN 17,41.42,Groceries,False,False,none
user_4,2024-02-21 00:00:00,AMAZON.FR RICHARD,3.12,Shopping,False,False,none
user_4,2024-02-23 00:00:00,RATP NAVIGO,0.85,Transport,False,False,none
user_4,2024-03-01 00:00:00,LECLERC,44.61,Groceries,False,False,none
user_4,2024-03-02 00:00:00,SNCF INTERNET,30.04,Transport,False,False,none
user_4,2024-03-03 00:00:00,LOYER APPARTEMENT,584.26,Housing,True,False,none
user_4,2024-03-03 00:00:00,ZARA 11,113.12,Shopping,False,False,none
user_4,2024-03-04 00:00:00,PARKING INDIGO,71.25,Transport,False,False,none
user_4,2024-03-05 00:00:00,ABONNEMENT SALLE SPORT,21.96,Leisure,True,False,none
user_4,2024-03-05 00:00:00,MONOPRIX,33.88,Groceries,False,False,none
user_4,2024-03-05 00:00:00,IKEA FERRAND-SUR-MONNIER,65.46,Shopping,False,False,none
user_4,2024-03-06 00:00:00,INTERMARCHE LOPES-SUR-MER,22.42,Groceries,False,False,none
user_4,2024-03-06 00:00:00,UBER EATS BRETON,32.73,Restaurants,False,False,none
user_4,2024-03-06 00:00:00,BLABLACAR,59.87,Transport,False,False,none
user_4,2024-03-07 00:00:00,AUCHAN GOMEZ-SUR-MER,9.64,Groceries,False,False,none
user_4,2024-03-07 00:00:00,CB SUSHI SHOP,0.74,Restaurants,False,False,none
user_4,2024-03-07 00:00:00,ESSO STATION,28.78,Transport,False,False,none
user_4,2024-03-07 00:00:00,SNCF INTERNET LUCASBOURG,24.75,Transport,False,False,none
user_4,2024-03-08 00:00:00,EDF ELECTRICITE,48.23,Utilities,True,False,none
user_4,2024-03-08 00:00:00,BOULANGERIE PAUL,4.95,Restaurants,False,False,none
user_4,2024-03-08 00:00:00,TOTAL ENERGIES,20.83,Transport,False,False,none
user_4,2024-03-09 00:00:00,INTERMARCHE,36.22,Groceries,False,False,none
user_4,2024-03-10 00:00:00,NETFLIX.COM,0.92,Leisure,False,False,none
user_4,2024-03-11 00:00:00,CB AUCHAN,21.72,Groceries,False,False,none
user_4,2024-03-12 00:00:00,ORANGE MOBILE,18.55,Utilities,True,False,none
user_4,2024-03-12 00:00:00,AUCHAN,22.49,Groceries,False,False,none
user_4,2024-03-13 00:00:00,LECLERC COLIN-LES-BAINS,11.89,Groceries,False,False,none
user_4,2024-03-14 00:00:00,ESSO STATION PASQUIER-SUR-MER,11.37,Transport,False,False,none
user_4,2024-03-15 00:00:00,ASSURANCE MAAF,29.32,Insurance,True,False,none
user_4,2024-03-17 00:00:00,SUSHI SHOP,24.65,Restaurants,False,False,none
user_4,2024-03-20 00:00:00,SUSHI SHOP,14.21,Restaurants,False,False,none
user_4,2024-03-20 00:00:00,LE BISTROT,22.73,Restaurants,False,False,none
user_4,2024-03-22 00:00:00,UBER EATS BOUVETBOEUF,6.59,Restaurants,False,False,none
user_4,2024-03-23 00:00:00,MONOPRIX SAINTE VINCENT,41.07,Groceries,False,False,none
user_4,2024-03-23 00:00:00,APPLE STORE,12.13,Shopping,False,False,none
user_4,2024-03-24 00:00:00,PARKING INDIGO FERNANDEZDAN,28.33,Transport,False,False,none
user_4,2024-03-24 00:00:00,FNAC,9.73,Leisure,False,False,none
user_4,2024-03-24 00:00:00,OPTIC 2000,0.74,Health,False,False,none
user_4,2024-03-26 00:00:00,FRANPRIX LEFÈVRE,38.35,Groceries,False,False,none
user_4,2024-03-26 00:00:00,FNAC,0.74,Leisure,False,False,none
user_4,2024-03-27 00:00:00,FRANPRIX 14,58.91,Groceries,False,False,none
user_4,2024-03-27 00:00:00,CASINO SUPERMARCHE 20,9.05,Groceries,False,False,none
user_4,2024-03-27 00:00:00,VELIB,20.51,Transport,False,False,none
user_4,2024-03-27 00:00:00,APPLE STORE,72.07,Shopping,False,False,none
user_4,2024-03-28 00:00:00,PARKING INDIGO 13,22.31,Transport,False,False,none
user_4,2024-04-01 00:00:00,CASINO SUPERMARCHE LEGROS-SUR-PASQUIER,48.08,Groceries,False,False,none
user_4,2024-04-02 00:00:00,FRANPRIX,53.65,Groceries,False,False,none
user_4,2024-04-02 00:00:00,CB DELIVEROO,57.91,Restaurants,False,False,none
user_4,2024-04-03 00:00:00,LOYER APPARTEMENT,586.12,Housing,True,False,none
user_4,2024-04-04 00:00:00,LE BISTROT BERNIERVILLE,17.29,Restaurants,False,False,none
user_4,2024-04-05 00:00:00,ABONNEMENT SALLE SPORT,21.87,Leisure,True,False,none
user_4,2024-04-05 00:00:00,LIDL 16,9.2,Groceries,False,False,none
user_4,2024-04-05 00:00:00,CASINO SUPERMARCHE,18.82,Groceries,False,False,none
user_4,2024-04-05 00:00:00,LE BISTROT,12.09,Restaurants,False,False,none
user_4,2024-04-08 00:00:00,EDF ELECTRICITE,47.59,Utilities,True,False,none
user_4,2024-04-11 00:00:00,SEPHORA TOUSSAINT-LES-BAINS,3.68,Shopping,False,False,none
user_4,2024-04-12 00:00:00,ORANGE MOBILE,18.21,Utilities,True,False,none
user_4,2024-04-13 00:00:00,LE BISTROT,19.47,Restaurants,False,False,none
user_4,2024-04-13 00:00:00,STARBUCKS,12.08,Restaurants,False,False,none
user_4,2024-04-13 00:00:00,AMAZON PRIME MONNIER,46.71,Leisure,False,False,none
user_4,2024-04-14 00:00:00,LIDL VAILLANT,46.29,Groceries,False,False,none
user_4,2024-04-14 00:00:00,AUCHAN,41.46,Groceries,False,False,none
user_4,2024-04-15 00:00:00,ASSURANCE MAAF,29.79,Insurance,True,False,none
user_4,2024-04-15 00:00:00,AUCHAN BLOT,34.97,Groceries,False,False,none
user_4,2024-04-15 00:00:00,MONOPRIX 19,41.29,Groceries,False,False,none
user_4,2024-04-15 00:00:00,LE BISTROT,3.89,Restaurants,False,False,none
user_4,2024-04-16 00:00:00,LECLERC LEBLANC,19.16,Groceries,False,False,none
user_4,2024-04-17 00:00:00,FRANPRIX SAINTE LORRAINE,2.69,Groceries,False,False,none
user_4,2024-04-17 00:00:00,MCDONALDS 15,22.61,Restaurants,False,False,none
user_4,2024-04-18 00:00:00,CASINO SUPERMARCHE 06,12.8,Groceries,False,False,none
user_4,2024-04-18 00:00:00,CASINO SUPERMARCHE MAILLET,53.63,Groceries,False,False,none
user_4,2024-04-18 00:00:00,FNAC GUYOT,7.29,Leisure,False,False,none
user_4,2024-04-21 00:00:00,CB H&M,82.2,Shopping,False,False,none
user_4,2024-04-22 00:00:00,LECLERC,23.89,Groceries,False,False,none
user_4,2024-04-22 00:00:00,KFC 16,6.02,Restaurants,False,False,none
user_4,2024-04-23 00:00:00,FRANPRIX SAINTE THÉOPHILEBOEUF,51.93,Groceries,False,False,none
user_4,2024-04-24 00:00:00,CULTURA,32.63,Leisure,False,False,none
user_4,2024-04-25 00:00:00,CARREFOUR,38.64,Groceries,False,False,none
user_4,2024-04-25 00:00:00,STARBUCKS BERTHELOT,10.73,Restaurants,False,False,none
user_4,2024-04-26 00:00:00,CASINO SUPERMARCHE,57.52,Groceries,False,False,none
user_4,2024-04-26 00:00:00,APPLE STORE 15,1702.74,Shopping,False,True,wrong_category
user_4,2024-04-28 00:00:00,CASINO SUPERMARCHE LECLERCQ,35.14,Groceries,False,False,none
user_4,2024-04-28 00:00:00,CB BLABLACAR,19.24,Transport,False,False,none
user_4,2024-05-01 00:00:00,INTERMARCHE 20,45.97,Groceries,False,False,none
user_4,2024-05-01 00:00:00,MCDONALDS 01,20.32,Restaurants,False,False,none
user_4,2024-05-03 00:00:00,LOYER APPARTEMENT,565.73,Housing,True,False,none
user_4,2024-05-03 00:00:00,FRANPRIX,14.11,Groceries,False,False,none
user_4,2024-05-05 00:00:00,ABONNEMENT SALLE SPORT,22.5,Leisure,True,False,none
user_4,2024-05-06 00:00:00,INTERMARCHE SAINT ÉRIC,40.31,Groceries,False,False,none
user_4,2024-05-07 00:00:00,BLABLACAR BERTRAND,9.57,Transport,False,False,none
user_4,2024-05-08 00:00:00,EDF ELECTRICITE,48.12,Utilities,True,False,none
user_4,2024-05-08 00:00:00,FRANPRIX SAINTE NOËLBOEUF,17.74,Groceries,False,False,none
user_4,2024-05-08 00:00:00,RATP NAVIGO SAINT LUCASVILLE,16.14,Transport,False,False,none
user_4,2024-05-08 00:00:00,BLABLACAR 17,31.13,Transport,False,False,none
user_4,2024-05-09 00:00:00,CB STEAM GAMES,3.3,Leisure,False,False,none
user_4,2024-05-09 00:00:00,AMAZON.FR JULIENDAN,3.28,Shopping,False,False,none
user_4,2024-05-10 00:00:00,TOTAL ENERGIES,9.48,Transport,False,False,none
user_4,2024-05-10 00:00:00,CINEMA UGC LAMBERTBOURG,0.96,Leisure,False,False,none
user_4,2024-05-11 00:00:00,CARREFOUR 10,39.97,Groceries,False,False,none
user_4,2024-05-11 00:00:00,LABORATOIRE BIO,38.32,Health,False,False,none
user_4,2024-05-12 00:00:00,ORANGE MOBILE,18.15,Utilities,True,False,none
user_4,2024-05-12 00:00:00,FRANPRIX ROGER,41.67,Groceries,False,False,none
user_4,2024-05-12 00:00:00,KFC,10.81,Restaurants,False,False,none
user_4,2024-05-12 00:00:00,TOTAL ENERGIES,18.56,Transport,False,False,none
user_4,2024-05-12 00:00:00,PHARMACIE THIERRY-SUR-LANGLOIS,50.38,Health,False,False,none
user_4,2024-05-15 00:00:00,ASSURANCE MAAF,30.08,Insurance,True,False,none
user_4,2024-05-16 00:00:00,CB UBER,0.74,Transport,False,False,none
user_4,2024-05-18 00:00:00,BOULANGERIE PAUL GUILLET,17.82,Restaurants,False,False,none
user_4,2024-05-19 00:00:00,CB TOTAL ENERGIES,26.46,Transport,False,False,none
user_4,2024-05-19 00:00:00,IKEA,71.48,Shopping,False,False,none
user_4,2024-05-20 00:00:00,INTERMARCHE,42.78,Groceries,False,False,none
user_4,2024-05-20 00:00:00,SEPHORA OLIVIER,83.2,Shopping,False,False,none
user_4,2024-05-21 00:00:00,UBER EATS,19.88,Restaurants,False,False,none
user_4,2024-05-22 00:00:00,AUCHAN MUNOZ,21.19,Groceries,False,False,none
user_4,2024-05-24 00:00:00,MCDONALDS,16.62,Restaurants,False,False,none
user_4,2024-05-25 00:00:00,SEPHORA,12.72,Shopping,False,False,none
user_4,2024-05-27 00:00:00,ZALANDO PARIS,40.66,Shopping,False,False,none
user_4,2024-06-01 00:00:00,LECLERC MARTYBOEUF,24.1,Groceries,False,False,none
user_4,2024-06-01 00:00:00,KFC,27.39,Restaurants,False,False,none
user_4,2024-06-01 00:00:00,LE BISTROT LELIÈVRE-SUR-MER,24.94,Restaurants,False,False,none
user_4,2024-06-01 00:00:00,OPTIC 2000 JACOBBOURG,7.97,Health,False,False,none
user_4,2024-06-01 00:00:00,CB PHARMACIE,0.74,Health,False,False,none
user_4,2024-06-02 00:00:00,CARREFOUR VAILLANT-SUR-BUISSON,41.02,Groceries,False,False,none
user_4,2024-06-02 00:00:00,APPLE STORE GIRAUD,78.85,Shopping,False,False,none
user_4,2024-06-03 00:00:00,LOYER APPARTEMENT,579.58,Housing,True,False,none
user_4,2024-06-05 00:00:00,ABONNEMENT SALLE SPORT,22.56,Leisure,True,False,none
user_4,2024-06-05 00:00:00,DELIVEROO,53.7,Restaurants,False,False,none
user_4,2024-06-05 00:00:00,CULTURA TEXIER,6.48,Leisure,False,False,none
user_4,2024-06-06 00:00:00,CARREFOUR VINCENTBOURG,31.81,Groceries,False,False,none
user_4,2024-06-06 00:00:00,LIDL,36.19,Groceries,False,False,none
user_4,2024-06-07 00:00:00,STARBUCKS PEREIRADAN,18.94,Restaurants,False,False,none
user_4,2024-06-07 00:00:00,PHARMACIE PERRET-SUR-GAY,35.94,Health,False,False,none
user_4,2024-06-07 00:00:00,ZALANDO,58.73,Shopping,False,False,none
user_4,2024-06-08 00:00:00,EDF ELECTRICITE,47.64,Utilities,True,False,none
user_4,2024-06-09 00:00:00,INTERMARCHE SAINTE JULIETTEBOEUF,27.03,Groceries,False,False,none
user_4,2024-06-09 00:00:00,LE BISTROT POIRIER-SUR-MARCHAL,19.08,Restaurants,False,False,none
user_4,2024-06-10 00:00:00,FNAC SAINTE ÉLISABETHDAN,25.81,Leisure,False,False,none
user_4,2024-06-11 00:00:00,CB NETFLIX.COM,16.36,Leisure,False,False,none
user_4,2024-06-12 00:00:00,ORANGE MOBILE,18.17,Utilities,True,False,none
user_4,2024-06-12 00:00:00,LECLERC,36.68,Groceries,False,False,none
user_4,2024-06-13 00:00:00,FRANPRIX 06,34.41,Groceries,False,True,duplicate
user_4,2024-06-13 00:02:00,FRANPRIX 06,34.41,Groceries,False,True,duplicate
user_4,2024-06-14 00:00:00,AUCHAN 12,55.01,Groceries,False,False,none
user_4,2024-06-15 00:00:00,ASSURANCE MAAF,29.95,Insurance,True,False,none
user_4,2024-06-15 00:00:00,DECATHLON LÉVY,38.63,Leisure,False,False,none
user_4,2024-06-16 00:00:00,CB LIDL,13.21,Groceries,False,False,none
user_4,2024-06-16 00:00:00,STARBUCKS DUHAMEL-LES-BAINS,1.11,Restaurants,False,False,none
user_4,2024-06-17 00:00:00,INTERMARCHE SAINTE MARGOT,34.8,Groceries,False,False,none
user_4,2024-06-17 00:00:00,SPOTIFY 14,29.13,Leisure,False,False,none
user_4,2024-06-17 00:00:00,ZALANDO COULON-SUR-NOËL,48.56,Shopping,False,False,none
user_4,2024-06-18 00:00:00,FRANPRIX,16.45,Groceries,False,False,none
user_4,2024-06-19 00:00:00,CASINO SUPERMARCHE BAUDRY,59.51,Groceries,False,False,none
user_4,2024-06-19 00:00:00,LECLERC,28.88,Groceries,False,False,none
user_4,2024-06-20 00:00:00,MONOPRIX,18.49,Groceries,False,False,none
user_4,2024-06-20 00:00:00,SUSHI SHOP,36.11,Restaurants,False,False,none
user_4,2024-06-20 00:00:00,VELIB SAINTE CHRISTIANEDAN,18.85,Transport,False,False,none
user_4,2024-06-22 00:00:00,CARREFOUR DELANNOY,27.17,Groceries,False,False,none
user_4,2024-06-22 00:00:00,SNCF INTERNET,37.7,Transport,False,False,none
user_4,2024-06-23 00:00:00,LE BISTROT 11,31.85,Restaurants,False,False,none
user_4,2024-06-23 00:00:00,ESSO STATION 01,18.21,Transport,False,False,none
user_4,2024-06-24 00:00:00,RATP NAVIGO,29.69,Transport,False,False,none
user_4,2024-06-24 00:00:00,CB DECATHLON,13.54,Leisure,False,False,none
user_4,2024-06-25 00:00:00,STEAM GAMES 04,10.96,Leisure,False,False,none
user_4,2024-07-01 00:00:00,SUSHI SHOP,21.8,Restaurants,False,False,none
user_4,2024-07-01 00:00:00,BLABLACAR VINCENTVILLE,34.84,Transport,False,False,none
user_4,2024-07-03 00:00:00,LOYER APPARTEMENT,569.43,Housing,True,False,none
user_4,2024-07-04 00:00:00,DOCTOLIB 14,44.72,Health,False,False,none
user_4,2024-07-05 00:00:00,ABONNEMENT SALLE SPORT,21.83,Leisure,True,False,none
user_4,2024-07-05 00:00:00,CB MONOPRIX,50.5,Groceries,False,False,none
user_4,2024-07-05 00:00:00,LIDL,34.63,Groceries,False,False,none
user_4,2024-07-06 00:00:00,LECLERC POTIER-SUR-BAILLY,33.07,Groceries,False,False,none
user_4,2024-07-06 00:00:00,BLABLACAR,33.88,Transport,False,False,none
user_4,2024-07-06 00:00:00,H&M LUCAS,47.12,Shopping,False,False,none
user_4,2024-07-07 00:00:00,STEAM GAMES,36.66,Leisure,False,False,none
user_4,2024-07-08 00:00:00,EDF ELECTRICITE,48.87,Utilities,True,False,none
user_4,2024-07-08 00:00:00,CINEMA UGC 07,40.09,Leisure,False,False,none
user_4,2024-07-09 00:00:00,SUSHI SHOP,19.85,Restaurants,False,False,none
user_4,2024-07-10 00:00:00,FRANPRIX JOLY,20.79,Groceries,False,False,none
user_4,2024-07-11 00:00:00,CB BOULANGERIE PAUL,25.08,Restaurants,False,False,none
user_4,2024-07-11 00:00:00,PARKING INDIGO,50.97,Transport,False,False,none
user_4,2024-07-11 00:00:00,BLABLACAR CARLIER-SUR-TOUSSAINT,11.04,Transport,False,False,none
user_4,2024-07-11 00:00:00,NETFLIX.COM 07,22.72,Leisure,False,False,none
user_4,2024-07-12 00:00:00,ORANGE MOBILE,18.65,Utilities,True,False,none
user_4,2024-07-13 00:00:00,LIDL KLEINNEC,59.83,Groceries,False,False,none
user_4,2024-07-13 00:00:00,MONOPRIX 07,28.84,Groceries,False,False,none
user_4,2024-07-13 00:00:00,CB NETFLIX.COM,50.29,Leisure,False,False,none
user_4,2024-07-14 00:00:00,UBER EATS,46.99,Restaurants,False,False,none
user_4,2024-07-15 00:00:00,ASSURANCE MAAF,29.24,Insurance,True,False,none
user_4,2024-07-15 00:00:00,INTERMARCHE,15.15,Groceries,False,False,none
user_4,2024-07-15 00:00:00,AUCHAN,18.82,Groceries,False,False,none
user_4,2024-07-15 00:00:00,BOULANGERIE PAUL,0.89,Restaurants,False,False,none
user_4,2024-07-16 00:00:00,FRANPRIX,36.78,Groceries,False,False,none
user_4,2024-07-17 00:00:00,CARREFOUR 18,10.29,Groceries,False,False,none
user_4,2024-07-17 00:00:00,CB LE BISTROT,16.87,Restaurants,False,False,none
user_4,2024-07-19 00:00:00,TOTAL ENERGIES,61.02,Transport,False,False,none
user_4,2024-07-19 00:00:00,FNAC,24.18,Leisure,False,False,none
user_4,2024-07-21 00:00:00,FRANPRIX,9.56,Groceries,False,False,none
user_4,2024-07-21 00:00:00,CASINO SUPERMARCHE,25.48,Groceries,False,False,none
user_4,2024-07-23 00:00:00,LIDL,45.64,Groceries,False,False,none
user_4,2024-07-24 00:00:00,FNAC LEBONNEC,14.61,Leisure,False,False,none
user_4,2024-07-25 00:00:00,FRANPRIX,22.06,Groceries,False,False,none
user_4,2024-07-25 00:00:00,RATP NAVIGO,35.68,Transport,False,False,none
user_4,2024-07-25 00:00:00,SNCF INTERNET 10,57.13,Transport,False,False,none
user_4,2024-07-26 00:00:00,INTERMARCHE SAINTE VICTORDAN,6.34,Groceries,False,False,none
user_4,2024-07-26 00:00:00,LECLERC PELTIER,435.98,Groceries,False,True,amount_spike
user_4,2024-07-26 00:00:00,AUCHAN,25.65,Groceries,False,False,none
user_4,2024-07-27 00:00:00,BLABLACAR,51.46,Transport,False,False,none
user_4,2024-07-28 00:00:00,CASINO SUPERMARCHE SCHMITT-LA-FORÊT,49.94,Groceries,False,False,none
user_4,2024-08-02 00:00:00,APPLE STORE SAINTE JULIETTEVILLE,47.09,Shopping,False,False,none
user_4,2024-08-03 00:00:00,LOYER APPARTEMENT,580.68,Housing,True,False,none
user_4,2024-08-03 00:00:00,BOULANGERIE PAUL TEXIERVILLE,1.11,Restaurants,False,False,none
user_4,2024-08-03 00:00:00,BLABLACAR SAINTE MARYSE,30.07,Transport,False,False,none
user_4,2024-08-04 00:00:00,TOTAL ENERGIES,31.95,Transport,False,False,none
user_4,2024-08-04 00:00:00,PHARMACIE 03,16.08,Health,False,False,none
user_4,2024-08-04 00:00:00,CB DOCTOLIB,18.68,Health,False,False,none
user_4,2024-08-05 00:00:00,ABONNEMENT SALLE SPORT,22.01,Leisure,True,False,none
user_4,2024-08-05 00:00:00,MCDONALDS 14,33.66,Restaurants,False,False,none
user_4,2024-08-05 00:00:00,UBER,1.89,Transport,False,False,none
user_4,2024-08-06 00:00:00,UBER EATS,0.89,Restaurants,False,False,none
user_4,2024-08-06 00:00:00,MCDONALDS 12,15.16,Restaurants,False,False,none
user_4,2024-08-07 00:00:00,CB UBER EATS,45.01,Restaurants,False,False,none
user_4,2024-08-08 00:00:00,EDF ELECTRICITE,47.55,Utilities,True,False,none
user_4,2024-08-09 00:00:00,LIDL SAINT MICHELLE,49.01,Groceries,False,False,none
user_4,2024-08-10 00:00:00,CASINO SUPERMARCHE CLERC,16.76,Groceries,False,False,none
user_4,2024-08-11 00:00:00,MONOPRIX,44.24,Groceries,False,False,none
user_4,2024-08-12 00:00:00,ORANGE MOBILE,18.45,Utilities,True,False,none
user_4,2024-08-12 00:00:00,BOULANGERIE PAUL,20.7,Restaurants,False,False,none
user_4,2024-08-12 00:00:00,ZARA,21.49,Shopping,False,False,none
user_4,2024-08-13 00:00:00,UBER EATS,19.88,Restaurants,False,False,none
user_4,2024-08-13 00:00:00,DECATHLON 03,0.74,Leisure,False,False,none
user_4,2024-08-14 00:00:00,FRANPRIX,25.37,Groceries,False,False,none
user_4,2024-08-14 00:00:00,CB RATP NAVIGO,23.49,Transport,False,False,none
user_4,2024-08-15 00:00:00,ASSURANCE MAAF,29.73,Insurance,True,False,none
user_4,2024-08-16 00:00:00,SNCF INTERNET ROYERNEC,11.55,Transport,False,False,none
user_4,2024-08-17 00:00:00,LABORATOIRE BIO,80.74,Health,False,False,none
user_4,2024-08-18 00:00:00,BOULANGERIE PAUL,56.11,Restaurants,False,False,none
user_4,2024-08-19 00:00:00,AUCHAN,18.04,Groceries,False,False,none
user_4,2024-08-19 00:00:00,CB AMAZON.FR,108.11,Shopping,False,False,none
user_4,2024-08-20 00:00:00,SNCF INTERNET 19,1.03,Transport,False,False,none
user_4,2024-08-22 00:00:00,CB SUSHI SHOP,35.37,Restaurants,False,False,none
user_4,2024-08-23 00:00:00,BOULANGERIE PAUL,38.16,Restaurants,False,False,none
user_4,2024-08-24 00:00:00,AUCHAN,29.14,Groceries,False,False,none
user_4,2024-08-24 00:00:00,AMAZON PRIME HAMEL-LA-FORÊT,25.93,Leisure,False,False,none
user_4,2024-09-01 00:00:00,CARREFOUR DELORME-LES-BAINS,28.05,Groceries,False,False,none
user_4,2024-09-01 00:00:00,SNCF INTERNET 13,36.35,Transport,False,False,none
user_4,2024-09-02 00:00:00,TOTAL ENERGIES,16.1,Transport,False,False,none
user_4,2024-09-02 00:00:00,BLABLACAR,46.35,Transport,False,False,none
user_4,2024-09-03 00:00:00,LOYER APPARTEMENT,577.97,Housing,True,False,none
user_4,2024-09-05 00:00:00,ABONNEMENT SALLE SPORT,22.42,Leisure,True,False,none
user_4,2024-09-05 00:00:00,CB FRANPRIX,31.34,Groceries,False,False,none
user_4,2024-09-05 00:00:00,DELIVEROO,8.86,Restaurants,False,False,none
user_4,2024-09-05 00:00:00,UBER EATS 06,14.45,Restaurants,False,False,none
user_4,2024-09-06 00:00:00,CB LECLERC,34.68,Groceries,False,False,none
user_4,2024-09-07 00:00:00,LIDL,53.32,Groceries,False,False,none
user_4,2024-09-07 00:00:00,SUSHI SHOP CHAUVET,24.18,Restaurants,False,False,none
user_4,2024-09-07 00:00:00,VELIB,15.32,Transport,False,False,none
user_4,2024-09-08 00:00:00,EDF ELECTRICITE,47.85,Utilities,True,False,none
user_4,2024-09-08 00:00:00,CB CASINO SUPERMARCHE,35.09,Groceries,False,False,none
user_4,2024-09-08 00:00:00,PHARMACIE 18,38.2,Health,False,False,none
user_4,2024-09-09 00:00:00,MUTUELLE RICHARD-LA-FORÊT,58.45,Health,False,False,none
user_4,2024-09-10 00:00:00,UBER EATS,14.16,Restaurants,False,False,none
user_4,2024-09-10 00:00:00,SPOTIFY,31.45,Leisure,False,True,duplicate
user_4,2024-09-10 00:00:00,DECATHLON BARTHELEMY,8.67,Leisure,False,False,none
user_4,2024-09-10 00:02:00,SPOTIFY,31.45,Leisure,False,True,duplicate
user_4,2024-09-11 00:00:00,OPTIC 2000 REYNAUD-LA-FORÊT,19.9,Health,False,False,none
user_4,2024-09-12 00:00:00,ORANGE MOBILE,18.62,Utilities,True,False,none
user_4,2024-09-12 00:00:00,DELIVEROO GARCIA,3.91,Restaurants,False,False,none
user_4,2024-09-12 00:00:00,IKEA 11,61.78,Shopping,False,False,none
user_4,2024-09-13 00:00:00,AUCHAN BLANCHETDAN,26.11,Groceries,False,False,none
user_4,2024-09-14 00:00:00,LIDL SAINTE NATHALIE,28.74,Groceries,False,False,none
user_4,2024-09-14 00:00:00,STARBUCKS,41.96,Restaurants,False,False,none
user_4,2024-09-14 00:00:00,LE BISTROT,9.67,Restaurants,False,False,none
user_4,2024-09-15 00:00:00,ASSURANCE MAAF,29.98,Insurance,True,False,none
user_4,2024-09-15 00:00:00,VELIB DAVIDBOEUF,12.87,Transport,False,False,none
user_4,2024-09-15 00:00:00,RATP NAVIGO,37.25,Transport,False,False,none
user_4,2024-09-16 00:00:00,SNCF INTERNET PAGES-LES-BAINS,0.74,Transport,False,False,none
user_4,2024-09-16 00:00:00,BLABLACAR,49.82,Transport,False,False,none
user_4,2024-09-17 00:00:00,SUSHI SHOP,0.74,Restaurants,False,False,none
user_4,2024-09-18 00:00:00,CARREFOUR 05,15.39,Groceries,False,False,none
user_4,2024-09-20 00:00:00,DECATHLON 10,48.85,Leisure,False,False,none
user_4,2024-09-21 00:00:00,AUCHAN,48.18,Groceries,False,False,none
user_4,2024-09-21 00:00:00,UBER EATS VALLÉE,27.31,Restaurants,False,False,none
user_4,2024-09-22 00:00:00,CB BLABLACAR,0.74,Transport,False,False,none
user_4,2024-09-23 00:00:00,KFC,28.97,Restaurants,False,False,none
user_4,2024-09-23 00:00:00,SHEIN,3.09,Shopping,False,False,none
user_4,2024-09-24 00:00:00,TOTAL ENERGIES VINCENT,48.04,Transport,False,False,none
user_4,2024-09-25 00:00:00,LIDL COUSIN,36.31,Groceries,False,False,none
user_4,2024-09-26 00:00:00,CASINO SUPERMARCHE MICHEL-SUR-RENAULT,26.61,Groceries,False,False,none
user_4,2024-09-28 00:00:00,PARKING INDIGO,22.5,Transport,False,False,none
user_4,2024-10-03 00:00:00,LOYER APPARTEMENT,575.8,Housing,True,False,none
user_4,2024-10-03 00:00:00,UBER EATS LABBÉ,14.59,Restaurants,False,False,none
user_4,2024-10-05 00:00:00,ABONNEMENT SALLE SPORT,22.3,Leisure,True,False,none
user_4,2024-10-05 00:00:00,FRANPRIX 09,49.91,Groceries,False,False,none
user_4,2024-10-05 00:00:00,AUCHAN MICHAUD-SUR-PINTO,42.82,Groceries,False,False,none
user_4,2024-10-05 00:00:00,BOULANGERIE PAUL,30.82,Restaurants,False,False,none
user_4,2024-10-06 00:00:00,VELIB 10,0.74,Transport,False,False,none
user_4,2024-10-07 00:00:00,DOCTOLIB,26.04,Health,False,False,none
user_4,2024-10-08 00:00:00,EDF ELECTRICITE,47.25,Utilities,True,False,none
user_4,2024-10-08 00:00:00,CARREFOUR,29.7,Groceries,False,False,none
user_4,2024-10-08 00:00:00,SNCF INTERNET DESCAMPS-SUR-CARPENTIER,8.5,Transport,False,False,none
user_4,2024-10-08 00:00:00,BLABLACAR,48.1,Transport,False,False,none
user_4,2024-10-09 00:00:00,LECLERC,53.9,Groceries,False,False,none
user_4,2024-10-09 00:00:00,CB NETFLIX.COM,18.31,Leisure,False,False,none
user_4,2024-10-10 00:00:00,KFC DUBOISVILLE,28.33,Restaurants,False,False,none
user_4,2024-10-11 00:00:00,CARREFOUR,27.19,Groceries,False,False,none
user_4,2024-10-12 00:00:00,ORANGE MOBILE,18.41,Utilities,True,False,none
user_4,2024-10-14 00:00:00,TOTAL ENERGIES SAINT LAURE,43.92,Transport,False,False,none
user_4,2024-10-14 00:00:00,IKEA JACQUOTBOEUF,69.37,Shopping,False,False,none
user_4,2024-10-15 00:00:00,ASSURANCE MAAF,29.45,Insurance,True,False,none
user_4,2024-10-17 00:00:00,LIDL,14.07,Groceries,False,False,none
user_4,2024-10-17 00:00:00,CINEMA UGC,31.53,Leisure,False,False,none
user_4,2024-10-18 00:00:00,IKEA,0.74,Shopping,False,False,none
user_4,2024-10-19 00:00:00,SPOTIFY,45.28,Leisure,False,False,none
user_4,2024-10-20 00:00:00,CARREFOUR,13.25,Groceries,False,False,none
user_4,2024-10-20 00:00:00,CB LECLERC,66.96,Groceries,False,False,none
user_4,2024-10-20 00:00:00,TOTAL ENERGIES,11.36,Transport,False,False,none
user_4,2024-10-22 00:00:00,ZALANDO PELTIERBOURG,477.87,Shopping,False,True,amount_spike
user_4,2024-10-23 00:00:00,FRANPRIX PERRIN,30.33,Groceries,False,False,none
user_4,2024-10-24 00:00:00,LECLERC,35.51,Groceries,False,False,none
user_4,2024-10-24 00:00:00,TOTAL ENERGIES,0.74,Transport,False,False,none
user_4,2024-10-25 00:00:00,LE BISTROT SAINT MARIANNEDAN,1.89,Restaurants,False,False,none
user_4,2024-10-25 00:00:00,ESSO STATION DUMONT-SUR-MALLET,29.32,Transport,False,False,none
user_4,2024-10-25 00:00:00,DECATHLON,6.58,Leisure,False,False,none
user_4,2024-10-26 00:00:00,LE BISTROT,35.87,Restaurants,False,False,none
user_4,2024-10-27 00:00:00,NETFLIX.COM,56.14,Leisure,False,False,none
user_4,2024-10-28 00:00:00,CASINO SUPERMARCHE DIAZBOEUF,44.35,Groceries,False,False,none
user_4,2024-10-28 00:00:00,SHEIN,106.17,Shopping,False,False,none
user_4,2024-11-01 00:00:00,VELIB MARÉCHAL,18.99,Transport,False,False,none
user_4,2024-11-01 00:00:00,NETFLIX.COM GAUTIERBOEUF,22.86,Leisure,False,False,none
user_4,2024-11-02 00:00:00,CARREFOUR SAINTE MICHELLE-LA-FORÊT,35.27,Groceries,False,False,none
user_4,2024-11-02 00:00:00,AUCHAN GÉRARDVILLE,39.54,Groceries,False,False,none
user_4,2024-11-03 00:00:00,LOYER APPARTEMENT,568.75,Housing,True,False,none
user_4,2024-11-03 00:00:00,CARREFOUR,35.2,Groceries,False,False,none
user_4,2024-11-03 00:00:00,TOTAL ENERGIES,28.65,Transport,False,False,none
user_4,2024-11-03 00:00:00,CINEMA UGC 15,0.92,Leisure,False,False,none
user_4,2024-11-04 00:00:00,MONOPRIX 11,37.3,Groceries,False,False,none
user_4,2024-11-04 00:00:00,LECLERC,58.18,Groceries,False,False,none
user_4,2024-11-04 00:00:00,CASINO SUPERMARCHE,28.09,Groceries,False,False,none
user_4,2024-11-05 00:00:00,ABONNEMENT SALLE SPORT,22.2,Leisure,True,False,none
user_4,2024-11-05 00:00:00,CASINO SUPERMARCHE SAINT HENRIETTE-LA-FORÊT,39.73,Groceries,False,False,none
user_4,2024-11-06 00:00:00,ESSO STATION RIVIÈREBOEUF,20.54,Transport,False,False,none
user_4,2024-11-06 00:00:00,DENTISTE 03,68.74,Health,False,False,none
user_4,2024-11-07 00:00:00,SPOTIFY,1.78,Leisure,False,False,none
user_4,2024-11-08 00:00:00,EDF ELECTRICITE,72.07,Utilities,True,False,none
user_4,2024-11-08 00:00:00,PARKING INDIGO 03,29.97,Transport,False,False,none
user_4,2024-11-09 00:00:00,NETFLIX.COM SAMSON-LA-FORÊT,0.92,Leisure,False,False,none
user_4,2024-11-10 00:00:00,FRANPRIX,11.14,Groceries,False,False,none
user_4,2024-11-10 00:00:00,OPTIC 2000,16.31,Health,False,False,none
user_4,2024-11-11 00:00:00,STEAM GAMES LAURENT,11.34,Leisure,False,False,none
user_4,2024-11-11 00:00:00,OPTIC 2000,0.74,Health,False,False,none
user_4,2024-11-12 00:00:00,ORANGE MOBILE,27.51,Utilities,True,False,none
user_4,2024-11-13 00:00:00,CB TOTAL ENERGIES,54.67,Transport,False,False,none
user_4,2024-11-13 00:00:00,MUTUELLE,53.22,Health,False,False,none
user_4,2024-11-13 00:00:00,ZALANDO,37.32,Shopping,False,False,none
user_4,2024-11-14 00:00:00,INTERMARCHE COLINDAN,7.73,Groceries,False,True,frequency_burst
user_4,2024-11-14 01:00:00,INTERMARCHE COLINDAN,7.73,Groceries,False,True,frequency_burst
user_4,2024-11-14 01:00:00,INTERMARCHE COLINDAN,7.73,Groceries,False,True,frequency_burst
user_4,2024-11-14 06:00:00,INTERMARCHE COLINDAN,7.73,Groceries,False,True,frequency_burst
user_4,2024-11-14 09:00:00,INTERMARCHE COLINDAN,7.73,Groceries,False,True,frequency_burst
user_4,2024-11-15 00:00:00,ASSURANCE MAAF,30.05,Insurance,True,False,none
user_4,2024-11-15 00:00:00,MONOPRIX LECOQNEC,16.24,Groceries,False,False,none
user_4,2024-11-16 00:00:00,CB MUTUELLE,0.74,Health,False,False,none
user_4,2024-11-16 00:00:00,AMAZON.FR 15,174.23,Shopping,False,False,none
user_4,2024-11-17 00:00:00,H&M SAINTE GEORGES,1.48,Shopping,False,False,none
user_4,2024-11-18 00:00:00,SNCF INTERNET SAINTE ÉLISABETHBOEUF,35.99,Transport,False,False,none
user_4,2024-11-19 00:00:00,CINEMA UGC,0.74,Leisure,False,False,none
user_4,2024-11-20 00:00:00,STEAM GAMES SAINTE MARGAUD,1.88,Leisure,False,False,none
user_4,2024-11-21 00:00:00,FRANPRIX COLIN,33.23,Groceries,False,False,none
user_4,2024-11-21 00:00:00,LECLERC MICHAUD,55.72,Groceries,False,False,none
user_4,2024-11-22 00:00:00,INTERMARCHE 16,47.44,Groceries,False,False,none
user_4,2024-11-23 00:00:00,CB STARBUCKS,35.99,Restaurants,False,False,none
user_4,2024-11-24 00:00:00,LIDL,0.74,Groceries,False,False,none
user_4,2024-11-25 00:00:00,CB SUSHI SHOP,20.98,Restaurants,False,False,none
user_4,2024-11-25 00:00:00,VELIB 14,12.52,Transport,False,False,none
user_4,2024-11-26 00:00:00,AMAZON.FR ALBERT-LES-BAINS,58.58,Shopping,False,False,none
user_4,2024-11-27 00:00:00,H&M LEFÈVRE,141.99,Shopping,False,False,none
user_4,2024-11-28 00:00:00,LECLERC SAINTE PHILIPPINEVILLE,23.13,Groceries,False,False,none
user_4,2024-12-01 00:00:00,KFC LENOIR,1.98,Restaurants,False,False,none
user_4,2024-12-01 00:00:00,ZARA MARIE,176.12,Shopping,False,False,none
user_4,2024-12-01 00:00:00,SEPHORA,88.02,Shopping,False,False,none
user_4,2024-12-02 00:00:00,AUCHAN GERMAINBOURG,57.27,Groceries,False,False,none
user_4,2024-12-02 00:00:00,CB STARBUCKS,22.6,Restaurants,False,False,none
user_4,2024-12-02 00:00:00,STARBUCKS BLIN,12.86,Restaurants,False,False,none
user_4,2024-12-03 00:00:00,LOYER APPARTEMENT,567.04,Housing,True,False,none
user_4,2024-12-03 00:00:00,LIDL SAINT NATHALIE-LES-BAINS,40.55,Groceries,False,False,none
user_4,2024-12-04 00:00:00,SUSHI SHOP SALMON,19.49,Restaurants,False,False,none
user_4,2024-12-05 00:00:00,ABONNEMENT SALLE SPORT,22.1,Leisure,True,False,none
user_4,2024-12-05 00:00:00,AUCHAN SAINTE VALENTINE,14.96,Groceries,False,False,none
user_4,2024-12-06 00:00:00,INTERMARCHE 20,59.24,Groceries,False,False,none
user_4,2024-12-06 00:00:00,STARBUCKS,4.93,Restaurants,False,False,none
user_4,2024-12-06 00:00:00,TOTAL ENERGIES,0.74,Transport,False,False,none
user_4,2024-12-07 00:00:00,MCDONALDS SAINTE ARNAUDEDAN,5.14,Restaurants,False,False,none
user_4,2024-12-07 00:00:00,DECATHLON GAUTHIERBOEUF,2.12,Leisure,False,False,none
user_4,2024-12-08 00:00:00,EDF ELECTRICITE,71.38,Utilities,True,False,none
user_4,2024-12-08 00:00:00,LE BISTROT FAUREVILLE,37.8,Restaurants,False,False,none
user_4,2024-12-08 00:00:00,RATP NAVIGO,20.64,Transport,False,False,none
user_4,2024-12-08 00:00:00,AMAZON.FR,1.48,Shopping,False,False,none
user_4,2024-12-09 00:00:00,LECLERC,31.62,Groceries,False,False,none
user_4,2024-12-10 00:00:00,LIDL 06,46.41,Groceries,False,False,none
user_4,2024-12-11 00:00:00,LIDL,18.24,Groceries,False,False,none
user_4,2024-12-11 00:00:00,MONOPRIX GARCIA,30.62,Groceries,False,False,none
user_4,2024-12-11 00:00:00,DELIVEROO,15.51,Restaurants,False,False,none
user_4,2024-12-11 00:00:00,BLABLACAR 03,18.32,Transport,False,False,none
user_4,2024-12-12 00:00:00,ORANGE MOBILE,28.07,Utilities,True,False,none
user_4,2024-12-12 00:00:00,STARBUCKS DANIEL,23.4,Restaurants,False,False,none
user_4,2024-12-12 00:00:00,OPTIC 2000 07,54.33,Health,False,False,none
user_4,2024-12-13 00:00:00,SNCF INTERNET,10.98,Transport,False,False,none
user_4,2024-12-13 00:00:00,CINEMA UGC,2.33,Leisure,False,False,none
user_4,2024-12-14 00:00:00,AMAZON PRIME,59.31,Leisure,False,False,none
user_4,2024-12-15 00:00:00,ASSURANCE MAAF,29.59,Insurance,True,False,none
user_4,2024-12-17 00:00:00,FRANPRIX,41.88,Groceries,False,False,none
user_4,2024-12-18 00:00:00,CINEMA UGC SAINT LÉON,0.74,Leisure,False,False,none
user_4,2024-12-20 00:00:00,CASINO SUPERMARCHE SAINT COLETTE-SUR-MER,64.44,Groceries,False,False,none
user_4,2024-12-20 00:00:00,CB LABORATOIRE BIO,30.46,Health,False,False,none
user_4,2024-12-20 00:00:00,AMAZON.FR 06,5.54,Shopping,False,False,none
user_4,2024-12-21 00:00:00,AUCHAN LAUNAY,12.17,Groceries,False,False,none
user_4,2024-12-21 00:00:00,UBER WAGNER,18.84,Transport,False,False,none
user_4,2024-12-23 00:00:00,AUCHAN 01,30.89,Groceries,False,False,none
user_4,2024-12-23 00:00:00,STARBUCKS BLANCHARD,11.26,Restaurants,False,False,none
user_4,2024-12-25 00:00:00,VELIB BARBE,39.8,Transport,False,False,none
user_4,2024-12-27 00:00:00,UBER EATS,9.12,Restaurants,False,False,none
user_4,2024-12-27 00:00:00,OPTIC 2000,30.17,Health,False,False,none
user_4,2024-12-28 00:00:00,STARBUCKS SAINTE RENÉE-LES-BAINS,33.96,Restaurants,False,False,none
user_4,2024-12-28 00:00:00,ESSO STATION 08,38.11,Transport,False,False,none
user_4,2024-12-28 00:00:00,ZALANDO,140.9,Shopping,False,False,none
user_4,2025-01-01 00:00:00,FRANPRIX SAINT MADELEINE,27.77,Groceries,False,False,none
user_4,2025-01-01 00:00:00,LECLERC 11,27.27,Groceries,False,False,none
user_4,2025-01-01 00:00:00,DELIVEROO LETELLIER,10.42,Restaurants,False,False,none
user_4,2025-01-01 00:00:00,SNCF INTERNET 05,41.59,Transport,False,False,none
user_4,2025-01-03 00:00:00,LOYER APPARTEMENT,565.04,Housing,True,False,none
user_4,2025-01-03 00:00:00,ESSO STATION DE SOUSA-SUR-COLIN,45.77,Transport,False,False,none
user_4,2025-01-05 00:00:00,ABONNEMENT SALLE SPORT,22.42,Leisure,True,False,none
user_4,2025-01-05 00:00:00,BOULANGERIE PAUL 19,38.04,Restaurants,False,False,none
user_4,2025-01-05 00:00:00,BLABLACAR BOURGEOISNEC,30.81,Transport,False,False,none
user_4,2025-01-06 00:00:00,UBER EATS SAINTE MICHELBOURG,10.96,Restaurants,False,False,none
user_4,2025-01-06 00:00:00,SNCF INTERNET 07,39.13,Transport,False,False,none
user_4,2025-01-07 00:00:00,MONOPRIX,50.27,Groceries,False,False,none
user_4,2025-01-07 00:00:00,FRANPRIX,41.02,Groceries,False,False,none
user_4,2025-01-07 00:00:00,SPOTIFY MASSON,16.09,Leisure,False,False,none
user_4,2025-01-08 00:00:00,EDF ELECTRICITE,72.76,Utilities,True,False,none
user_4,2025-01-08 00:00:00,AUCHAN,23.98,Groceries,False,False,none
user_4,2025-01-09 00:00:00,VELIB VALLÉE-SUR-VINCENT,8.58,Transport,False,False,none
user_4,2025-01-09 00:00:00,DENTISTE 06,0.74,Health,False,False,none
user_4,2025-01-12 00:00:00,ORANGE MOBILE,28.25,Utilities,True,False,none
user_4,2025-01-15 00:00:00,ASSURANCE MAAF,30.14,Insurance,True,False,none
user_4,2025-01-16 00:00:00,SEPHORA TEXIER,0.74,Shopping,False,False,none
user_4,2025-01-17 00:00:00,DECATHLON,11.32,Leisure,False,False,none
user_4,2025-01-18 00:00:00,LECLERC,39.34,Groceries,False,False,none
user_4,2025-01-19 00:00:00,CASINO SUPERMARCHE SAINTE DENISE,39.1,Groceries,False,False,none
user_4,2025-01-21 00:00:00,VELIB,13.61,Transport,False,False,none
user_4,2025-01-21 00:00:00,VELIB,33.98,Transport,False,False,none
user_4,2025-01-22 00:00:00,CASINO SUPERMARCHE 04,64.76,Groceries,False,False,none
user_4,2025-01-22 00:00:00,NETFLIX.COM,14.28,Leisure,False,False,none
user_4,2025-01-22 00:00:00,SHEIN,0.74,Shopping,False,False,none
user_4,2025-01-23 00:00:00,AMAZON PRIME,8.7,Leisure,False,False,none
user_4,2025-01-26 00:00:00,BOULANGERIE PAUL,36.27,Restaurants,False,False,none
user_4,2025-01-27 00:00:00,DELIVEROO MACE,34.5,Restaurants,False,False,none
user_4,2025-01-27 00:00:00,CINEMA UGC,3.23,Leisure,False,False,none
user_4,2025-01-27 00:00:00,CINEMA UGC DAVID,12.68,Leisure,False,False,none
user_4,2025-01-28 00:00:00,LECLERC 07,55.16,Groceries,False,False,none
user_4,2025-02-01 00:00:00,INTERMARCHE THOMAS-SUR-DELATTRE,39.3,Groceries,False,False,none
user_4,2025-02-01 00:00:00,AUCHAN 04,42.67,Groceries,False,False,none
user_4,2025-02-01 00:00:00,STARBUCKS,23.53,Restaurants,False,False,none
user_4,2025-02-01 00:00:00,BOULANGERIE PAUL LAROCHE-LA-FORÊT,17.99,Restaurants,False,False,none
user_4,2025-02-02 00:00:00,INTERMARCHE GUYON-SUR-MER,39.37,Groceries,False,False,none
user_4,2025-02-02 00:00:00,TOTAL ENERGIES,19.6,Transport,False,False,none
user_4,2025-02-03 00:00:00,LOYER APPARTEMENT,579.7,Housing,True,False,none
user_4,2025-02-04 00:00:00,FRANPRIX,35.84,Groceries,False,False,none
user_4,2025-02-05 00:00:00,ABONNEMENT SALLE SPORT,22.23,Leisure,True,False,none
user_4,2025-02-05 00:00:00,UBER 05,30.84,Transport,False,False,none
user_4,2025-02-06 00:00:00,CARREFOUR,32.77,Groceries,False,False,none
user_4,2025-02-07 00:00:00,RATP NAVIGO SAINTE MARIEBOEUF,26.49,Transport,False,False,none
user_4,2025-02-08 00:00:00,EDF ELECTRICITE,71.27,Utilities,True,False,none
user_4,2025-02-08 00:00:00,IKEA,12.56,Shopping,False,False,none
user_4,2025-02-09 00:00:00,CB STEAM GAMES,0.92,Leisure,False,False,none
user_4,2025-02-10 00:00:00,CB BLABLACAR,44.17,Transport,False,False,none
user_4,2025-02-11 00:00:00,FRANPRIX,4.12,Groceries,False,False,none
user_4,2025-02-12 00:00:00,ORANGE MOBILE,27.78,Utilities,True,False,none
user_4,2025-02-12 00:00:00,CB AUCHAN,40.21,Groceries,False,False,none
user_4,2025-02-12 00:00:00,STARBUCKS MASSEVILLE,20.63,Restaurants,False,False,none
user_4,2025-02-12 00:00:00,DOCTOLIB 02,0.74,Health,False,False,none
user_4,2025-02-13 00:00:00,LIDL,41.31,Groceries,False,False,none
user_4,2025-02-14 00:00:00,CB INTERMARCHE,47.05,Groceries,False,False,none
user_4,2025-02-14 00:00:00,PHARMACIE,4.97,Health,False,False,none
user_4,2025-02-15 00:00:00,ASSURANCE MAAF,29.27,Insurance,True,False,none
user_4,2025-02-15 00:00:00,CARREFOUR,13.74,Groceries,False,False,none
user_4,2025-02-16 00:00:00,SUSHI SHOP SAINTE MARTIN,28.03,Restaurants,False,False,none
user_4,2025-02-17 00:00:00,LECLERC PERONVILLE,47.34,Groceries,False,False,none
user_4,2025-02-18 00:00:00,AMAZON PRIME ROCHER,16.33,Leisure,False,False,none
user_4,2025-02-18 00:00:00,CULTURA,3.13,Leisure,False,False,none
user_4,2025-02-19 00:00:00,CINEMA UGC,11.85,Leisure,False,False,none
user_4,2025-02-20 00:00:00,FNAC GUYON,55.89,Leisure,False,False,none
user_4,2025-02-21 00:00:00,FRANPRIX 13,21.22,Groceries,False,False,none
user_4,2025-02-21 00:00:00,DELIVEROO DUPUIS,6.5,Restaurants,False,False,none
user_4,2025-02-21 00:00:00,SPOTIFY,0.74,Leisure,False,False,none
user_4,2025-02-22 00:00:00,KFC 08,25.09,Restaurants,False,False,none
user_4,2025-02-22 00:00:00,CB STEAM GAMES,31.08,Leisure,False,False,none
user_4,2025-02-22 00:00:00,IKEA,104.37,Shopping,False,False,none
user_4,2025-02-24 00:00:00,TOTAL ENERGIES,15.26,Transport,False,False,none
user_4,2025-02-25 00:00:00,PARKING INDIGO,12.79,Transport,False,False,none
user_4,2025-02-26 00:00:00,AMAZON PRIME,0.74,Leisure,False,False,none
user_4,2025-02-26 00:00:00,H&M,39.53,Shopping,False,False,none
user_4,2025-02-27 00:00:00,LECLERC PICARD-SUR-VERDIER,40.87,Groceries,False,False,none
user_4,2025-02-27 00:00:00,BOULANGERIE PAUL,18.34,Restaurants,False,False,none
user_4,2025-02-27 00:00:00,DENTISTE TURPIN,24.85,Health,False,False,none
user_4,2025-02-27 00:00:00,APPLE STORE 06,23.89,Shopping,False,False,none
user_4,2025-02-28 00:00:00,AUCHAN CAMUS-SUR-MER,40.31,Groceries,False,False,none
user_4,2025-02-28 00:00:00,AUCHAN DELORME-SUR-MER,21.11,Groceries,False,False,none
user_4,2025-02-28 00:00:00,TOTAL ENERGIES 12,39.22,Transport,False,False,none
user_4,2025-03-01 00:00:00,OPTIC 2000 NORMAND-LES-BAINS,14.09,Health,False,False,none
user_4,2025-03-01 00:00:00,IKEA,57.32,Shopping,False,False,none
user_4,2025-03-02 00:00:00,LIDL,22.26,Groceries,False,False,none
user_4,2025-03-02 00:00:00,LIDL,5.49,Groceries,False,False,none
user_4,2025-03-02 00:00:00,NETFLIX.COM,5.13,Leisure,False,False,none
user_4,2025-03-03 00:00:00,LOYER APPARTEMENT,577.87,Housing,True,False,none
user_4,2025-03-03 00:00:00,SNCF INTERNET,1.47,Transport,False,False,none
user_4,2025-03-04 00:00:00,STARBUCKS 17,4.52,Restaurants,False,False,none
user_4,2025-03-05 00:00:00,ABONNEMENT SALLE SPORT,22.36,Leisure,True,False,none
user_4,2025-03-05 00:00:00,RATP NAVIGO,0.74,Transport,False,False,none
user_4,2025-03-05 00:00:00,SEPHORA 01,96.43,Shopping,False,False,none
user_4,2025-03-07 00:00:00,RATP NAVIGO TESSIER-SUR-MAILLET,36.29,Transport,False,False,none
user_4,2025-03-07 00:00:00,TOTAL ENERGIES FERNANDEZBOURG,22.11,Transport,False,False,none
user_4,2025-03-07 00:00:00,ZALANDO 14,23.54,Shopping,False,False,none
user_4,2025-03-08 00:00:00,EDF ELECTRICITE,48.9,Utilities,True,False,none
user_4,2025-03-08 00:00:00,SHEIN SAINT SUZANNE-SUR-MER,65.63,Shopping,False,False,none
user_4,2025-03-09 00:00:00,KFC,27.73,Restaurants,False,False,none
user_4,2025-03-10 00:00:00,MONOPRIX DUPUIS,45.31,Groceries,False,False,none
user_4,2025-03-10 00:00:00,CARREFOUR,29.82,Groceries,False,False,none
user_4,2025-03-11 00:00:00,MONOPRIX,40.19,Groceries,False,False,none
user_4,2025-03-11 00:00:00,CASINO SUPERMARCHE,32.91,Groceries,False,False,none
user_4,2025-03-12 00:00:00,ORANGE MOBILE,18.63,Utilities,True,False,none
user_4,2025-03-12 00:00:00,RATP NAVIGO,48.26,Transport,False,False,none
user_4,2025-03-14 00:00:00,CB FRANPRIX,30.82,Groceries,False,False,none
user_4,2025-03-15 00:00:00,ASSURANCE MAAF,29.32,Insurance,True,False,none
user_4,2025-03-16 00:00:00,DELIVEROO SAINTE ADÉLAÏDEDAN,0.92,Restaurants,False,False,none
user_4,2025-03-18 00:00:00,SNCF INTERNET 18,31.91,Transport,False,False,none
user_4,2025-03-20 00:00:00,CB INTERMARCHE,62.44,Groceries,False,False,none
user_4,2025-03-20 00:00:00,RATP NAVIGO,0.74,Transport,False,False,none
user_4,2025-03-21 00:00:00,CB BLABLACAR,21.36,Transport,False,False,none
user_4,2025-03-23 00:00:00,MCDONALDS,0.92,Restaurants,False,False,none
user_4,2025-03-23 00:00:00,STEAM GAMES MAHE,17.48,Leisure,False,False,none
user_4,2025-03-24 00:00:00,AMAZON PRIME SAINT JACQUES-LA-FORÊT,18.59,Leisure,False,False,none
user_4,2025-03-25 00:00:00,BOULANGERIE PAUL GAUDIN,30.91,Restaurants,False,False,none
user_4,2025-03-25 00:00:00,BLABLACAR,9.49,Transport,False,False,none
user_4,2025-03-26 00:00:00,SPOTIFY 06,10.46,Leisure,False,False,none
user_4,2025-03-27 00:00:00,STEAM GAMES DIJOUX,21.91,Leisure,False,False,none
user_4,2025-03-28 00:00:00,MCDONALDS,15.6,Restaurants,False,False,none
user_4,2025-03-28 00:00:00,STARBUCKS,40.59,Restaurants,False,False,none
user_4,2025-04-01 00:00:00,CB CARREFOUR,27.2,Groceries,False,False,none
user_4,2025-04-01 00:00:00,SPOTIFY LEMAÎTRE,31.32,Leisure,False,False,none
user_4,2025-04-02 00:00:00,CARREFOUR LE GOFF-SUR-BÈGUE,16.74,Groceries,False,False,none
user_4,2025-04-03 00:00:00,LOYER APPARTEMENT,580.44,Housing,True,False,none
user_4,2025-04-03 00:00:00,PARKING INDIGO 06,18.95,Transport,False,False,none
user_4,2025-04-04 00:00:00,STEAM GAMES BRUNEAU,35.06,Leisure,False,False,none
user_4,2025-04-05 00:00:00,ABONNEMENT SALLE SPORT,22.54,Leisure,True,False,none
user_4,2025-04-05 00:00:00,CINEMA UGC FERREIRA,25.51,Leisure,False,False,none
user_4,2025-04-06 00:00:00,CB LIDL,21.91,Groceries,False,False,none
user_4,2025-04-07 00:00:00,STARBUCKS,0.74,Restaurants,False,False,none
user_4,2025-04-08 00:00:00,EDF ELECTRICITE,48.42,Utilities,True,False,none
user_4,2025-04-08 00:00:00,FRANPRIX,30.12,Groceries,False,False,none
user_4,2025-04-08 00:00:00,CULTURA GIMENEZ-LES-BAINS,27.42,Leisure,False,False,none
user_4,2025-04-09 00:00:00,PHARMACIE SAINTE COLETTE,41.61,Health,False,False,none
user_4,2025-04-11 00:00:00,CULTURA NEVEUVILLE,0.74,Leisure,False,False,none
user_4,2025-04-12 00:00:00,ORANGE MOBILE,18.49,Utilities,True,False,none
user_4,2025-04-12 00:00:00,LE BISTROT 19,4.2,Restaurants,False,False,none
user_4,2025-04-13 00:00:00,CB FRANPRIX,29.14,Groceries,False,False,none
user_4,2025-04-13 00:00:00,MCDONALDS HERVÉ,11.75,Restaurants,False,False,none
user_4,2025-04-14 00:00:00,FRANPRIX CHARTIER-SUR-GRENIER,26.3,Groceries,False,False,none
user_4,2025-04-15 00:00:00,ASSURANCE MAAF,29.14,Insurance,True,False,none
user_4,2025-04-16 00:00:00,ESSO STATION,24.18,Transport,False,False,none
user_4,2025-04-16 00:00:00,PARKING INDIGO,20.93,Transport,False,False,none
user_4,2025-04-17 00:00:00,UBER EATS,10.37,Restaurants,False,False,none
user_4,2025-04-21 00:00:00,MCDONALDS PICARD,11.03,Restaurants,False,False,none
user_4,2025-04-21 00:00:00,DECATHLON,0.74,Leisure,False,False,none
user_4,2025-04-21 00:00:00,CB DOCTOLIB,21.51,Health,False,False,none
user_4,2025-04-22 00:00:00,RATP NAVIGO,35.45,Transport,False,False,none
user_4,2025-04-23 00:00:00,UBER RENAULT-LES-BAINS,32.14,Transport,False,False,none
user_4,2025-04-25 00:00:00,SEPHORA,65.55,Shopping,False,False,none
user_4,2025-04-26 00:00:00,APPLE STORE,134.7,Shopping,False,False,none
user_4,2025-04-27 00:00:00,UBER EATS JACQUET,37.61,Restaurants,False,False,none
user_4,2025-04-27 00:00:00,TOTAL ENERGIES,26.81,Transport,False,False,none
user_4,2025-04-27 00:00:00,SPOTIFY,0.92,Leisure,False,False,none
user_4,2025-04-28 00:00:00,TOTAL ENERGIES,9.35,Transport,False,False,none
user_4,2025-05-02 00:00:00,LE BISTROT,8.48,Restaurants,False,False,none
user_4,2025-05-03 00:00:00,LOYER APPARTEMENT,574.77,Housing,True,False,none
user_4,2025-05-03 00:00:00,NETFLIX.COM,63.48,Leisure,False,False,none
user_4,2025-05-04 00:00:00,CB AUCHAN,42.09,Groceries,False,False,none
user_4,2025-05-05 00:00:00,ABONNEMENT SALLE SPORT,22.48,Leisure,True,False,none
user_4,2025-05-06 00:00:00,LABORATOIRE BIO JOSEPH-SUR-FERNANDEZ,50.4,Health,False,False,none
user_4,2025-05-07 00:00:00,CASINO SUPERMARCHE SAINTE LAURE,20.16,Groceries,False,False,none
user_4,2025-05-07 00:00:00,FRANPRIX CLERC-SUR-LECLERCQ,43.18,Groceries,False,False,none
user_4,2025-05-07 00:00:00,PARKING INDIGO,17.28,Transport,False,False,none
user_4,2025-05-08 00:00:00,EDF ELECTRICITE,48.04,Utilities,True,False,none
user_4,2025-05-08 00:00:00,DOCTOLIB,46.56,Health,False,False,none
user_4,2025-05-10 00:00:00,SNCF INTERNET GROS-SUR-LEFÈVRE,69.72,Transport,False,False,none
user_4,2025-05-11 00:00:00,LECLERC,31.78,Groceries,False,False,none
user_4,2025-05-12 00:00:00,ORANGE MOBILE,18.25,Utilities,True,False,none
user_4,2025-05-12 00:00:00,CB LECLERC,16.37,Groceries,False,False,none
user_4,2025-05-12 00:00:00,STARBUCKS 16,23.02,Restaurants,False,False,none
user_4,2025-05-12 00:00:00,VELIB,14.43,Transport,False,False,none
user_4,2025-05-13 00:00:00,LECLERC GUILLOUBOEUF,43.54,Groceries,False,False,none
user_4,2025-05-13 00:00:00,CARREFOUR,20.04,Groceries,False,False,none
user_4,2025-05-14 00:00:00,BOULANGERIE PAUL PIERRE,1.42,Restaurants,False,False,none
user_4,2025-05-14 00:00:00,MCDONALDS COHENBOURG,14.33,Restaurants,False,False,none
user_4,2025-05-15 00:00:00,ASSURANCE MAAF,29.51,Insurance,True,False,none
user_4,2025-05-15 00:00:00,FRANPRIX,15.81,Groceries,False,False,none
user_4,2025-05-15 00:00:00,UBER 05,21.38,Transport,False,False,none
user_4,2025-05-16 00:00:00,AUCHAN FAIVRE,47.93,Groceries,False,False,none
user_4,2025-05-16 00:00:00,INTERMARCHE,29.01,Groceries,False,True,frequency_burst
user_4,2025-05-16 00:00:00,CARREFOUR 03,51.74,Groceries,False,False,none
user_4,2025-05-16 04:00:00,INTERMARCHE,29.01,Groceries,False,True,frequency_burst
user_4,2025-05-16 05:00:00,INTERMARCHE,29.01,Groceries,False,True,frequency_burst
user_4,2025-05-16 07:00:00,INTERMARCHE,29.01,Groceries,False,True,frequency_burst
user_4,2025-05-16 08:00:00,INTERMARCHE,29.01,Groceries,False,True,frequency_burst
user_4,2025-05-16 09:00:00,INTERMARCHE,29.01,Groceries,False,True,frequency_burst
user_4,2025-05-16 09:00:00,INTERMARCHE,29.01,Groceries,False,True,frequency_burst
user_4,2025-05-16 09:00:00,INTERMARCHE,29.01,Groceries,False,True,frequency_burst
user_4,2025-05-18 00:00:00,NETFLIX.COM COHEN,39.96,Leisure,False,False,none
user_4,2025-05-18 00:00:00,IKEA OLLIVIER,38.63,Shopping,False,False,none
user_4,2025-05-19 00:00:00,CINEMA UGC 10,22.47,Leisure,False,False,none
user_4,2025-05-20 00:00:00,VELIB 13,4.56,Transport,False,False,none
user_4,2025-05-21 00:00:00,MUTUELLE CHAUVEAUNEC,21.88,Health,False,False,none
user_4,2025-05-23 00:00:00,LECLERC,24.91,Groceries,False,False,none
user_4,2025-05-24 00:00:00,FRANPRIX CHAUVEAU-SUR-PICHON,52.57,Groceries,False,False,none
user_4,2025-05-24 00:00:00,CULTURA TRAORENEC,4.31,Leisure,False,False,none
user_4,2025-05-27 00:00:00,CASINO SUPERMARCHE SAINTE AUGUSTIN-LES-BAINS,36.81,Groceries,False,False,none
user_4,2025-06-01 00:00:00,FRANPRIX,39.23,Groceries,False,False,none
user_4,2025-06-02 00:00:00,CINEMA UGC 19,22.34,Leisure,False,False,none
user_4,2025-06-03 00:00:00,LOYER APPARTEMENT,569.05,Housing,True,False,none
user_4,2025-06-04 00:00:00,SUSHI SHOP,17.25,Restaurants,False,False,none
user_4,2025-06-05 00:00:00,ABONNEMENT SALLE SPORT,22.07,Leisure,True,False,none
user_4,2025-06-05 00:00:00,BLABLACAR 04,46.84,Transport,False,False,none
user_4,2025-06-06 00:00:00,PHARMACIE JACQUOT-LES-BAINS,25.22,Health,False,False,none
user_4,2025-06-06 00:00:00,AMAZON.FR,77.66,Shopping,False,False,none
user_4,2025-06-07 00:00:00,CB FRANPRIX,29.84,Groceries,False,False,none
user_4,2025-06-07 00:00:00,CASINO SUPERMARCHE RIOU-LA-FORÊT,36.19,Groceries,False,False,none
user_4,2025-06-08 00:00:00,EDF ELECTRICITE,48.27,Utilities,True,False,none
user_4,2025-06-09 00:00:00,MCDONALDS 14,16.44,Restaurants,False,False,none
user_4,2025-06-10 00:00:00,SNCF INTERNET,50.65,Transport,False,False,none
user_4,2025-06-11 00:00:00,MONOPRIX 18,36.69,Groceries,False,False,none
user_4,2025-06-11 00:00:00,STARBUCKS,0.89,Restaurants,False,False,none
user_4,2025-06-11 00:00:00,UBER EATS,16.31,Restaurants,False,False,none
user_4,2025-06-12 00:00:00,ORANGE MOBILE,18.59,Utilities,True,False,none
user_4,2025-06-12 00:00:00,LECLERC BOULAY-SUR-MALLET,32.09,Groceries,False,False,none
user_4,2025-06-12 00:00:00,MCDONALDS SAINT RÉMY,13.73,Restaurants,False,False,none
user_4,2025-06-12 00:00:00,UBER EATS 16,17.76,Restaurants,False,False,none
user_4,2025-06-12 00:00:00,SHEIN BOUSQUETBOEUF,92.0,Shopping,False,False,none
user_4,2025-06-12 00:00:00,ZARA,0.74,Shopping,False,False,none
user_4,2025-06-13 00:00:00,UBER EATS TEIXEIRA,19.58,Restaurants,False,False,none
user_4,2025-06-14 00:00:00,ZARA 02,85.57,Shopping,False,False,none
user_4,2025-06-15 00:00:00,ASSURANCE MAAF,29.57,Insurance,True,False,none
user_4,2025-06-15 00:00:00,CASINO SUPERMARCHE DUPONT-LA-FORÊT,42.77,Groceries,False,False,none
user_4,2025-06-18 00:00:00,UBER EATS BLIN,4.48,Restaurants,False,False,none
user_4,2025-06-19 00:00:00,CB AMAZON PRIME,28.97,Leisure,False,False,none
user_4,2025-06-20 00:00:00,IKEA LAPORTE,72.43,Shopping,False,False,none
user_4,2025-06-21 00:00:00,LECLERC,40.1,Groceries,False,False,none
user_4,2025-06-23 00:00:00,STARBUCKS DENIS-LA-FORÊT,26.82,Restaurants,False,False,none
user_4,2025-06-23 00:00:00,FNAC GONCALVES,19.73,Leisure,False,False,none
user_4,2025-06-25 00:00:00,CARREFOUR WEBER,57.05,Groceries,False,False,none
user_4,2025-06-26 00:00:00,INTERMARCHE 19,18.07,Groceries,False,False,none
user_4,2025-06-27 00:00:00,AUCHAN ROUSSETDAN,23.98,Groceries,False,False,none
user_4,2025-06-27 00:00:00,SNCF INTERNET,34.6,Transport,False,False,none
user_4,2025-06-27 00:00:00,ZALANDO GOSSELIN,92.85,Shopping,False,False,none
user_4,2025-06-28 00:00:00,FRANPRIX,30.0,Groceries,False,False,none
user_5,2024-01-01 00:00:00,CARREFOUR GOMES,48.39,Groceries,False,False,none
user_5,2024-01-01 00:00:00,CB MCDONALDS,20.4,Restaurants,False,False,none
user_5,2024-01-01 00:00:00,FNAC SAINT STÉPHANIEVILLE,26.36,Leisure,False,False,none
user_5,2024-01-03 00:00:00,LOYER APPARTEMENT,888.97,Housing,True,False,none
user_5,2024-01-03 00:00:00,SPOTIFY 04,30.67,Leisure,False,False,none
user_5,2024-01-04 00:00:00,FNAC BOULAYNEC,37.93,Leisure,False,False,none
user_5,2024-01-05 00:00:00,ABONNEMENT SALLE SPORT,33.29,Leisure,True,False,none
user_5,2024-01-05 00:00:00,INTERMARCHE 05,62.48,Groceries,False,False,none
user_5,2024-01-05 00:00:00,CB SUSHI SHOP,24.11,Restaurants,False,False,none
user_5,2024-01-05 00:00:00,PARKING INDIGO LE GALL,44.91,Transport,False,False,none
user_5,2024-01-06 00:00:00,AMAZON.FR DELORME,155.07,Shopping,False,False,none
user_5,2024-01-07 00:00:00,CB INTERMARCHE,54.37,Groceries,False,False,none
user_5,2024-01-07 00:00:00,STARBUCKS,21.78,Restaurants,False,False,none
user_5,2024-01-07 00:00:00,UBER 10,65.88,Transport,False,False,none
user_5,2024-01-08 00:00:00,EDF ELECTRICITE,111.62,Utilities,True,False,none
user_5,2024-01-09 00:00:00,LECLERC GAUDIN,37.84,Groceries,False,False,none
user_5,2024-01-09 00:00:00,TOTAL ENERGIES GODARDBOEUF,1.12,Transport,False,False,none
user_5,2024-01-10 00:00:00,UBER EATS,60.16,Restaurants,False,False,none
user_5,2024-01-10 00:00:00,SUSHI SHOP,16.12,Restaurants,False,False,none
user_5,2024-01-12 00:00:00,ORANGE MOBILE,42.31,Utilities,True,False,none
user_5,2024-01-12 00:00:00,FRANPRIX,1.12,Groceries,False,False,none
user_5,2024-01-12 00:00:00,CASINO SUPERMARCHE,25.58,Groceries,False,False,none
user_5,2024-01-12 00:00:00,DOCTOLIB MARTINEAU,61.19,Health,False,False,none
user_5,2024-01-13 00:00:00,UBER,1.12,Transport,False,False,none
user_5,2024-01-14 00:00:00,CB AUCHAN,51.8,Groceries,False,False,none
user_5,2024-01-15 00:00:00,ASSURANCE MAAF,44.44,Insurance,True,False,none
user_5,2024-01-15 00:00:00,CARREFOUR PEREIRA,67.03,Groceries,False,False,none
user_5,2024-01-16 00:00:00,INTERMARCHE,38.16,Groceries,False,False,none
user_5,2024-01-16 00:00:00,STARBUCKS GARNIERBOURG,12.54,Restaurants,False,False,none
user_5,2024-01-17 00:00:00,INTERMARCHE CARREBOEUF,32.99,Groceries,False,False,none
user_5,2024-01-17 00:00:00,BLABLACAR,31.17,Transport,False,False,none
user_5,2024-01-17 00:00:00,DENTISTE 09,1.12,Health,False,False,none
user_5,2024-01-17 00:00:00,SEPHORA SAINT JOSETTE-SUR-MER,20.25,Shopping,False,False,none
user_5,2024-01-18 00:00:00,SHEIN LEROY,1.12,Shopping,False,False,none
user_5,2024-01-19 00:00:00,ESSO STATION,63.01,Transport,False,False,none
user_5,2024-01-20 00:00:00,SNCF INTERNET CHEVALIER,60.6,Transport,False,False,none
user_5,2024-01-21 00:00:00,SNCF INTERNET LEMONNIER,101.45,Transport,False,False,none
user_5,2024-01-22 00:00:00,LIDL,77.61,Groceries,False,False,none
user_5,2024-01-22 00:00:00,CB MCDONALDS,19.42,Restaurants,False,False,none
user_5,2024-01-23 00:00:00,PARKING INDIGO LEROY,67.07,Transport,False,False,none
user_5,2024-01-24 00:00:00,VELIB,72.2,Transport,False,False,none
user_5,2024-01-24 00:00:00,CB SHEIN,102.8,Shopping,False,False,none
user_5,2024-01-27 00:00:00,AUCHAN 06,50.83,Groceries,False,False,none
user_5,2024-01-27 00:00:00,UBER EATS VAILLANT,45.42,Restaurants,False,False,none
user_5,2024-02-01 00:00:00,DELIVEROO,20.1,Restaurants,False,True,frequency_burst
user_5,2024-02-01 00:00:00,STARBUCKS 19,42.52,Restaurants,False,False,none
user_5,2024-02-01 00:00:00,DENTISTE,38.94,Health,False,True,frequency_burst
user_5,2024-02-01 01:00:00,DELIVEROO,20.1,Restaurants,False,True,frequency_burst
user_5,2024-02-01 02:00:00,DENTISTE,38.94,Health,False,True,frequency_burst
user_5,2024-02-01 02:00:00,DELIVEROO,20.1,Restaurants,False,True,frequency_burst
user_5,2024-02-01 03:00:00,DENTISTE,38.94,Health,False,True,frequency_burst
user_5,2024-02-01 06:00:00,DENTISTE,38.94,Health,False,True,frequency_burst
user_5,2024-02-01 07:00:00,DENTISTE,38.94,Health,False,True,frequency_burst
user_5,2024-02-01 08:00:00,DENTISTE,38.94,Health,False,True,frequency_burst
user_5,2024-02-01 08:00:00,DENTISTE,38.94,Health,False,True,frequency_burst
user_5,2024-02-01 08:00:00,DELIVEROO,20.1,Restaurants,False,True,frequency_burst
user_5,2024-02-01 08:00:00,DELIVEROO,20.1,Restaurants,False,True,frequency_burst
user_5,2024-02-01 08:00:00,DELIVEROO,20.1,Restaurants,False,True,frequency_burst
user_5,2024-02-02 00:00:00,CB CARREFOUR,50.51,Groceries,False,False,none
user_5,2024-02-03 00:00:00,LOYER APPARTEMENT,870.91,Housing,True,False,none
user_5,2024-02-03 00:00:00,RATP NAVIGO SAINTE GÉRARDDAN,15.47,Transport,False,False,none
user_5,2024-02-05 00:00:00,ABONNEMENT SALLE SPORT,34.36,Leisure,True,False,none
user_5,2024-02-05 00:00:00,DELIVEROO,31.23,Restaurants,False,False,none
user_5,2024-02-05 00:00:00,CB CULTURA,45.81,Leisure,False,False,none
user_5,2024-02-08 00:00:00,EDF ELECTRICITE,109.41,Utilities,True,False,none
user_5,2024-02-10 00:00:00,CASINO SUPERMARCHE,66.83,Groceries,False,False,none
user_5,2024-02-10 00:00:00,LABORATOIRE BIO,691.8,Health,False,True,amount_spike
user_5,2024-02-11 00:00:00,DELIVEROO,49.09,Restaurants,False,False,none
user_5,2024-02-11 00:00:00,LE BISTROT 17,8.34,Restaurants,False,False,none
user_5,2024-02-11 00:00:00,OPTIC 2000 ROCHEBOURG,1.12,Health,False,False,none
user_5,2024-02-12 00:00:00,ORANGE MOBILE,42.06,Utilities,True,False,none
user_5,2024-02-12 00:00:00,MONOPRIX,44.71,Groceries,False,False,none
user_5,2024-02-15 00:00:00,ASSURANCE MAAF,44.32,Insurance,True,False,none
user_5,2024-02-15 00:00:00,FRANPRIX LEDOUX-SUR-GARCIA,13.82,Groceries,False,False,none
user_5,2024-02-15 00:00:00,BLABLACAR,49.9,Transport,False,False,none
user_5,2024-02-15 00:00:00,STEAM GAMES PINEAU,31.2,Leisure,False,False,none
user_5,2024-02-16 00:00:00,UBER EATS SAINT VICTOIREBOEUF,17.26,Restaurants,False,False,none
user_5,2024-02-16 00:00:00,VELIB,39.26,Transport,False,False,none
user_5,2024-02-19 00:00:00,CB FRANPRIX,8.29,Groceries,False,False,none
user_5,2024-02-20 00:00:00,DELIVEROO,21.31,Restaurants,False,False,none
user_5,2024-02-20 00:00:00,LABORATOIRE BIO,43.31,Health,False,False,none
user_5,2024-02-23 00:00:00,LIDL CHARRIER,39.46,Groceries,False,False,none
user_5,2024-02-24 00:00:00,CULTURA TEIXEIRA,57.32,Leisure,False,False,none
user_5,2024-02-25 00:00:00,FRANPRIX,91.36,Groceries,False,False,none
user_5,2024-02-25 00:00:00,CASINO SUPERMARCHE,23.58,Groceries,False,False,none
user_5,2024-02-25 00:00:00,AMAZON PRIME,51.3,Leisure,False,False,none
user_5,2024-02-26 00:00:00,SNCF INTERNET COSTA,38.23,Transport,False,False,none
user_5,2024-02-27 00:00:00,PHARMACIE JEANNEC,1.12,Health,False,False,none
user_5,2024-02-28 00:00:00,INTERMARCHE THOMASBOURG,22.94,Groceries,False,False,none
user_5,2024-03-01 00:00:00,CB TOTAL ENERGIES,27.49,Transport,False,False,none
user_5,2024-03-03 00:00:00,LOYER APPARTEMENT,883.35,Housing,True,False,none
user_5,2024-03-03 00:00:00,AUCHAN,41.86,Groceries,False,False,none
user_5,2024-03-04 00:00:00,BOULANGERIE PAUL PAGESDAN,26.0,Restaurants,False,False,none
user_5,2024-03-04 00:00:00,ESSO STATION NICOLASBOURG,1.12,Transport,False,False,none
user_5,2024-03-05 00:00:00,ABONNEMENT SALLE SPORT,33.06,Leisure,True,False,none
user_5,2024-03-05 00:00:00,UBER EATS ANTOINE-SUR-RIVIÈRE,27.11,Restaurants,False,False,none
user_5,2024-03-06 00:00:00,CB SEPHORA,74.36,Shopping,False,False,none
user_5,2024-03-08 00:00:00,EDF ELECTRICITE,72.8,Utilities,True,False,none
user_5,2024-03-08 00:00:00,CASINO SUPERMARCHE,19.08,Groceries,False,False,none
user_5,2024-03-09 00:00:00,CARREFOUR DELAUNAY,41.99,Groceries,False,False,none
user_5,2024-03-09 00:00:00,NETFLIX.COM,58.13,Leisure,False,False,none
user_5,2024-03-11 00:00:00,LECLERC,44.91,Groceries,False,False,none
user_5,2024-03-11 00:00:00,APPLE STORE,1.12,Shopping,False,False,none
user_5,2024-03-12 00:00:00,ORANGE MOBILE,28.48,Utilities,True,False,none
user_5,2024-03-12 00:00:00,KFC,12.33,Restaurants,False,False,none
user_5,2024-03-13 00:00:00,CARREFOUR 04,69.57,Groceries,False,False,none
user_5,2024-03-13 00:00:00,KFC,31.19,Restaurants,False,False,none
user_5,2024-03-13 00:00:00,UBER GRONDIN-LES-BAINS,74.04,Transport,False,False,none
user_5,2024-03-14 00:00:00,CASINO SUPERMARCHE 01,47.77,Groceries,False,False,none
user_5,2024-03-14 00:00:00,BOULANGERIE PAUL,8.32,Restaurants,False,False,none
user_5,2024-03-14 00:00:00,LABORATOIRE BIO 11,1.12,Health,False,False,none
user_5,2024-03-15 00:00:00,ASSURANCE MAAF,44.37,Insurance,True,False,none
user_5,2024-03-15 00:00:00,RATP NAVIGO SAINT COLETTE,12.67,Transport,False,False,none
user_5,2024-03-16 00:00:00,CASINO SUPERMARCHE 19,63.14,Groceries,False,False,none
user_5,2024-03-16 00:00:00,LIDL,67.37,Groceries,False,False,none
user_5,2024-03-18 00:00:00,CASINO SUPERMARCHE 17,46.28,Groceries,False,False,none
user_5,2024-03-19 00:00:00,STARBUCKS PHILIPPE,12.65,Restaurants,False,False,none
user_5,2024-03-19 00:00:00,NETFLIX.COM,28.35,Leisure,False,False,none
user_5,2024-03-20 00:00:00,FRANPRIX,62.71,Groceries,False,False,none
user_5,2024-03-22 00:00:00,MCDONALDS ALLAIN-SUR-MAILLARD,34.75,Restaurants,False,False,none
user_5,2024-03-22 00:00:00,DELIVEROO,37.72,Restaurants,False,False,none
user_5,2024-03-23 00:00:00,STARBUCKS 20,44.28,Restaurants,False,False,none
user_5,2024-03-25 00:00:00,AMAZON.FR,42.22,Shopping,False,False,none
user_5,2024-03-27 00:00:00,UBER EATS,1.12,Restaurants,False,False,none
user_5,2024-03-27 00:00:00,ZARA FERRAND-SUR-PEREIRA,58.86,Shopping,False,False,none
user_5,2024-04-01 00:00:00,CB CARREFOUR,65.07,Groceries,False,False,none
user_5,2024-04-01 00:00:00,CB ESSO STATION,1.12,Transport,False,False,none
user_5,2024-04-02 00:00:00,CB UBER,30.07,Transport,False,False,none
user_5,2024-04-02 00:00:00,BLABLACAR 12,56.05,Transport,False,False,none
user_5,2024-04-03 00:00:00,LOYER APPARTEMENT,861.11,Housing,True,False,none
user_5,2024-04-03 00:00:00,FNAC,29.91,Leisure,False,False,none
user_5,2024-04-04 00:00:00,CB LIDL,79.33,Groceries,False,False,none
user_5,2024-04-05 00:00:00,ABONNEMENT SALLE SPORT,34.25,Leisure,True,False,none
user_5,2024-04-06 00:00:00,CB LE BISTROT,31.05,Restaurants,False,False,none
user_5,2024-04-07 00:00:00,AMAZON.FR,1.4,Shopping,False,False,none
user_5,2024-04-08 00:00:00,EDF ELECTRICITE,72.81,Utilities,True,False,none
user_5,2024-04-08 00:00:00,MCDONALDS DELMAS-LA-FORÊT,22.12,Restaurants,False,False,none
user_5,2024-04-08 00:00:00,ESSO STATION 16,6.47,Transport,False,False,none
user_5,2024-04-08 00:00:00,BLABLACAR,54.06,Transport,False,False,none
user_5,2024-04-09 00:00:00,AUCHAN 15,63.38,Groceries,False,False,none
user_5,2024-04-10 00:00:00,AUCHAN,53.46,Groceries,False,False,none
user_5,2024-04-10 00:00:00,KFC 18,35.01,Restaurants,False,False,none
user_5,2024-04-12 00:00:00,ORANGE MOBILE,28.3,Utilities,True,False,none
user_5,2024-04-12 00:00:00,MONOPRIX MARIN-LA-FORÊT,67.62,Groceries,False,False,none
user_5,2024-04-12 00:00:00,INTERMARCHE,68.26,Groceries,False,False,none
user_5,2024-04-13 00:00:00,STARBUCKS,29.19,Restaurants,False,False,none
user_5,2024-04-13 00:00:00,BLABLACAR LÉVÊQUE,18.87,Transport,False,False,none
user_5,2024-04-14 00:00:00,TOTAL ENERGIES 06,33.14,Transport,False,False,none
user_5,2024-04-15 00:00:00,ASSURANCE MAAF,44.91,Insurance,True,False,none
user_5,2024-04-15 00:00:00,CB SNCF INTERNET,60.54,Transport,False,False,none
user_5,2024-04-15 00:00:00,LABORATOIRE BIO,29.72,Health,False,False,none
user_5,2024-04-16 00:00:00,UBER EATS,34.74,Restaurants,False,False,none
user_5,2024-04-20 00:00:00,MCDONALDS 04,15.52,Restaurants,False,False,none
user_5,2024-04-21 00:00:00,MCDONALDS,46.55,Restaurants,False,False,none
user_5,2024-04-24 00:00:00,CASINO SUPERMARCHE SAINTE GEORGES,61.03,Groceries,False,False,none
user_5,2024-04-24 00:00:00,CASINO SUPERMARCHE 02,17.87,Groceries,False,False,none
user_5,2024-04-24 00:00:00,BLABLACAR SAINT JEANNE,45.66,Transport,False,False,none
user_5,2024-04-25 00:00:00,CASINO SUPERMARCHE 11,54.64,Groceries,False,False,none
user_5,2024-04-25 00:00:00,CB DENTISTE,69.65,Health,False,False,none
user_5,2024-04-28 00:00:00,DELIVEROO LUCAS-LA-FORÊT,1.4,Restaurants,False,False,none
user_5,2024-05-01 00:00:00,LIDL SAINTE GABRIELBOEUF,34.54,Groceries,False,False,none
user_5,2024-05-02 00:00:00,NETFLIX.COM,1.12,Leisure,False,False,none
user_5,2024-05-02 00:00:00,APPLE STORE,101.12,Shopping,False,False,none
user_5,2024-05-03 00:00:00,LOYER APPARTEMENT,870.14,Housing,True,False,none
user_5,2024-05-04 00:00:00,CASINO SUPERMARCHE ALLAIN,44.01,Groceries,False,False,none
user_5,2024-05-05 00:00:00,ABONNEMENT SALLE SPORT,33.09,Leisure,True,False,none
user_5,2024-05-05 00:00:00,MONOPRIX 14,45.09,Groceries,False,False,none
user_5,2024-05-06 00:00:00,KFC SALMONBOEUF,6.15,Restaurants,False,False,none
user_5,2024-05-06 00:00:00,SEPHORA,72.3,Shopping,False,False,none
user_5,2024-05-07 00:00:00,AUCHAN BOUCHET,50.38,Groceries,False,False,none
user_5,2024-05-07 00:00:00,MONOPRIX 14,62.96,Groceries,False,False,none
user_5,2024-05-07 00:00:00,LECLERC,26.96,Groceries,False,False,none
user_5,2024-05-07 00:00:00,BOULANGERIE PAUL,41.3,Restaurants,False,False,none
user_5,2024-05-07 00:00:00,CB AMAZON PRIME,69.24,Leisure,False,True,duplicate
user_5,2024-05-07 00:02:00,CB AMAZON PRIME,69.24,Leisure,False,True,duplicate
user_5,2024-05-08 00:00:00,EDF ELECTRICITE,73.89,Utilities,True,False,none
user_5,2024-05-08 00:00:00,ESSO STATION,1.12,Transport,False,False,none
user_5,2024-05-10 00:00:00,UBER EATS SAINTE EUGÈNE-SUR-MER,23.12,Restaurants,False,False,none
user_5,2024-05-10 00:00:00,VELIB,5.96,Transport,False,False,none
user_5,2024-05-11 00:00:00,AMAZON.FR 12,1.4,Shopping,False,False,none
user_5,2024-05-12 00:00:00,ORANGE MOBILE,27.59,Utilities,True,False,none
user_5,2024-05-12 00:00:00,ESSO STATION MARÉCHAL-SUR-JEAN,53.08,Transport,False,False,none
user_5,2024-05-12 00:00:00,CB MUTUELLE,31.94,Health,False,False,none
user_5,2024-05-13 00:00:00,BLABLACAR MARCHAL,43.37,Transport,False,False,none
user_5,2024-05-15 00:00:00,ASSURANCE MAAF,44.76,Insurance,True,False,none
user_5,2024-05-15 00:00:00,ZARA LAPORTE-SUR-OLLIVIER,1.12,Shopping,False,False,none
user_5,2024-05-17 00:00:00,CB LIDL,33.77,Groceries,False,False,none
user_5,2024-05-18 00:00:00,STEAM GAMES,1.4,Leisure,False,False,none
user_5,2024-05-20 00:00:00,KFC 13,12.85,Restaurants,False,False,none
user_5,2024-05-22 00:00:00,CASINO SUPERMARCHE 08,78.64,Groceries,False,False,none
user_5,2024-05-23 00:00:00,AUCHAN GERMAINVILLE,57.78,Groceries,False,False,none
user_5,2024-05-23 00:00:00,RATP NAVIGO SAINT SÉBASTIEN-LA-FORÊT,1.12,Transport,False,False,none
user_5,2024-05-24 00:00:00,KFC PRUVOSTVILLE,19.12,Restaurants,False,False,none
user_5,2024-06-02 00:00:00,AUCHAN MARÉCHAL-LA-FORÊT,20.2,Groceries,False,False,none
user_5,2024-06-02 00:00:00,KFC,49.59,Restaurants,False,False,none
user_5,2024-06-02 00:00:00,UBER EATS 08,1.69,Restaurants,False,True,frequency_burst
user_5,2024-06-02 00:00:00,DELIVEROO HUET-SUR-LEBON,32.45,Restaurants,False,False,none
user_5,2024-06-02 01:00:00,UBER EATS 08,1.69,Restaurants,False,True,frequency_burst
user_5,2024-06-02 01:00:00,UBER EATS 08,1.69,Restaurants,False,True,frequency_burst
user_5,2024-06-02 03:00:00,UBER EATS 08,1.69,Restaurants,False,True,frequency_burst
user_5,2024-06-02 07:00:00,UBER EATS 08,1.69,Restaurants,False,True,frequency_burst
user_5,2024-06-03 00:00:00,LOYER APPARTEMENT,859.41,Housing,True,False,none
user_5,2024-06-04 00:00:00,RATP NAVIGO DELMAS,19.77,Transport,False,False,none
user_5,2024-06-05 00:00:00,ABONNEMENT SALLE SPORT,34.3,Leisure,True,False,none
user_5,2024-06-07 00:00:00,AUCHAN BONNEAUNEC,39.61,Groceries,False,False,none
user_5,2024-06-08 00:00:00,EDF ELECTRICITE,72.15,Utilities,True,False,none
user_5,2024-06-08 00:00:00,INTERMARCHE 15,34.51,Groceries,False,False,none
user_5,2024-06-09 00:00:00,ZARA,76.69,Shopping,False,False,none
user_5,2024-06-11 00:00:00,DELIVEROO 03,31.93,Restaurants,False,False,none
user_5,2024-06-12 00:00:00,ORANGE MOBILE,28.58,Utilities,True,False,none
user_5,2024-06-12 00:00:00,TOTAL ENERGIES BARTHELEMY,30.5,Transport,False,False,none
user_5,2024-06-12 00:00:00,SHEIN 12,1.12,Shopping,False,False,none
user_5,2024-06-13 00:00:00,LECLERC LESAGE,11.92,Groceries,False,False,none
user_5,2024-06-13 00:00:00,MONOPRIX SAINT HORTENSE,34.31,Groceries,False,False,none
user_5,2024-06-13 00:00:00,ZARA,37.16,Shopping,False,False,none
user_5,2024-06-14 00:00:00,INTERMARCHE,64.17,Groceries,False,False,none
user_5,2024-06-14 00:00:00,SUSHI SHOP,33.35,Restaurants,False,False,none
user_5,2024-06-14 00:00:00,CB BLABLACAR,20.47,Transport,False,False,none
user_5,2024-06-14 00:00:00,UBER,34.82,Transport,False,False,none
user_5,2024-06-15 00:00:00,ASSURANCE MAAF,45.15,Insurance,True,False,none
user_5,2024-06-16 00:00:00,MCDONALDS,59.22,Restaurants,False,False,none
user_5,2024-06-19 00:00:00,MONOPRIX 18,26.35,Groceries,False,False,none
user_5,2024-06-20 00:00:00,VELIB 14,8.31,Transport,False,False,none
user_5,2024-06-20 00:00:00,STEAM GAMES LEFEBVREVILLE,20.42,Leisure,False,False,none
user_5,2024-06-22 00:00:00,CARREFOUR,7.75,Groceries,False,False,none
user_5,2024-06-22 00:00:00,AUCHAN,59.93,Groceries,False,False,none
user_5,2024-06-23 00:00:00,MCDONALDS MARCHAL,55.85,Restaurants,False,False,none
user_5,2024-06-24 00:00:00,SUSHI SHOP OLIVIER,33.11,Restaurants,False,False,none
user_5,2024-06-25 00:00:00,BOULANGERIE PAUL GAY,10.68,Restaurants,False,False,none
user_5,2024-06-26 00:00:00,BOULANGERIE PAUL IMBERT,31.71,Restaurants,False,False,none
user_5,2024-06-27 00:00:00,RATP NAVIGO 02,32.22,Transport,False,False,none
user_5,2024-06-27 00:00:00,PHARMACIE,23.53,Health,False,False,none
user_5,2024-06-28 00:00:00,ESSO STATION DUFOUR,56.97,Transport,False,False,none
user_5,2024-06-28 00:00:00,DOCTOLIB LÉGER-SUR-ANDRE,1.12,Health,False,False,none
user_5,2024-07-02 00:00:00,STEAM GAMES,16.43,Leisure,False,False,none
user_5,2024-07-03 00:00:00,LOYER APPARTEMENT,869.06,Housing,True,False,none
user_5,2024-07-05 00:00:00,ABONNEMENT SALLE SPORT,33.36,Leisure,True,False,none
user_5,2024-07-06 00:00:00,UBER,78.76,Transport,False,False,none
user_5,2024-07-08 00:00:00,EDF ELECTRICITE,73.04,Utilities,True,False,none
user_5,2024-07-08 00:00:00,MCDONALDS,43.8,Restaurants,False,False,none
user_5,2024-07-08 00:00:00,PARKING INDIGO BESSONBOURG,18.71,Transport,False,False,none
user_5,2024-07-09 00:00:00,INTERMARCHE 05,73.88,Groceries,False,False,none
user_5,2024-07-09 00:00:00,LIDL,13.83,Groceries,False,False,none
user_5,2024-07-10 00:00:00,UBER,69.8,Transport,False,False,none
user_5,2024-07-10 00:00:00,ESSO STATION FONTAINE-SUR-ROUSSET,64.07,Transport,False,False,none
user_5,2024-07-10 00:00:00,ZALANDO,131.23,Shopping,False,False,none
user_5,2024-07-11 00:00:00,SUSHI SHOP,34.64,Restaurants,False,False,none
user_5,2024-07-12 00:00:00,ORANGE MOBILE,27.87,Utilities,True,False,none
user_5,2024-07-12 00:00:00,LIDL SAINT JOSÉPHINEBOURG,39.76,Groceries,False,False,none
user_5,2024-07-13 00:00:00,LE BISTROT SAINT MARCEL-LA-FORÊT,17.87,Restaurants,False,False,none
user_5,2024-07-13 00:00:00,SEPHORA,30.57,Shopping,False,False,none
user_5,2024-07-15 00:00:00,ASSURANCE MAAF,45.85,Insurance,True,False,none
user_5,2024-07-16 00:00:00,AUCHAN,30.45,Groceries,False,False,none
user_5,2024-07-16 00:00:00,LECLERC,58.73,Groceries,False,False,none
user_5,2024-07-18 00:00:00,ZALANDO,49.76,Shopping,False,False,none
user_5,2024-07-19 00:00:00,BOULANGERIE PAUL,31.17,Restaurants,False,False,none
user_5,2024-07-20 00:00:00,CARREFOUR GUYON-SUR-CHARRIER,1.12,Groceries,False,False,none
user_5,2024-07-20 00:00:00,CASINO SUPERMARCHE,46.91,Groceries,False,False,none
user_5,2024-07-20 00:00:00,DELIVEROO GALLET-SUR-PERRIER,7.35,Restaurants,False,False,none
user_5,2024-07-22 00:00:00,FRANPRIX,9.28,Groceries,False,False,none
user_5,2024-07-23 00:00:00,PARKING INDIGO OLLIVIER-SUR-MER,119.93,Transport,False,False,none
user_5,2024-07-23 00:00:00,BLABLACAR,40.73,Transport,False,False,none
user_5,2024-07-24 00:00:00,VELIB,45.01,Transport,False,False,none
user_5,2024-07-25 00:00:00,KFC 09,52.46,Restaurants,False,False,none
user_5,2024-07-26 00:00:00,CARREFOUR,32.55,Groceries,False,False,none
user_5,2024-07-26 00:00:00,CB MONOPRIX,87.46,Groceries,False,False,none
user_5,2024-07-26 00:00:00,MCDONALDS,48.8,Restaurants,False,False,none
user_5,2024-07-26 00:00:00,RATP NAVIGO 12,1.57,Transport,False,False,none
user_5,2024-08-02 00:00:00,INTERMARCHE,63.71,Groceries,False,False,none
user_5,2024-08-02 00:00:00,TOTAL ENERGIES,1.57,Transport,False,False,none
user_5,2024-08-03 00:00:00,LOYER APPARTEMENT,875.99,Housing,True,False,none
user_5,2024-08-04 00:00:00,FRANPRIX JACOB-LA-FORÊT,61.69,Groceries,False,False,none
user_5,2024-08-04 00:00:00,PARKING INDIGO ROUSSEL-LES-BAINS,40.1,Transport,False,False,none
user_5,2024-08-05 00:00:00,ABONNEMENT SALLE SPORT,33.92,Leisure,True,False,none
user_5,2024-08-05 00:00:00,FRANPRIX,44.7,Groceries,False,False,none
user_5,2024-08-05 00:00:00,BOULANGERIE PAUL CHEVALLIERVILLE,17.32,Restaurants,False,False,none
user_5,2024-08-06 00:00:00,LE BISTROT,50.95,Restaurants,False,False,none
user_5,2024-08-06 00:00:00,CB VELIB,116.86,Transport,False,False,none
user_5,2024-08-07 00:00:00,LIDL,69.02,Groceries,False,False,none
user_5,2024-08-07 00:00:00,BOULANGERIE PAUL NAVARRO,37.26,Restaurants,False,False,none
user_5,2024-08-07 00:00:00,FNAC SAINT HUGUES-SUR-MER,12.91,Leisure,False,False,none
user_5,2024-08-08 00:00:00,EDF ELECTRICITE,74.21,Utilities,True,False,none
user_5,2024-08-08 00:00:00,PARKING INDIGO SAINT LUCY,1.57,Transport,False,False,none
user_5,2024-08-09 00:00:00,CB TOTAL ENERGIES,22.28,Transport,False,False,none
user_5,2024-08-09 00:00:00,MUTUELLE,103.33,Health,False,False,none
user_5,2024-08-12 00:00:00,ORANGE MOBILE,28.02,Utilities,True,False,none
user_5,2024-08-12 00:00:00,VELIB,87.63,Transport,False,False,none
user_5,2024-08-13 00:00:00,DELIVEROO LÉGER,31.1,Restaurants,False,False,none
user_5,2024-08-13 00:00:00,SUSHI SHOP 02,22.91,Restaurants,False,False,none
user_5,2024-08-14 00:00:00,CB CULTURA,16.38,Leisure,False,False,none
user_5,2024-08-15 00:00:00,ASSURANCE MAAF,45.79,Insurance,True,False,none
user_5,2024-08-15 00:00:00,CB CASINO SUPERMARCHE,25.07,Groceries,False,False,none
user_5,2024-08-15 00:00:00,STEAM GAMES BOURGEOIS-LA-FORÊT,31.07,Leisure,False,False,none
user_5,2024-08-18 00:00:00,LE BISTROT SAINTE CHARLOTTENEC,33.09,Restaurants,False,False,none
user_5,2024-08-18 00:00:00,PHARMACIE,16.61,Health,False,False,none
user_5,2024-08-19 00:00:00,STARBUCKS,23.1,Restaurants,False,False,none
user_5,2024-08-19 00:00:00,BOULANGERIE PAUL,39.88,Restaurants,False,False,none
user_5,2024-08-19 00:00:00,SNCF INTERNET,1.57,Transport,False,False,none
user_5,2024-08-19 00:00:00,SEPHORA,51.83,Shopping,False,False,none
user_5,2024-08-20 00:00:00,DOCTOLIB,20.49,Health,False,False,none
user_5,2024-08-21 00:00:00,ZALANDO GUYON-LES-BAINS,36.16,Shopping,False,False,none
user_5,2024-08-24 00:00:00,MONOPRIX,41.8,Groceries,False,False,none
user_5,2024-08-24 00:00:00,UBER EATS,64.52,Restaurants,False,False,none
user_5,2024-08-24 00:00:00,IKEA,32.98,Shopping,False,False,none
user_5,2024-08-26 00:00:00,BOULANGERIE PAUL 09,13.78,Restaurants,False,False,none
user_5,2024-08-26 00:00:00,CINEMA UGC,47.12,Leisure,False,True,frequency_burst
user_5,2024-08-26 03:00:00,CINEMA UGC,47.12,Leisure,False,True,frequency_burst
user_5,2024-08-26 06:00:00,CINEMA UGC,47.12,Leisure,False,True,frequency_burst
user_5,2024-08-26 07:00:00,CINEMA UGC,47.12,Leisure,False,True,frequency_burst
user_5,2024-08-26 08:00:00,CINEMA UGC,47.12,Leisure,False,True,frequency_burst
user_5,2024-08-26 09:00:00,CINEMA UGC,47.12,Leisure,False,True,frequency_burst
user_5,2024-08-27 00:00:00,DELIVEROO,7.29,Restaurants,False,False,none
user_5,2024-08-27 00:00:00,ESSO STATION,8.83,Transport,False,False,none
user_5,2024-08-27 00:00:00,PARKING INDIGO,13.6,Transport,False,False,none
user_5,2024-08-28 00:00:00,TOTAL ENERGIES 20,16.06,Transport,False,False,none
user_5,2024-09-01 00:00:00,LIDL MILLET-SUR-CARRE,41.43,Groceries,False,False,none
user_5,2024-09-01 00:00:00,SUSHI SHOP HERVÉ,30.54,Restaurants,False,False,none
user_5,2024-09-01 00:00:00,SUSHI SHOP,51.28,Restaurants,False,False,none
user_5,2024-09-01 00:00:00,BLABLACAR,34.98,Transport,False,False,none
user_5,2024-09-03 00:00:00,LOYER APPARTEMENT,886.71,Housing,True,False,none
user_5,2024-09-03 00:00:00,LECLERC GAYDAN,64.53,Groceries,False,False,none
user_5,2024-09-04 00:00:00,LECLERC,66.97,Groceries,False,False,none
user_5,2024-09-04 00:00:00,BOULANGERIE PAUL,28.98,Restaurants,False,False,none
user_5,2024-09-04 00:00:00,TOTAL ENERGIES 12,1.12,Transport,False,False,none
user_5,2024-09-05 00:00:00,ABONNEMENT SALLE SPORT,33.72,Leisure,True,False,none
user_5,2024-09-05 00:00:00,AUCHAN SAINT EMMANUEL,47.6,Groceries,False,False,none
user_5,2024-09-06 00:00:00,INTERMARCHE,74.07,Groceries,False,False,none
user_5,2024-09-07 00:00:00,LECLERC GIRARD,1.12,Groceries,False,False,none
user_5,2024-09-07 00:00:00,ZARA,9.86,Shopping,False,False,none
user_5,2024-09-08 00:00:00,EDF ELECTRICITE,74.45,Utilities,True,False,none
user_5,2024-09-09 00:00:00,BLABLACAR,82.29,Transport,False,False,none
user_5,2024-09-10 00:00:00,AUCHAN TESSIER-LES-BAINS,80.02,Groceries,False,False,none
user_5,2024-09-10 00:00:00,FRANPRIX,11.96,Groceries,False,False,none
user_5,2024-09-10 00:00:00,STARBUCKS,39.28,Restaurants,False,False,none
user_5,2024-09-11 00:00:00,SUSHI SHOP 15,42.89,Restaurants,False,False,none
user_5,2024-09-12 00:00:00,ORANGE MOBILE,28.25,Utilities,True,False,none
user_5,2024-09-12 00:00:00,DELIVEROO LUCASBOEUF,17.44,Restaurants,False,False,none
user_5,2024-09-12 00:00:00,UBER,22.17,Transport,False,False,none
user_5,2024-09-13 00:00:00,STARBUCKS HUMBERT,41.1,Restaurants,False,False,none
user_5,2024-09-15 00:00:00,ASSURANCE MAAF,44.64,Insurance,True,False,none
user_5,2024-09-15 00:00:00,LIDL 13,73.72,Groceries,False,False,none
user_5,2024-09-15 00:00:00,UBER 07,65.34,Transport,False,False,none
user_5,2024-09-16 00:00:00,DECATHLON,51.66,Leisure,False,False,none
user_5,2024-09-17 00:00:00,SNCF INTERNET SAINT BERNARDBOEUF,19.7,Transport,False,False,none
user_5,2024-09-17 00:00:00,APPLE STORE BODIN,130.07,Shopping,False,False,none
user_5,2024-09-18 00:00:00,MCDONALDS,36.0,Restaurants,False,False,none
user_5,2024-09-18 00:00:00,BOULANGERIE PAUL,29.36,Restaurants,False,False,none
user_5,2024-09-18 00:00:00,PARKING INDIGO,28.51,Transport,False,False,none
user_5,2024-09-19 00:00:00,CARREFOUR PICARD,25.54,Groceries,False,False,none
user_5,2024-09-19 00:00:00,LECLERC,33.36,Groceries,False,False,none
user_5,2024-09-20 00:00:00,UBER EATS 08,21.5,Restaurants,False,False,none
user_5,2024-09-20 00:00:00,DELIVEROO,23.17,Restaurants,False,False,none
user_5,2024-09-22 00:00:00,LE BISTROT 14,26.17,Restaurants,False,False,none
user_5,2024-09-22 00:00:00,SUSHI SHOP,39.94,Restaurants,False,False,none
user_5,2024-09-23 00:00:00,UBER EATS HUET,35.7,Restaurants,False,False,none
user_5,2024-09-24 00:00:00,VELIB,28.85,Transport,False,False,none
user_5,2024-09-24 00:00:00,AMAZON PRIME,58.49,Leisure,False,True,frequency_burst
user_5,2024-09-24 01:00:00,AMAZON PRIME,58.49,Leisure,False,True,frequency_burst
user_5,2024-09-24 01:00:00,AMAZON PRIME,58.49,Leisure,False,True,frequency_burst
user_5,2024-09-24 02:00:00,AMAZON PRIME,58.49,Leisure,False,True,frequency_burst
user_5,2024-09-24 03:00:00,AMAZON PRIME,58.49,Leisure,False,True,frequency_burst
user_5,2024-09-24 07:00:00,AMAZON PRIME,58.49,Leisure,False,True,frequency_burst
user_5,2024-09-24 08:00:00,AMAZON PRIME,58.49,Leisure,False,True,frequency_burst
user_5,2024-09-25 00:00:00,MONOPRIX,38.54,Groceries,False,False,none
user_5,2024-09-25 00:00:00,CARREFOUR,25.63,Groceries,False,False,none
user_5,2024-09-25 00:00:00,LE BISTROT LEROY,65.69,Restaurants,False,False,none
user_5,2024-09-26 00:00:00,DENTISTE,41.69,Health,False,False,none
user_5,2024-09-27 00:00:00,INTERMARCHE 14,64.0,Groceries,False,False,none
user_5,2024-09-28 00:00:00,AMAZON PRIME,61.73,Leisure,False,False,none
user_5,2024-09-28 00:00:00,CB DENTISTE,1.12,Health,False,False,none
user_5,2024-10-01 00:00:00,DELIVEROO RAYMOND,10.18,Restaurants,False,False,none
user_5,2024-10-02 00:00:00,LIDL LACOMBE,41.52,Groceries,False,False,none
user_5,2024-10-02 00:00:00,VELIB 07,36.9,Transport,False,False,none
user_5,2024-10-03 00:00:00,LOYER APPARTEMENT,873.97,Housing,True,False,none
user_5,2024-10-04 00:00:00,UBER VIDAL,55.42,Transport,False,False,none
user_5,2024-10-04 00:00:00,AMAZON PRIME GONCALVES,10.63,Leisure,False,False,none
user_5,2024-10-05 00:00:00,ABONNEMENT SALLE SPORT,34.24,Leisure,True,False,none
user_5,2024-10-06 00:00:00,AUCHAN LECONTEBOEUF,89.34,Groceries,False,False,none
user_5,2024-10-06 00:00:00,MONOPRIX,27.17,Groceries,False,False,none
user_5,2024-10-07 00:00:00,CB SHEIN,92.25,Shopping,False,False,none
user_5,2024-10-08 00:00:00,EDF ELECTRICITE,73.31,Utilities,True,False,none
user_5,2024-10-08 00:00:00,LECLERC SAINTE BENJAMIN-LES-BAINS,48.08,Groceries,False,False,none
user_5,2024-10-11 00:00:00,INTERMARCHE,73.73,Groceries,False,False,none
user_5,2024-10-12 00:00:00,ORANGE MOBILE,27.7,Utilities,True,False,none
user_5,2024-10-15 00:00:00,ASSURANCE MAAF,44.66,Insurance,True,False,none
user_5,2024-10-15 00:00:00,LECLERC,30.56,Groceries,False,False,none
user_5,2024-10-16 00:00:00,UBER EATS,16.02,Restaurants,False,False,none
user_5,2024-10-18 00:00:00,BLABLACAR,20.93,Transport,False,False,none
user_5,2024-10-19 00:00:00,LE BISTROT,1.4,Restaurants,False,False,none
user_5,2024-10-19 00:00:00,MCDONALDS 06,46.93,Restaurants,False,False,none
user_5,2024-10-19 00:00:00,STARBUCKS SALMON-LES-BAINS,19.91,Restaurants,False,False,none
user_5,2024-10-21 00:00:00,CB DELIVEROO,40.61,Restaurants,False,False,none
user_5,2024-10-21 00:00:00,CB UBER,37.7,Transport,False,False,none
user_5,2024-10-22 00:00:00,INTERMARCHE DUPONT-LES-BAINS,53.61,Groceries,False,False,none
user_5,2024-10-22 00:00:00,DENTISTE 16,82.75,Health,False,False,none
user_5,2024-10-22 00:00:00,APPLE STORE LACOMBE,54.06,Shopping,False,False,none
user_5,2024-10-24 00:00:00,CB LIDL,56.08,Groceries,False,False,none
user_5,2024-10-26 00:00:00,CASINO SUPERMARCHE 09,45.74,Groceries,False,False,none
user_5,2024-10-26 00:00:00,ESSO STATION,48.4,Transport,False,False,none
user_5,2024-10-27 00:00:00,AMAZON PRIME,29.24,Leisure,False,False,none
user_5,2024-10-28 00:00:00,LIDL TEIXEIRABOEUF,76.48,Groceries,False,False,none
user_5,2024-11-01 00:00:00,SEPHORA JACQUET-LES-BAINS,247.8,Shopping,False,False,none
user_5,2024-11-01 00:00:00,IKEA 19,111.78,Shopping,False,False,none
user_5,2024-11-02 00:00:00,SHEIN BLANCVILLE,224.16,Shopping,False,False,none
user_5,2024-11-03 00:00:00,LOYER APPARTEMENT,880.41,Housing,True,False,none
user_5,2024-11-03 00:00:00,CARREFOUR,22.58,Groceries,False,False,none
user_5,2024-11-03 00:00:00,OPTIC 2000,26.77,Health,False,False,none
user_5,2024-11-03 00:00:00,SEPHORA LESAGE-LA-FORÊT,26.61,Shopping,False,False,none
user_5,2024-11-04 00:00:00,AUCHAN 04,60.14,Groceries,False,False,none
user_5,2024-11-04 00:00:00,LECLERC,23.79,Groceries,False,False,none
user_5,2024-11-04 00:00:00,AMAZON PRIME SAINTE TRISTAN,58.77,Leisure,False,False,none
user_5,2024-11-05 00:00:00,ABONNEMENT SALLE SPORT,33.89,Leisure,True,False,none
user_5,2024-11-06 00:00:00,STARBUCKS,44.46,Restaurants,False,False,none
user_5,2024-11-06 00:00:00,SHEIN,179.38,Shopping,False,False,none
user_5,2024-11-07 00:00:00,INTERMARCHE,17.62,Groceries,False,False,none
user_5,2024-11-07 00:00:00,LECLERC LABBÉBOURG,54.95,Groceries,False,False,none
user_5,2024-11-07 00:00:00,STEAM GAMES,20.3,Leisure,False,False,none
user_5,2024-11-08 00:00:00,EDF ELECTRICITE,110.57,Utilities,True,False,none
user_5,2024-11-08 00:00:00,BLABLACAR,87.89,Transport,False,False,none
user_5,2024-11-09 00:00:00,CB CULTURA,1.4,Leisure,False,False,none
user_5,2024-11-10 00:00:00,LIDL,80.69,Groceries,False,False,none
user_5,2024-11-10 00:00:00,DELIVEROO SAINTE VÉRONIQUEDAN,34.11,Restaurants,False,False,none
user_5,2024-11-10 00:00:00,BLABLACAR,42.21,Transport,False,False,none
user_5,2024-11-10 00:00:00,AMAZON.FR,69.31,Shopping,False,False,none
user_5,2024-11-11 00:00:00,STEAM GAMES,48.9,Leisure,False,False,none
user_5,2024-11-12 00:00:00,ORANGE MOBILE,42.82,Utilities,True,False,none
user_5,2024-11-13 00:00:00,MCDONALDS 09,46.48,Restaurants,False,False,none
user_5,2024-11-14 00:00:00,LECLERC,44.89,Groceries,False,False,none
user_5,2024-11-15 00:00:00,ASSURANCE MAAF,44.55,Insurance,True,False,none
user_5,2024-11-15 00:00:00,CB MONOPRIX,74.99,Groceries,False,False,none
user_5,2024-11-15 00:00:00,CB IKEA,56.56,Shopping,False,False,none
user_5,2024-11-20 00:00:00,MONOPRIX SAINT ROLAND-LES-BAINS,61.95,Groceries,False,False,none
user_5,2024-11-20 00:00:00,LE BISTROT SAINTE VICTOR,1.12,Restaurants,False,False,none
user_5,2024-11-20 00:00:00,H&M,108.33,Shopping,False,False,none
user_5,2024-11-21 00:00:00,LECLERC,61.29,Groceries,False,False,none
user_5,2024-11-21 00:00:00,BOULANGERIE PAUL SAINTE ALIXBOURG,46.87,Restaurants,False,False,none
user_5,2024-11-22 00:00:00,CASINO SUPERMARCHE,85.35,Groceries,False,False,none
user_5,2024-11-22 00:00:00,AUCHAN SAINT ARNAUDE,72.3,Groceries,False,False,none
user_5,2024-11-22 00:00:00,FNAC,19.86,Leisure,False,False,none
user_5,2024-11-22 00:00:00,SEPHORA,136.02,Shopping,False,False,none
user_5,2024-11-23 00:00:00,VELIB,72.97,Transport,False,False,none
user_5,2024-11-23 00:00:00,IKEA,116.88,Shopping,False,False,none
user_5,2024-11-24 00:00:00,IKEA 13,158.35,Shopping,False,False,none
user_5,2024-11-26 00:00:00,LIDL,37.53,Groceries,False,False,none
user_5,2024-11-26 00:00:00,CB UBER EATS,14.88,Restaurants,False,False,none
user_5,2024-11-26 00:00:00,PHARMACIE COLIN,26.5,Health,False,False,none
user_5,2024-11-26 00:00:00,SEPHORA 04,44.3,Shopping,False,False,none
user_5,2024-12-01 00:00:00,SPOTIFY,39.01,Leisure,False,False,none
user_5,2024-12-02 00:00:00,CB LECLERC,23.66,Groceries,False,False,none
user_5,2024-12-02 00:00:00,UBER 06,1.12,Transport,False,False,none
user_5,2024-12-03 00:00:00,LOYER APPARTEMENT,880.46,Housing,True,False,none
user_5,2024-12-03 00:00:00,UBER BOULAYDAN,18.11,Transport,False,False,none
user_5,2024-12-04 00:00:00,LECLERC,46.48,Groceries,False,False,none
user_5,2024-12-04 00:00:00,CB KFC,24.19,Restaurants,False,True,frequency_burst
user_5,2024-12-04 00:00:00,DECATHLON MOREAUVILLE,8.86,Leisure,False,False,none
user_5,2024-12-04 03:00:00,CB KFC,24.19,Restaurants,False,True,frequency_burst
user_5,2024-12-04 03:00:00,CB KFC,24.19,Restaurants,False,True,frequency_burst
user_5,2024-12-04 07:00:00,CB KFC,24.19,Restaurants,False,True,frequency_burst
user_5,2024-12-04 08:00:00,CB KFC,24.19,Restaurants,False,True,frequency_burst
user_5,2024-12-04 09:00:00,CB KFC,24.19,Restaurants,False,True,frequency_burst
user_5,2024-12-05 00:00:00,ABONNEMENT SALLE SPORT,33.76,Leisure,True,False,none
user_5,2024-12-05 00:00:00,CASINO SUPERMARCHE NGUYENBOURG,65.49,Groceries,False,False,none
user_5,2024-12-06 00:00:00,AMAZON PRIME,44.34,Leisure,False,False,none
user_5,2024-12-08 00:00:00,EDF ELECTRICITE,108.62,Utilities,True,False,none
user_5,2024-12-08 00:00:00,CB KFC,26.86,Restaurants,False,False,none
user_5,2024-12-08 00:00:00,ESSO STATION LECOMTE,1.12,Transport,False,False,none
user_5,2024-12-09 00:00:00,DELIVEROO,1.12,Restaurants,False,False,none
user_5,2024-12-11 00:00:00,TOTAL ENERGIES,7.63,Transport,False,False,none
user_5,2024-12-12 00:00:00,ORANGE MOBILE,42.07,Utilities,True,False,none
user_5,2024-12-12 00:00:00,CASINO SUPERMARCHE,102.73,Groceries,False,False,none
user_5,2024-12-12 00:00:00,KFC,17.08,Restaurants,False,False,none
user_5,2024-12-12 00:00:00,DELIVEROO 15,39.39,Restaurants,False,False,none
user_5,2024-12-12 00:00:00,BOULANGERIE PAUL DURANDBOURG,1.12,Restaurants,False,False,none
user_5,2024-12-13 00:00:00,CASINO SUPERMARCHE,46.79,Groceries,False,False,none
user_5,2024-12-13 00:00:00,LE BISTROT MARY,32.6,Restaurants,False,False,none
user_5,2024-12-14 00:00:00,SNCF INTERNET,17.89,Transport,False,False,none
user_5,2024-12-15 00:00:00,ASSURANCE MAAF,44.45,Insurance,True,False,none
user_5,2024-12-15 00:00:00,LIDL,17.66,Groceries,False,False,none
user_5,2024-12-15 00:00:00,MUTUELLE 20,8.17,Health,False,False,none
user_5,2024-12-16 00:00:00,UBER POIRIER-SUR-MAILLET,23.63,Transport,False,False,none
user_5,2024-12-16 00:00:00,ZARA,40.66,Shopping,False,True,duplicate
user_5,2024-12-16 00:02:00,ZARA,40.66,Shopping,False,True,duplicate
user_5,2024-12-17 00:00:00,CARREFOUR,51.39,Groceries,False,False,none
user_5,2024-12-18 00:00:00,CULTURA 01,57.61,Leisure,False,False,none
user_5,2024-12-19 00:00:00,STARBUCKS 19,30.21,Restaurants,False,False,none
user_5,2024-12-19 00:00:00,OPTIC 2000,1.12,Health,False,False,none
user_5,2024-12-20 00:00:00,SPOTIFY,57.66,Leisure,False,False,none
user_5,2024-12-21 00:00:00,LIDL 14,25.32,Groceries,False,False,none
user_5,2024-12-22 00:00:00,FRANPRIX,28.59,Groceries,False,False,none
user_5,2024-12-23 00:00:00,BOULANGERIE PAUL BARBE,39.2,Restaurants,False,False,none
user_5,2024-12-24 00:00:00,STARBUCKS,3.8,Restaurants,False,False,none
user_5,2024-12-24 00:00:00,SUSHI SHOP,3.72,Restaurants,False,False,none
user_5,2024-12-25 00:00:00,MONOPRIX TESSIER-LES-BAINS,54.84,Groceries,False,False,none
user_5,2024-12-25 00:00:00,NETFLIX.COM JACQUESNEC,37.4,Leisure,False,False,none
user_5,2024-12-26 00:00:00,LIDL LEBLANCDAN,3.41,Groceries,False,False,none
user_5,2024-12-26 00:00:00,BLABLACAR FISCHER-LA-FORÊT,65.4,Transport,False,False,none
user_5,2024-12-26 00:00:00,SHEIN,219.16,Shopping,False,False,none
user_5,2024-12-26 00:00:00,IKEA,1.8,Shopping,False,False,none
user_5,2024-12-27 00:00:00,BOULANGERIE PAUL SAINT DENISEBOURG,35.56,Restaurants,False,False,none
user_5,2024-12-27 00:00:00,DENTISTE,22.21,Health,False,False,none
user_5,2024-12-28 00:00:00,LE BISTROT 05,33.18,Restaurants,False,False,none
user_5,2025-01-01 00:00:00,LIDL ROUSSET,8.54,Groceries,False,False,none
user_5,2025-01-01 00:00:00,CINEMA UGC 12,49.63,Leisure,False,False,none
user_5,2025-01-03 00:00:00,LOYER APPARTEMENT,865.2,Housing,True,False,none
user_5,2025-01-03 00:00:00,INTERMARCHE AUBERTBOURG,77.31,Groceries,False,False,none
user_5,2025-01-05 00:00:00,ABONNEMENT SALLE SPORT,33.53,Leisure,True,False,none
user_5,2025-01-07 00:00:00,MCDONALDS MICHAUD-SUR-ROUX,18.73,Restaurants,False,False,none
user_5,2025-01-07 00:00:00,ZARA NAVARRO,1.12,Shopping,False,False,none
user_5,2025-01-08 00:00:00,EDF ELECTRICITE,110.9,Utilities,True,False,none
user_5,2025-01-09 00:00:00,FRANPRIX GARCIA,65.22,Groceries,False,False,none
user_5,2025-01-09 00:00:00,MONOPRIX,69.43,Groceries,False,False,none
user_5,2025-01-09 00:00:00,DELIVEROO,35.88,Restaurants,False,False,none
user_5,2025-01-09 00:00:00,AMAZON PRIME PAGES,1.12,Leisure,False,False,none
user_5,2025-01-10 00:00:00,UBER EATS,24.87,Restaurants,False,False,none
user_5,2025-01-10 00:00:00,BLABLACAR,49.68,Transport,False,False,none
user_5,2025-01-10 00:00:00,ESSO STATION,68.02,Transport,False,False,none
user_5,2025-01-12 00:00:00,ORANGE MOBILE,42.06,Utilities,True,False,none
user_5,2025-01-14 00:00:00,MONOPRIX 04,1.12,Groceries,False,False,none
user_5,2025-01-15 00:00:00,ASSURANCE MAAF,44.83,Insurance,True,False,none
user_5,2025-01-15 00:00:00,CB MCDONALDS,14.06,Restaurants,False,False,none
user_5,2025-01-15 00:00:00,UBER EATS ALEXANDREDAN,21.52,Restaurants,False,False,none
user_5,2025-01-15 00:00:00,SPOTIFY REYNAUDBOURG,65.65,Leisure,False,False,none
user_5,2025-01-19 00:00:00,CARREFOUR,66.24,Groceries,False,False,none
user_5,2025-01-19 00:00:00,UBER EATS SAINTE ARNAUDEDAN,33.67,Restaurants,False,False,none
user_5,2025-01-21 00:00:00,UBER EATS 15,16.26,Restaurants,False,False,none
user_5,2025-01-22 00:00:00,CB UBER EATS,12.13,Restaurants,False,False,none
user_5,2025-01-22 00:00:00,AMAZON PRIME 14,1.12,Leisure,False,False,none
user_5,2025-01-23 00:00:00,CB UBER EATS,15.31,Restaurants,False,False,none
user_5,2025-01-24 00:00:00,CARREFOUR CARONDAN,25.62,Groceries,False,False,none
user_5,2025-01-24 00:00:00,CB KFC,24.92,Restaurants,False,False,none
user_5,2025-01-24 00:00:00,BLABLACAR SAINT AUDREY,60.84,Transport,False,False,none
user_5,2025-01-24 00:00:00,CB ESSO STATION,41.44,Transport,False,False,none
user_5,2025-01-24 00:00:00,CB SNCF INTERNET,6.0,Transport,False,False,none
user_5,2025-01-25 00:00:00,PARKING INDIGO,1.12,Transport,False,False,none
user_5,2025-01-27 00:00:00,MONOPRIX SAINT ANDRÉ,58.48,Groceries,False,False,none
user_5,2025-01-28 00:00:00,FRANPRIX DELAHAYE,53.7,Groceries,False,False,none
user_5,2025-01-28 00:00:00,LECLERC,21.06,Groceries,False,False,none
user_5,2025-02-02 00:00:00,UBER,52.63,Transport,False,False,none
user_5,2025-02-03 00:00:00,LOYER APPARTEMENT,863.35,Housing,True,False,none
user_5,2025-02-03 00:00:00,MONOPRIX,27.92,Groceries,False,False,none
user_5,2025-02-03 00:00:00,BOULANGERIE PAUL 08,52.42,Restaurants,False,False,none
user_5,2025-02-04 00:00:00,BOULANGERIE PAUL,22.6,Restaurants,False,False,none
user_5,2025-02-05 00:00:00,ABONNEMENT SALLE SPORT,33.26,Leisure,True,False,none
user_5,2025-02-05 00:00:00,CARREFOUR,69.73,Groceries,False,False,none
user_5,2025-02-05 00:00:00,LE BISTROT MARIN-SUR-ROUSSEL,53.65,Restaurants,False,False,none
user_5,2025-02-05 00:00:00,MUTUELLE 11,10.42,Health,False,False,none
user_5,2025-02-06 00:00:00,FRANPRIX,94.25,Groceries,False,False,none
user_5,2025-02-07 00:00:00,NETFLIX.COM SAINT GEORGES-SUR-MER,10.64,Leisure,False,False,none
user_5,2025-02-08 00:00:00,EDF ELECTRICITE,110.32,Utilities,True,False,none
user_5,2025-02-08 00:00:00,INTERMARCHE,45.27,Groceries,False,False,none
user_5,2025-02-09 00:00:00,LIDL 10,86.43,Groceries,False,False,none
user_5,2025-02-10 00:00:00,STARBUCKS SAINTE GILLES-LES-BAINS,9.56,Restaurants,False,False,none
user_5,2025-02-11 00:00:00,CASINO SUPERMARCHE,51.7,Groceries,False,False,none
user_5,2025-02-12 00:00:00,ORANGE MOBILE,41.61,Utilities,True,False,none
user_5,2025-02-14 00:00:00,INTERMARCHE 14,52.14,Groceries,False,False,none
user_5,2025-02-15 00:00:00,ASSURANCE MAAF,44.27,Insurance,True,False,none
user_5,2025-02-15 00:00:00,MONOPRIX,46.41,Groceries,False,False,none
user_5,2025-02-20 00:00:00,PARKING INDIGO 06,15.96,Transport,False,False,none
user_5,2025-02-21 00:00:00,MONOPRIX AUGER-SUR-DESCAMPS,76.04,Groceries,False,False,none
user_5,2025-02-21 00:00:00,STARBUCKS,25.17,Restaurants,False,False,none
user_5,2025-02-22 00:00:00,LECLERC COSTE,52.24,Groceries,False,False,none
user_5,2025-02-22 00:00:00,AMAZON.FR,79.18,Shopping,False,False,none
user_5,2025-02-24 00:00:00,CARREFOUR,87.14,Groceries,False,False,none
user_5,2025-02-24 00:00:00,LE BISTROT,24.69,Restaurants,False,False,none
user_5,2025-02-25 00:00:00,UBER SAINT AGATHE,90.93,Transport,False,True,duplicate
user_5,2025-02-25 00:00:00,STEAM GAMES DAVIDBOURG,20.01,Leisure,False,False,none
user_5,2025-02-25 00:02:00,UBER SAINT AGATHE,90.93,Transport,False,True,duplicate
user_5,2025-02-26 00:00:00,SUSHI SHOP,9.29,Restaurants,False,False,none
user_5,2025-03-01 00:00:00,CARREFOUR SAINT AGNÈS-LES-BAINS,67.74,Groceries,False,False,none
user_5,2025-03-02 00:00:00,INTERMARCHE,37.94,Groceries,False,False,none
user_5,2025-03-03 00:00:00,LOYER APPARTEMENT,873.43,Housing,True,False,none
user_5,2025-03-04 00:00:00,LIDL,83.81,Groceries,False,False,none
user_5,2025-03-05 00:00:00,ABONNEMENT SALLE SPORT,33.72,Leisure,True,False,none
user_5,2025-03-05 00:00:00,MCDONALDS LEBLANC-LA-FORÊT,13.27,Restaurants,False,False,none
user_5,2025-03-06 00:00:00,LIDL,56.69,Groceries,False,False,none
user_5,2025-03-06 00:00:00,DECATHLON DE OLIVEIRA-SUR-MER,28.47,Leisure,False,False,none
user_5,2025-03-08 00:00:00,EDF ELECTRICITE,72.49,Utilities,True,False,none
user_5,2025-03-08 00:00:00,MONOPRIX,63.65,Groceries,False,False,none
user_5,2025-03-08 00:00:00,INTERMARCHE 04,47.24,Groceries,False,False,none
user_5,2025-03-08 00:00:00,UBER EATS NAVARRO,45.6,Restaurants,False,False,none
user_5,2025-03-08 00:00:00,UBER EATS,6.72,Restaurants,False,False,none
user_5,2025-03-08 00:00:00,CULTURA,12.83,Leisure,False,False,none
user_5,2025-03-09 00:00:00,FRANPRIX,50.63,Groceries,False,False,none
user_5,2025-03-09 00:00:00,CB KFC,21.91,Restaurants,False,False,none
user_5,2025-03-10 00:00:00,OPTIC 2000,9.0,Health,False,False,none
user_5,2025-03-12 00:00:00,ORANGE MOBILE,27.64,Utilities,True,False,none
user_5,2025-03-13 00:00:00,CASINO SUPERMARCHE,57.59,Groceries,False,False,none
user_5,2025-03-13 00:00:00,LIDL,75.85,Groceries,False,False,none
user_5,2025-03-13 00:00:00,MONOPRIX,49.17,Groceries,False,False,none
user_5,2025-03-13 00:00:00,H&M,23.27,Shopping,False,False,none
user_5,2025-03-14 00:00:00,PARKING INDIGO,66.26,Transport,False,False,none
user_5,2025-03-14 00:00:00,LABORATOIRE BIO,28.97,Health,False,False,none
user_5,2025-03-15 00:00:00,ASSURANCE MAAF,45.15,Insurance,True,False,none
user_5,2025-03-15 00:00:00,LECLERC,82.78,Groceries,False,False,none
user_5,2025-03-15 00:00:00,LE BISTROT DANIEL,34.51,Restaurants,False,False,none
user_5,2025-03-16 00:00:00,MCDONALDS 04,1.4,Restaurants,False,False,none
user_5,2025-03-16 00:00:00,DECATHLON PASQUIERNEC,78.31,Leisure,False,False,none
user_5,2025-03-19 00:00:00,CB INTERMARCHE,109.36,Groceries,False,False,none
user_5,2025-03-20 00:00:00,CASINO SUPERMARCHE,22.67,Groceries,False,False,none
user_5,2025-03-20 00:00:00,ZALANDO 01,49.55,Shopping,False,False,none
user_5,2025-03-21 00:00:00,RATP NAVIGO AUGER,40.19,Transport,False,False,none
user_5,2025-03-21 00:00:00,CINEMA UGC,30.68,Leisure,False,False,none
user_5,2025-03-23 00:00:00,LECLERC SAINTE SUSANNE,55.93,Groceries,False,False,none
user_5,2025-03-23 00:00:00,LIDL,60.24,Groceries,False,False,none
user_5,2025-03-23 00:00:00,SNCF INTERNET 08,76.22,Transport,False,False,none
user_5,2025-03-23 00:00:00,CB NETFLIX.COM,47.28,Leisure,False,False,none
user_5,2025-03-24 00:00:00,SUSHI SHOP,47.25,Restaurants,False,False,none
user_5,2025-03-27 00:00:00,LIDL DUPONTBOURG,90.47,Groceries,False,False,none
user_5,2025-03-28 00:00:00,CASINO SUPERMARCHE,55.46,Groceries,False,False,none
user_5,2025-03-28 00:00:00,LE BISTROT,49.0,Restaurants,False,False,none
user_5,2025-03-28 00:00:00,UBER EATS,41.83,Restaurants,False,False,none
user_5,2025-04-01 00:00:00,NETFLIX.COM,55.57,Leisure,False,False,none
user_5,2025-04-02 00:00:00,LIDL,30.15,Groceries,False,False,none
user_5,2025-04-02 00:00:00,LECLERC,39.15,Groceries,False,False,none
user_5,2025-04-02 00:00:00,DELIVEROO,19.75,Restaurants,False,False,none
user_5,2025-04-02 00:00:00,PARKING INDIGO,32.35,Transport,False,False,none
user_5,2025-04-03 00:00:00,LOYER APPARTEMENT,875.07,Housing,True,False,none
user_5,2025-04-03 00:00:00,CASINO SUPERMARCHE,14.52,Groceries,False,False,none
user_5,2025-04-05 00:00:00,ABONNEMENT SALLE SPORT,33.96,Leisure,True,False,none
user_5,2025-04-08 00:00:00,EDF ELECTRICITE,73.65,Utilities,True,False,none
user_5,2025-04-09 00:00:00,INTERMARCHE 13,18.98,Groceries,False,False,none
user_5,2025-04-09 00:00:00,DECATHLON,39.05,Leisure,False,False,none
user_5,2025-04-11 00:00:00,CASINO SUPERMARCHE COLLETNEC,100.28,Groceries,False,False,none
user_5,2025-04-11 00:00:00,FRANPRIX,16.12,Groceries,False,False,none
user_5,2025-04-11 00:00:00,NETFLIX.COM,47.22,Leisure,False,False,none
user_5,2025-04-12 00:00:00,ORANGE MOBILE,28.02,Utilities,True,False,none
user_5,2025-04-12 00:00:00,FRANPRIX 06,19.58,Groceries,False,False,none
user_5,2025-04-12 00:00:00,ZALANDO BODINBOURG,24.11,Shopping,False,False,none
user_5,2025-04-13 00:00:00,SUSHI SHOP,15.72,Restaurants,False,False,none
user_5,2025-04-14 00:00:00,MCDONALDS,20.41,Restaurants,False,False,none
user_5,2025-04-15 00:00:00,ASSURANCE MAAF,45.63,Insurance,True,False,none
user_5,2025-04-18 00:00:00,INTERMARCHE,23.53,Groceries,False,False,none
user_5,2025-04-18 00:00:00,KFC 12,1.12,Restaurants,False,False,none
user_5,2025-04-20 00:00:00,CASINO SUPERMARCHE,51.84,Groceries,False,False,none
user_5,2025-04-20 00:00:00,FNAC DANIELNEC,62.83,Leisure,False,False,none
user_5,2025-04-21 00:00:00,MCDONALDS COHEN-SUR-MER,29.92,Restaurants,False,False,none
user_5,2025-04-22 00:00:00,CB LIDL,60.23,Groceries,False,False,none
user_5,2025-04-22 00:00:00,FNAC 07,2.94,Leisure,False,False,none
user_5,2025-04-22 00:00:00,OPTIC 2000,80.62,Health,False,False,none
user_5,2025-04-22 00:00:00,ZARA,85.38,Shopping,False,False,none
user_5,2025-04-24 00:00:00,DELIVEROO,33.41,Restaurants,False,False,none
user_5,2025-04-24 00:00:00,RATP NAVIGO,21.33,Transport,False,False,none
user_5,2025-04-25 00:00:00,BOULANGERIE PAUL,47.09,Restaurants,False,False,none
user_5,2025-04-26 00:00:00,CARREFOUR,30.01,Groceries,False,False,none
user_5,2025-04-27 00:00:00,INTERMARCHE GOMES,38.64,Groceries,False,False,none
user_5,2025-04-27 00:00:00,CARREFOUR 18,47.69,Groceries,False,False,none
user_5,2025-04-27 00:00:00,LIDL PETIT,20.28,Groceries,False,False,none
user_5,2025-04-27 00:00:00,DENTISTE LANGLOISBOEUF,14.81,Health,False,False,none
user_5,2025-04-28 00:00:00,DECATHLON JACQUET-SUR-MER,24.01,Leisure,False,False,none
user_5,2025-04-28 00:00:00,MUTUELLE SAINTE OLIVIER,1.12,Health,False,False,none
user_5,2025-05-01 00:00:00,AMAZON PRIME 09,43.86,Leisure,False,False,none
user_5,2025-05-03 00:00:00,LOYER APPARTEMENT,859.7,Housing,True,False,none
user_5,2025-05-03 00:00:00,AUCHAN,59.48,Groceries,False,False,none
user_5,2025-05-04 00:00:00,TOTAL ENERGIES DUMONTDAN,40.06,Transport,False,False,none
user_5,2025-05-05 00:00:00,ABONNEMENT SALLE SPORT,33.74,Leisure,True,False,none
user_5,2025-05-07 00:00:00,MONOPRIX,19.66,Groceries,False,False,none
user_5,2025-05-08 00:00:00,EDF ELECTRICITE,74.48,Utilities,True,False,none
user_5,2025-05-08 00:00:00,UBER EATS 10,37.09,Restaurants,False,False,none
user_5,2025-05-08 00:00:00,BLABLACAR 04,1.12,Transport,False,False,none
user_5,2025-05-08 00:00:00,CB CINEMA UGC,35.83,Leisure,False,False,none
user_5,2025-05-09 00:00:00,VELIB BOUCHETBOURG,16.27,Transport,False,False,none
user_5,2025-05-09 00:00:00,MUTUELLE,63.01,Health,False,False,none
user_5,2025-05-10 00:00:00,CB LE BISTROT,59.3,Restaurants,False,False,none
user_5,2025-05-10 00:00:00,SHEIN 06,123.06,Shopping,False,False,none
user_5,2025-05-12 00:00:00,ORANGE MOBILE,28.14,Utilities,True,False,none
user_5,2025-05-12 00:00:00,CB LIDL,75.98,Groceries,False,False,none
user_5,2025-05-12 00:00:00,RATP NAVIGO SAINTE MARGARETNEC,11.45,Transport,False,False,none
user_5,2025-05-14 00:00:00,CARREFOUR MONNIERBOURG,43.95,Groceries,False,False,none
user_5,2025-05-14 00:00:00,CASINO SUPERMARCHE,76.48,Groceries,False,False,none
user_5,2025-05-15 00:00:00,ASSURANCE MAAF,44.77,Insurance,True,False,none
user_5,2025-05-15 00:00:00,CB CASINO SUPERMARCHE,78.08,Groceries,False,False,none
user_5,2025-05-18 00:00:00,DELIVEROO DIJOUX-SUR-MER,46.52,Restaurants,False,False,none
user_5,2025-05-18 00:00:00,DECATHLON,112.75,Leisure,False,False,none
user_5,2025-05-19 00:00:00,BOULANGERIE PAUL,38.84,Restaurants,False,False,none
user_5,2025-05-20 00:00:00,RATP NAVIGO,1.12,Transport,False,False,none
user_5,2025-05-20 00:00:00,CB FNAC,54.9,Leisure,False,False,none
user_5,2025-05-21 00:00:00,CB TOTAL ENERGIES,65.54,Transport,False,False,none
user_5,2025-05-22 00:00:00,ZARA VALLÉE,106.83,Shopping,False,False,none
user_5,2025-05-23 00:00:00,INTERMARCHE,53.83,Groceries,False,False,none
user_5,2025-05-23 00:00:00,CB STARBUCKS,1.12,Restaurants,False,False,none
user_5,2025-05-24 00:00:00,MONOPRIX SAINTE THÉOPHILEVILLE,2.09,Groceries,False,False,none
user_5,2025-05-26 00:00:00,INTERMARCHE 08,22.86,Groceries,False,False,none
user_5,2025-05-26 00:00:00,BOULANGERIE PAUL,15.86,Restaurants,False,False,none
user_5,2025-05-27 00:00:00,MONOPRIX,32.41,Groceries,False,False,none
user_5,2025-05-27 00:00:00,BLABLACAR GUILLON-SUR-MER,49.0,Transport,False,False,none
user_5,2025-05-27 00:00:00,DECATHLON,1.12,Leisure,False,False,none
user_5,2025-05-28 00:00:00,LECLERC,43.44,Groceries,False,False,none
user_5,2025-05-28 00:00:00,FNAC,28.26,Leisure,False,False,none
user_5,2025-05-28 00:00:00,NETFLIX.COM,1.12,Leisure,False,False,none
user_5,2025-06-01 00:00:00,LECLERC 04,39.1,Groceries,False,False,none
user_5,2025-06-01 00:00:00,LE BISTROT,42.41,Restaurants,False,False,none
user_5,2025-06-01 00:00:00,OPTIC 2000,5.7,Health,False,False,none
user_5,2025-06-02 00:00:00,BLABLACAR,1.12,Transport,False,False,none
user_5,2025-06-02 00:00:00,NETFLIX.COM SAINTE NATHALIE,44.02,Leisure,False,False,none
user_5,2025-06-03 00:00:00,LOYER APPARTEMENT,863.61,Housing,True,False,none
user_5,2025-06-03 00:00:00,LECLERC 02,42.89,Groceries,False,False,none
user_5,2025-06-03 00:00:00,STEAM GAMES,7.17,Leisure,False,False,none
user_5,2025-06-04 00:00:00,STEAM GAMES SAINT MATHILDEVILLE,50.95,Leisure,False,False,none
user_5,2025-06-05 00:00:00,ABONNEMENT SALLE SPORT,33.18,Leisure,True,False,none
user_5,2025-06-05 00:00:00,MONOPRIX LEMAIRE,62.41,Groceries,False,False,none
user_5,2025-06-05 00:00:00,PARKING INDIGO 20,36.08,Transport,False,False,none
user_5,2025-06-06 00:00:00,SUSHI SHOP LEROY-LES-BAINS,17.9,Restaurants,False,False,none
user_5,2025-06-06 00:00:00,UBER EATS DE OLIVEIRA-SUR-ROUSSEAU,15.3,Restaurants,False,False,none
user_5,2025-06-06 00:00:00,SUSHI SHOP SAINTE CHRISTINE,48.1,Restaurants,False,False,none
user_5,2025-06-07 00:00:00,LIDL,57.78,Groceries,False,False,none
user_5,2025-06-07 00:00:00,CB SUSHI SHOP,64.71,Restaurants,False,False,none
user_5,2025-06-08 00:00:00,EDF ELECTRICITE,72.36,Utilities,True,False,none
user_5,2025-06-10 00:00:00,VELIB,10.18,Transport,False,False,none
user_5,2025-06-10 00:00:00,CB CINEMA UGC,43.14,Leisure,False,False,none
user_5,2025-06-11 00:00:00,UBER BLANC,78.07,Transport,False,False,none
user_5,2025-06-12 00:00:00,ORANGE MOBILE,28.65,Utilities,True,False,none
user_5,2025-06-12 00:00:00,DELIVEROO,13.5,Restaurants,False,False,none
user_5,2025-06-12 00:00:00,BOULANGERIE PAUL FABRE,49.25,Restaurants,False,False,none
user_5,2025-06-12 00:00:00,CB KFC,18.19,Restaurants,False,False,none
user_5,2025-06-12 00:00:00,BLABLACAR,9.95,Transport,False,False,none
user_5,2025-06-13 00:00:00,LIDL 10,6.28,Groceries,False,False,none
user_5,2025-06-15 00:00:00,ASSURANCE MAAF,44.4,Insurance,True,False,none
user_5,2025-06-15 00:00:00,CB STARBUCKS,40.43,Restaurants,False,False,none
user_5,2025-06-15 00:00:00,RATP NAVIGO,3.89,Transport,False,False,none
user_5,2025-06-15 00:00:00,VELIB,53.32,Transport,False,False,none
user_5,2025-06-15 00:00:00,MUTUELLE CLÉMENT-SUR-MER,10.23,Health,False,False,none
user_5,2025-06-17 00:00:00,FRANPRIX 12,52.76,Groceries,False,False,none
user_5,2025-06-17 00:00:00,UBER 08,47.42,Transport,False,False,none
user_5,2025-06-19 00:00:00,CARREFOUR EVRARDBOURG,52.82,Groceries,False,False,none
user_5,2025-06-19 00:00:00,AUCHAN,65.3,Groceries,False,False,none
user_5,2025-06-21 00:00:00,SUSHI SHOP BERNARDBOURG,4.65,Restaurants,False,False,none
user_5,2025-06-21 00:00:00,CB DECATHLON,61.17,Leisure,False,False,none
user_5,2025-06-22 00:00:00,CB ZARA,166.63,Shopping,False,False,none
user_5,2025-06-23 00:00:00,APPLE STORE,1625.73,Shopping,False,True,wrong_category
user_5,2025-06-24 00:00:00,UBER BODIN,43.61,Transport,False,False,none
user_5,2025-06-25 00:00:00,MONOPRIX,93.37,Groceries,False,False,none
user_5,2025-06-25 00:00:00,PARKING INDIGO,61.81,Transport,False,False,none
user_5,2025-06-26 00:00:00,MONOPRIX,45.82,Groceries,False,False,none
user_5,2025-06-26 00:00:00,LECLERC 04,74.86,Groceries,False,False,none
user_5,2025-06-27 00:00:00,TOTAL ENERGIES,9.15,Transport,False,False,none
user_5,2025-06-28 00:00:00,NETFLIX.COM,1.4,Leisure,False,False,none
user_6,2024-01-01 00:00:00,CARREFOUR MOULIN,30.92,Groceries,False,False,none
user_6,2024-01-01 00:00:00,BLABLACAR POTIER-LES-BAINS,10.41,Transport,False,False,none
user_6,2024-01-02 00:00:00,BLABLACAR,75.59,Transport,False,False,none
user_6,2024-01-02 00:00:00,CB H&M,60.49,Shopping,False,False,none
user_6,2024-01-03 00:00:00,LOYER APPARTEMENT,1040.38,Housing,True,False,none
user_6,2024-01-03 00:00:00,VELIB ARNAUD,53.52,Transport,False,False,none
user_6,2024-01-05 00:00:00,ABONNEMENT SALLE SPORT,40.43,Leisure,True,False,none
user_6,2024-01-05 00:00:00,CB LIDL,66.97,Groceries,False,False,none
user_6,2024-01-06 00:00:00,FRANPRIX,35.22,Groceries,False,False,none
user_6,2024-01-06 00:00:00,CASINO SUPERMARCHE,53.26,Groceries,False,False,none
user_6,2024-01-06 00:00:00,INTERMARCHE SEGUINBOEUF,72.85,Groceries,False,False,none
user_6,2024-01-08 00:00:00,EDF ELECTRICITE,127.37,Utilities,True,False,none
user_6,2024-01-09 00:00:00,CB MONOPRIX,68.65,Groceries,False,False,none
user_6,2024-01-10 00:00:00,AUCHAN,104.35,Groceries,False,False,none
user_6,2024-01-12 00:00:00,ORANGE MOBILE,50.33,Utilities,True,False,none
user_6,2024-01-12 00:00:00,CB MONOPRIX,55.11,Groceries,False,False,none
user_6,2024-01-12 00:00:00,ZALANDO SAINTE LUCE,101.15,Shopping,False,False,none
user_6,2024-01-13 00:00:00,DELIVEROO PRÉVOSTNEC,34.12,Restaurants,False,False,none
user_6,2024-01-13 00:00:00,BLABLACAR SAINTE AMÉLIE,39.37,Transport,False,False,none
user_6,2024-01-14 00:00:00,UBER EATS SAINT ÉLODIE-LES-BAINS,45.14,Restaurants,False,False,none
user_6,2024-01-14 00:00:00,DECATHLON SAINT LUC-SUR-MER,60.14,Leisure,False,False,none
user_6,2024-01-15 00:00:00,ASSURANCE MAAF,52.67,Insurance,True,False,none
user_6,2024-01-15 00:00:00,CARREFOUR LEGROS,86.67,Groceries,False,False,none
user_6,2024-01-16 00:00:00,CB AMAZON PRIME,11.08,Leisure,False,False,none
user_6,2024-01-18 00:00:00,LECLERC ARNAUDVILLE,132.76,Groceries,False,False,none
user_6,2024-01-19 00:00:00,AMAZON.FR,45.93,Shopping,False,False,none
user_6,2024-01-20 00:00:00,H&M SAINTE FRANÇOISE,1.65,Shopping,False,False,none
user_6,2024-01-21 00:00:00,DELIVEROO,22.6,Restaurants,False,False,none
user_6,2024-01-22 00:00:00,FRANPRIX,23.15,Groceries,False,False,none
user_6,2024-01-23 00:00:00,MUTUELLE 17,105.37,Health,False,False,none
user_6,2024-01-24 00:00:00,AMAZON PRIME,75.86,Leisure,False,False,none
user_6,2024-01-25 00:00:00,MCDONALDS ADAM,63.24,Restaurants,False,False,none
user_6,2024-01-25 00:00:00,LABORATOIRE BIO 04,86.39,Health,False,False,none
user_6,2024-01-26 00:00:00,AUCHAN 02,69.44,Groceries,False,False,none
user_6,2024-01-26 00:00:00,LIDL 01,46.22,Groceries,False,False,none
user_6,2024-01-27 00:00:00,BLABLACAR PASQUIER,65.81,Transport,False,False,none
user_6,2024-01-27 00:00:00,SHEIN BARTHELEMY,145.45,Shopping,False,False,none
user_6,2024-01-28 00:00:00,INTERMARCHE,38.59,Groceries,False,False,none
user_6,2024-02-03 00:00:00,LOYER APPARTEMENT,1016.71,Housing,True,False,none
user_6,2024-02-03 00:00:00,APPLE STORE,44.29,Shopping,False,False,none
user_6,2024-02-05 00:00:00,ABONNEMENT SALLE SPORT,39.33,Leisure,True,False,none
user_6,2024-02-05 00:00:00,MUTUELLE,79.74,Health,False,False,none
user_6,2024-02-06 00:00:00,MCDONALDS 12,3.08,Restaurants,False,False,none
user_6,2024-02-06 00:00:00,DOCTOLIB,1.32,Health,False,False,none
user_6,2024-02-08 00:00:00,EDF ELECTRICITE,127.52,Utilities,True,False,none
user_6,2024-02-08 00:00:00,LECLERC COHENBOURG,58.44,Groceries,False,False,none
user_6,2024-02-08 00:00:00,TOTAL ENERGIES ROCHERBOURG,49.47,Transport,False,False,none
user_6,2024-02-08 00:00:00,IKEA SAINTE AIMÉ,88.45,Shopping,False,False,none
user_6,2024-02-09 00:00:00,FNAC,30.5,Leisure,False,False,none
user_6,2024-02-10 00:00:00,INTERMARCHE,74.54,Groceries,False,False,none
user_6,2024-02-10 00:00:00,CB MONOPRIX,35.36,Groceries,False,False,none
user_6,2024-02-10 00:00:00,ESSO STATION,53.19,Transport,False,False,none
user_6,2024-02-11 00:00:00,CARREFOUR ROY-SUR-MER,59.75,Groceries,False,False,none
user_6,2024-02-11 00:00:00,ZALANDO,85.6,Shopping,False,False,none
user_6,2024-02-12 00:00:00,ORANGE MOBILE,49.78,Utilities,True,False,none
user_6,2024-02-12 00:00:00,INTERMARCHE,13.59,Groceries,False,False,none
user_6,2024-02-13 00:00:00,SUSHI SHOP,9.08,Restaurants,False,False,none
user_6,2024-02-13 00:00:00,SUSHI SHOP CARREVILLE,41.36,Restaurants,False,False,none
user_6,2024-02-13 00:00:00,AMAZON PRIME PRÉVOSTBOEUF,1.32,Leisure,False,False,none
user_6,2024-02-13 00:00:00,ZALANDO BOULANGER-SUR-DURAND,103.78,Shopping,False,False,none
user_6,2024-02-14 00:00:00,MONOPRIX 01,80.53,Groceries,False,False,none
user_6,2024-02-14 00:00:00,ZALANDO,84.8,Shopping,False,False,none
user_6,2024-02-15 00:00:00,ASSURANCE MAAF,52.8,Insurance,True,False,none
user_6,2024-02-15 00:00:00,CB AUCHAN,52.03,Groceries,False,False,none
user_6,2024-02-18 00:00:00,INTERMARCHE,33.43,Groceries,False,False,none
user_6,2024-02-18 00:00:00,CB SUSHI SHOP,36.03,Restaurants,False,False,none
user_6,2024-02-20 00:00:00,CINEMA UGC,6.65,Leisure,False,False,none
user_6,2024-02-21 00:00:00,CASINO SUPERMARCHE 18,15.9,Groceries,False,False,none
user_6,2024-02-21 00:00:00,INTERMARCHE SAINTE RICHARD,73.44,Groceries,False,False,none
user_6,2024-02-21 00:00:00,DENTISTE,52.12,Health,False,False,none
user_6,2024-02-22 00:00:00,CARREFOUR GILLES-LES-BAINS,65.15,Groceries,False,False,none
user_6,2024-02-22 00:00:00,DELIVEROO THIBAULTBOURG,23.62,Restaurants,False,False,none
user_6,2024-02-23 00:00:00,INTERMARCHE,96.31,Groceries,False,False,none
user_6,2024-02-25 00:00:00,BOULANGERIE PAUL,20.86,Restaurants,False,False,none
user_6,2024-02-25 00:00:00,SEPHORA 16,1.65,Shopping,False,False,none
user_6,2024-02-26 00:00:00,CASINO SUPERMARCHE,64.54,Groceries,False,False,none
user_6,2024-02-26 00:00:00,LECLERC,91.16,Groceries,False,False,none
user_6,2024-02-28 00:00:00,CASINO SUPERMARCHE,79.27,Groceries,False,False,none
user_6,2024-02-28 00:00:00,SNCF INTERNET,41.91,Transport,False,False,none
user_6,2024-02-28 00:00:00,H&M LEBLANC,51.66,Shopping,False,False,none
user_6,2024-03-02 00:00:00,AUCHAN 01,65.01,Groceries,False,False,none
user_6,2024-03-03 00:00:00,LOYER APPARTEMENT,1041.34,Housing,True,False,none
user_6,2024-03-03 00:00:00,MCDONALDS,19.44,Restaurants,False,False,none
user_6,2024-03-03 00:00:00,SHEIN MAILLET-SUR-NORMAND,203.6,Shopping,False,False,none
user_6,2024-03-05 00:00:00,ABONNEMENT SALLE SPORT,39.29,Leisure,True,False,none
user_6,2024-03-06 00:00:00,LECLERC BRUNELBOEUF,37.12,Groceries,False,False,none
user_6,2024-03-06 00:00:00,MCDONALDS,41.5,Restaurants,False,False,none
user_6,2024-03-08 00:00:00,EDF ELECTRICITE,86.15,Utilities,True,False,none
user_6,2024-03-08 00:00:00,MUTUELLE 18,7.17,Health,False,False,none
user_6,2024-03-08 00:00:00,ZARA,58.64,Shopping,False,False,none
user_6,2024-03-10 00:00:00,CARREFOUR,55.93,Groceries,False,False,none
user_6,2024-03-11 00:00:00,LIDL,87.97,Groceries,False,False,none
user_6,2024-03-11 00:00:00,CB STEAM GAMES,45.16,Leisure,False,False,none
user_6,2024-03-12 00:00:00,ORANGE MOBILE,33.02,Utilities,True,False,none
user_6,2024-03-15 00:00:00,ASSURANCE MAAF,52.38,Insurance,True,False,none
user_6,2024-03-15 00:00:00,VELIB LACROIX-SUR-ROBERT,116.64,Transport,False,False,none
user_6,2024-03-16 00:00:00,LECLERC SAINTE MARGOT,60.78,Groceries,False,False,none
user_6,2024-03-16 00:00:00,ZARA RODRIGUEZ-SUR-VALLET,84.9,Shopping,False,False,none
user_6,2024-03-17 00:00:00,CB INTERMARCHE,53.34,Groceries,False,False,none
user_6,2024-03-17 00:00:00,LE BISTROT TOUSSAINT-SUR-BAILLY,10.92,Restaurants,False,False,none
user_6,2024-03-18 00:00:00,PARKING INDIGO,58.37,Transport,False,False,none
user_6,2024-03-19 00:00:00,KFC 08,49.95,Restaurants,False,False,none
user_6,2024-03-19 00:00:00,SUSHI SHOP,18.07,Restaurants,False,False,none
user_6,2024-03-22 00:00:00,LECLERC,107.46,Groceries,False,False,none
user_6,2024-03-23 00:00:00,BOULANGERIE PAUL OLIVIER,69.93,Restaurants,False,False,none
user_6,2024-03-23 00:00:00,DELIVEROO,41.49,Restaurants,False,False,none
user_6,2024-03-23 00:00:00,PARKING INDIGO ÉTIENNEVILLE,36.87,Transport,False,False,none
user_6,2024-03-26 00:00:00,CINEMA UGC MASSON-LA-FORÊT,92.73,Leisure,False,False,none
user_6,2024-04-01 00:00:00,ESSO STATION LAURENT-SUR-GALLET,1.32,Transport,False,False,none
user_6,2024-04-02 00:00:00,SNCF INTERNET ROUSSEAU,56.73,Transport,False,False,none
user_6,2024-04-03 00:00:00,LOYER APPARTEMENT,1013.7,Housing,True,False,none
user_6,2024-04-03 00:00:00,STARBUCKS,3.19,Restaurants,False,False,none
user_6,2024-04-05 00:00:00,ABONNEMENT SALLE SPORT,39.25,Leisure,True,False,none
user_6,2024-04-06 00:00:00,LE BISTROT,23.07,Restaurants,False,False,none
user_6,2024-04-06 00:00:00,RATP NAVIGO LANGLOIS,29.59,Transport,False,False,none
user_6,2024-04-06 00:00:00,CINEMA UGC HOARAU,43.85,Leisure,False,False,none
user_6,2024-04-08 00:00:00,EDF ELECTRICITE,87.73,Utilities,True,False,none
user_6,2024-04-08 00:00:00,CINEMA UGC,119.41,Leisure,False,False,none
user_6,2024-04-08 00:00:00,CB H&M,92.7,Shopping,False,False,none
user_6,2024-04-10 00:00:00,MONOPRIX 14,83.33,Groceries,False,False,none
user_6,2024-04-12 00:00:00,ORANGE MOBILE,33.63,Utilities,True,False,none
user_6,2024-04-12 00:00:00,CB LECLERC,64.39,Groceries,False,False,none
user_6,2024-04-12 00:00:00,OPTIC 2000,99.63,Health,False,False,none
user_6,2024-04-13 00:00:00,STEAM GAMES,61.86,Leisure,False,False,none
user_6,2024-04-14 00:00:00,INTERMARCHE,71.22,Groceries,False,False,none
user_6,2024-04-14 00:00:00,PARKING INDIGO SAINT CHRISTIANENEC,39.05,Transport,False,False,none
user_6,2024-04-15 00:00:00,ASSURANCE MAAF,53.11,Insurance,True,False,none
user_6,2024-04-15 00:00:00,UBER LECLERCQBOEUF,29.31,Transport,False,False,none
user_6,2024-04-16 00:00:00,MONOPRIX,64.65,Groceries,False,False,none
user_6,2024-04-16 00:00:00,CB RATP NAVIGO,1.32,Transport,False,False,none
user_6,2024-04-17 00:00:00,MONOPRIX COLAS,63.36,Groceries,False,False,none
user_6,2024-04-17 00:00:00,LIDL SAINTE MAGGIE,59.36,Groceries,False,False,none
user_6,2024-04-17 00:00:00,STARBUCKS,27.43,Restaurants,False,False,none
user_6,2024-04-17 00:00:00,UBER EATS 04,48.66,Restaurants,False,False,none
user_6,2024-04-17 00:00:00,TOTAL ENERGIES SANCHEZ-SUR-MER,81.93,Transport,False,False,none
user_6,2024-04-19 00:00:00,FRANPRIX,11.34,Groceries,False,False,none
user_6,2024-04-19 00:00:00,NETFLIX.COM LEBLANC,81.54,Leisure,False,False,none
user_6,2024-04-20 00:00:00,STEAM GAMES,46.44,Leisure,False,False,none
user_6,2024-04-21 00:00:00,CASINO SUPERMARCHE,18.69,Groceries,False,False,none
user_6,2024-04-21 00:00:00,LE BISTROT LESAGE,51.05,Restaurants,False,False,none
user_6,2024-04-22 00:00:00,SUSHI SHOP 12,8.04,Restaurants,False,False,none
user_6,2024-04-23 00:00:00,APPLE STORE,927.03,Shopping,False,True,wrong_category
user_6,2024-04-23 00:00:00,SHEIN SAINTE PAULETTEBOURG,101.0,Shopping,False,False,none
user_6,2024-04-26 00:00:00,BLABLACAR ROSSIDAN,20.33,Transport,False,False,none
user_6,2024-05-01 00:00:00,AMAZON PRIME BLANCHETBOEUF,104.77,Leisure,False,False,none
user_6,2024-05-01 00:00:00,CB H&M,64.4,Shopping,False,False,none
user_6,2024-05-02 00:00:00,LIDL,63.78,Groceries,False,False,none
user_6,2024-05-02 00:00:00,CB STARBUCKS,1.32,Restaurants,False,False,none
user_6,2024-05-02 00:00:00,UBER 08,24.65,Transport,False,False,none
user_6,2024-05-02 00:00:00,ZALANDO,113.62,Shopping,False,False,none
user_6,2024-05-03 00:00:00,LOYER APPARTEMENT,1041.79,Housing,True,False,none
user_6,2024-05-03 00:00:00,LIDL,91.29,Groceries,False,False,none
user_6,2024-05-03 00:00:00,LECLERC 20,35.71,Groceries,False,False,none
user_6,2024-05-03 00:00:00,DECATHLON SAINT GILBERT,68.77,Leisure,False,False,none
user_6,2024-05-04 00:00:00,KFC,28.94,Restaurants,False,False,none
user_6,2024-05-04 00:00:00,TOTAL ENERGIES,75.61,Transport,False,False,none
user_6,2024-05-05 00:00:00,ABONNEMENT SALLE SPORT,39.51,Leisure,True,False,none
user_6,2024-05-05 00:00:00,FRANPRIX TOUSSAINT-SUR-LESAGE,30.2,Groceries,False,False,none
user_6,2024-05-05 00:00:00,INTERMARCHE,41.39,Groceries,False,False,none
user_6,2024-05-05 00:00:00,ESSO STATION 20,109.35,Transport,False,False,none
user_6,2024-05-05 00:00:00,ZALANDO,78.6,Shopping,False,False,none
user_6,2024-05-06 00:00:00,LECLERC SAINT CHARLESDAN,84.6,Groceries,False,False,none
user_6,2024-05-08 00:00:00,EDF ELECTRICITE,84.86,Utilities,True,False,none
user_6,2024-05-08 00:00:00,NETFLIX.COM PETIT,30.05,Leisure,False,False,none
user_6,2024-05-08 00:00:00,PHARMACIE,55.98,Health,False,False,none
user_6,2024-05-09 00:00:00,CB SPOTIFY,1.32,Leisure,False,False,none
user_6,2024-05-12 00:00:00,ORANGE MOBILE,33.25,Utilities,True,False,none
user_6,2024-05-12 00:00:00,LECLERC DELMAS-SUR-FERRAND,85.64,Groceries,False,False,none
user_6,2024-05-13 00:00:00,KFC SAINTE DIANE,37.67,Restaurants,False,False,none
user_6,2024-05-13 00:00:00,SUSHI SHOP NICOLAS,59.63,Restaurants,False,False,none
user_6,2024-05-14 00:00:00,SPOTIFY MARION,27.24,Leisure,False,False,none
user_6,2024-05-14 00:00:00,SEPHORA GUILLOU,88.72,Shopping,False,False,none
user_6,2024-05-15 00:00:00,ASSURANCE MAAF,52.52,Insurance,True,False,none
user_6,2024-05-16 00:00:00,CB FRANPRIX,80.62,Groceries,False,False,none
user_6,2024-05-17 00:00:00,MONOPRIX,51.98,Groceries,False,False,none
user_6,2024-05-17 00:00:00,FRANPRIX,14.74,Groceries,False,False,none
user_6,2024-05-18 00:00:00,LECLERC SAINT THÉODORE,66.74,Groceries,False,False,none
user_6,2024-05-18 00:00:00,MCDONALDS DELANNOY-SUR-MERCIER,56.63,Restaurants,False,False,none
user_6,2024-05-18 00:00:00,UBER BOUCHERBOEUF,11.81,Transport,False,False,none
user_6,2024-05-20 00:00:00,CASINO SUPERMARCHE SAINT ALEXANDRIA,37.85,Groceries,False,False,none
user_6,2024-05-20 00:00:00,LECLERC BARTHELEMYNEC,62.75,Groceries,False,False,none
user_6,2024-05-21 00:00:00,APPLE STORE PIERRE,47.63,Shopping,False,False,none
user_6,2024-05-28 00:00:00,CINEMA UGC DIALLO-LES-BAINS,34.23,Leisure,False,False,none
user_6,2024-06-02 00:00:00,FRANPRIX SAINTE LAURENTDAN,73.41,Groceries,False,False,none
user_6,2024-06-03 00:00:00,LOYER APPARTEMENT,1032.01,Housing,True,False,none
user_6,2024-06-04 00:00:00,LECLERC,47.3,Groceries,False,False,none
user_6,2024-06-05 00:00:00,ABONNEMENT SALLE SPORT,40.47,Leisure,True,False,none
user_6,2024-06-05 00:00:00,SPOTIFY CHARLES,1.32,Leisure,False,False,none
user_6,2024-06-05 00:00:00,DECATHLON,14.99,Leisure,False,False,none
user_6,2024-06-05 00:00:00,OPTIC 2000,37.92,Health,False,False,none
user_6,2024-06-07 00:00:00,MCDONALDS ROUSSET,44.38,Restaurants,False,False,none
user_6,2024-06-08 00:00:00,EDF ELECTRICITE,84.53,Utilities,True,False,none
user_6,2024-06-10 00:00:00,INTERMARCHE,100.85,Groceries,False,False,none
user_6,2024-06-10 00:00:00,INTERMARCHE 07,50.28,Groceries,False,False,none
user_6,2024-06-10 00:00:00,BLABLACAR CHARLES,65.82,Transport,False,False,none
user_6,2024-06-11 00:00:00,CB STARBUCKS,6.81,Restaurants,False,False,none
user_6,2024-06-12 00:00:00,ORANGE MOBILE,32.99,Utilities,True,False,none
user_6,2024-06-12 00:00:00,AMAZON.FR,65.29,Shopping,False,False,none
user_6,2024-06-15 00:00:00,ASSURANCE MAAF,52.6,Insurance,True,False,none
user_6,2024-06-15 00:00:00,LIDL,56.97,Groceries,False,False,none
user_6,2024-06-16 00:00:00,LIDL,63.67,Groceries,False,False,none
user_6,2024-06-16 00:00:00,FNAC MOULIN-LES-BAINS,48.5,Leisure,False,False,none
user_6,2024-06-16 00:00:00,DOCTOLIB GILLET,47.44,Health,False,False,none
user_6,2024-06-18 00:00:00,LE BISTROT LEFORT,55.35,Restaurants,False,False,none
user_6,2024-06-19 00:00:00,CB INTERMARCHE,59.61,Groceries,False,False,none
user_6,2024-06-19 00:00:00,CARREFOUR,73.66,Groceries,False,False,none
user_6,2024-06-20 00:00:00,CASINO SUPERMARCHE MORENO-SUR-DANIEL,75.1,Groceries,False,False,none
user_6,2024-06-20 00:00:00,LIDL SAINTE MATTHIEU,20.17,Groceries,False,False,none
user_6,2024-06-20 00:00:00,LE BISTROT SAINT GUY,1.59,Restaurants,False,False,none
user_6,2024-06-21 00:00:00,INTERMARCHE,59.24,Groceries,False,False,none
user_6,2024-06-21 00:00:00,VELIB,3.07,Transport,False,False,none
user_6,2024-06-22 00:00:00,STARBUCKS 13,45.23,Restaurants,False,True,frequency_burst
user_6,2024-06-22 03:00:00,STARBUCKS 13,45.23,Restaurants,False,True,frequency_burst
user_6,2024-06-22 03:00:00,STARBUCKS 13,45.23,Restaurants,False,True,frequency_burst
user_6,2024-06-22 06:00:00,STARBUCKS 13,45.23,Restaurants,False,True,frequency_burst
user_6,2024-06-22 07:00:00,STARBUCKS 13,45.23,Restaurants,False,True,frequency_burst
user_6,2024-06-22 09:00:00,STARBUCKS 13,45.23,Restaurants,False,True,frequency_burst
user_6,2024-06-23 00:00:00,CASINO SUPERMARCHE 06,54.53,Groceries,False,False,none
user_6,2024-06-23 00:00:00,DELIVEROO SAINTE ALAIN,39.66,Restaurants,False,False,none
user_6,2024-06-24 00:00:00,LECLERC,23.07,Groceries,False,False,none
user_6,2024-06-25 00:00:00,CULTURA,1.32,Leisure,False,False,none
user_6,2024-06-26 00:00:00,UBER SAINT LOUIS,34.89,Transport,False,False,none
user_6,2024-07-01 00:00:00,LECLERC SCHNEIDER,71.69,Groceries,False,False,none
user_6,2024-07-01 00:00:00,AUCHAN,45.58,Groceries,False,False,none
user_6,2024-07-01 00:00:00,RATP NAVIGO MILLET,161.01,Transport,False,False,none
user_6,2024-07-01 00:00:00,VELIB,119.98,Transport,False,True,duplicate
user_6,2024-07-01 00:00:00,SPOTIFY,97.53,Leisure,False,False,none
user_6,2024-07-01 00:02:00,VELIB,119.98,Transport,False,True,duplicate
user_6,2024-07-02 00:00:00,VELIB,33.93,Transport,False,False,none
user_6,2024-07-03 00:00:00,LOYER APPARTEMENT,1017.85,Housing,True,False,none
user_6,2024-07-03 00:00:00,MCDONALDS DUMONT,1.59,Restaurants,False,False,none
user_6,2024-07-05 00:00:00,ABONNEMENT SALLE SPORT,39.96,Leisure,True,False,none
user_6,2024-07-05 00:00:00,MCDONALDS,37.32,Restaurants,False,False,none
user_6,2024-07-06 00:00:00,ESSO STATION,25.09,Transport,False,False,none
user_6,2024-07-06 00:00:00,SNCF INTERNET 15,1.85,Transport,False,False,none
user_6,2024-07-08 00:00:00,EDF ELECTRICITE,85.85,Utilities,True,False,none
user_6,2024-07-08 00:00:00,PARKING INDIGO,1.85,Transport,False,False,none
user_6,2024-07-09 00:00:00,VELIB LAINE,58.94,Transport,False,False,none
user_6,2024-07-09 00:00:00,CB DECATHLON,53.21,Leisure,False,False,none
user_6,2024-07-10 00:00:00,PARKING INDIGO,130.79,Transport,False,False,none
user_6,2024-07-11 00:00:00,AUCHAN,92.52,Groceries,False,False,none
user_6,2024-07-12 00:00:00,ORANGE MOBILE,33.58,Utilities,True,False,none
user_6,2024-07-14 00:00:00,NETFLIX.COM,487.61,Leisure,False,True,amount_spike
user_6,2024-07-15 00:00:00,ASSURANCE MAAF,52.82,Insurance,True,False,none
user_6,2024-07-16 00:00:00,MCDONALDS,36.34,Restaurants,False,False,none
user_6,2024-07-16 00:00:00,OPTIC 2000 SAUVAGE,75.0,Health,False,False,none
user_6,2024-07-17 00:00:00,BOULANGERIE PAUL,30.88,Restaurants,False,False,none
user_6,2024-07-17 00:00:00,PARKING INDIGO MARCHAND,64.28,Transport,False,False,none
user_6,2024-07-17 00:00:00,FNAC 09,41.96,Leisure,False,False,none
user_6,2024-07-18 00:00:00,MONOPRIX 12,50.27,Groceries,False,False,none
user_6,2024-07-18 00:00:00,LECLERC,101.61,Groceries,False,False,none
user_6,2024-07-19 00:00:00,KFC,9.4,Restaurants,False,False,none
user_6,2024-07-19 00:00:00,RATP NAVIGO HAMELBOEUF,37.6,Transport,False,False,none
user_6,2024-07-21 00:00:00,STARBUCKS LEMONNIERBOEUF,89.41,Restaurants,False,False,none
user_6,2024-07-21 00:00:00,RATP NAVIGO SAINTE SOPHIEBOURG,44.78,Transport,False,False,none
user_6,2024-07-21 00:00:00,STEAM GAMES,3.48,Leisure,False,False,none
user_6,2024-07-21 00:00:00,MUTUELLE 13,310.65,Health,False,True,amount_spike
user_6,2024-07-22 00:00:00,INTERMARCHE,77.42,Groceries,False,False,none
user_6,2024-07-22 00:00:00,MONOPRIX,66.34,Groceries,False,False,none
user_6,2024-07-23 00:00:00,MONOPRIX,79.47,Groceries,False,False,none
user_6,2024-07-23 00:00:00,DENTISTE 10,62.37,Health,False,False,none
user_6,2024-07-25 00:00:00,AUCHAN,73.82,Groceries,False,False,none
user_6,2024-07-25 00:00:00,LE BISTROT BOUSQUET-SUR-MER,41.08,Restaurants,False,False,none
user_6,2024-07-25 00:00:00,CB ZALANDO,59.8,Shopping,False,False,none
user_6,2024-07-26 00:00:00,H&M,85.2,Shopping,False,False,none
user_6,2024-07-27 00:00:00,CB UBER EATS,36.25,Restaurants,False,False,none
user_6,2024-07-27 00:00:00,OPTIC 2000,62.31,Health,False,False,none
user_6,2024-07-28 00:00:00,SHEIN 18,80.14,Shopping,False,False,none
user_6,2024-08-02 00:00:00,LECLERC SAINTE CAPUCINEBOEUF,80.01,Groceries,False,False,none
user_6,2024-08-03 00:00:00,LOYER APPARTEMENT,1021.21,Housing,True,False,none
user_6,2024-08-03 00:00:00,INTERMARCHE,1.32,Groceries,False,False,none
user_6,2024-08-04 00:00:00,CASINO SUPERMARCHE SAINTE DENISE,87.21,Groceries,False,False,none
user_6,2024-08-04 00:00:00,PARKING INDIGO,44.38,Transport,False,False,none
user_6,2024-08-05 00:00:00,ABONNEMENT SALLE SPORT,40.49,Leisure,True,False,none
user_6,2024-08-05 00:00:00,DENTISTE,41.42,Health,False,False,none
user_6,2024-08-07 00:00:00,SUSHI SHOP,45.86,Restaurants,False,False,none
user_6,2024-08-07 00:00:00,AMAZON PRIME SAMSON-LES-BAINS,39.55,Leisure,False,False,none
user_6,2024-08-07 00:00:00,AMAZON.FR REYNAUD,48.35,Shopping,False,False,none
user_6,2024-08-08 00:00:00,EDF ELECTRICITE,84.39,Utilities,True,False,none
user_6,2024-08-08 00:00:00,MCDONALDS,64.37,Restaurants,False,False,none
user_6,2024-08-10 00:00:00,FRANPRIX,46.7,Groceries,False,False,none
user_6,2024-08-10 00:00:00,NETFLIX.COM,29.86,Leisure,False,False,none
user_6,2024-08-11 00:00:00,STARBUCKS,51.99,Restaurants,False,False,none
user_6,2024-08-11 00:00:00,LE BISTROT,79.94,Restaurants,False,False,none
user_6,2024-08-11 00:00:00,TOTAL ENERGIES,16.98,Transport,False,False,none
user_6,2024-08-12 00:00:00,ORANGE MOBILE,33.28,Utilities,True,False,none
user_6,2024-08-14 00:00:00,INTERMARCHE,79.94,Groceries,False,False,none
user_6,2024-08-15 00:00:00,ASSURANCE MAAF,53.75,Insurance,True,False,none
user_6,2024-08-16 00:00:00,UBER EATS DESCHAMPS,48.13,Restaurants,False,False,none
user_6,2024-08-17 00:00:00,RATP NAVIGO 13,1.85,Transport,False,False,none
user_6,2024-08-18 00:00:00,BOULANGERIE PAUL,28.52,Restaurants,False,False,none
user_6,2024-08-20 00:00:00,AMAZON.FR 15,41.93,Shopping,False,False,none
user_6,2024-08-22 00:00:00,UBER EATS SAINTE AUGUSTE-SUR-MER,1.59,Restaurants,False,False,none
user_6,2024-08-22 00:00:00,MCDONALDS AUBERT,68.29,Restaurants,False,False,none
user_6,2024-08-22 00:00:00,BOULANGERIE PAUL,84.76,Restaurants,False,False,none
user_6,2024-08-23 00:00:00,CARREFOUR 15,48.8,Groceries,False,False,none
user_6,2024-08-23 00:00:00,LIDL LAURENT-LES-BAINS,93.21,Groceries,False,False,none
user_6,2024-08-24 00:00:00,LIDL 09,40.17,Groceries,False,False,none
user_6,2024-08-25 00:00:00,AUCHAN 12,40.02,Groceries,False,False,none
user_6,2024-08-25 00:00:00,AUCHAN 03,63.09,Groceries,False,False,none
user_6,2024-08-25 00:00:00,MCDONALDS BLANCHETBOURG,14.41,Restaurants,False,False,none
user_6,2024-08-25 00:00:00,IKEA COURTOIS-SUR-BOULAY,172.26,Shopping,False,False,none
user_6,2024-08-26 00:00:00,VELIB CARRE,42.57,Transport,False,False,none
user_6,2024-08-27 00:00:00,STARBUCKS,16.6,Restaurants,False,False,none
user_6,2024-08-27 00:00:00,STEAM GAMES,21.66,Leisure,False,False,none
user_6,2024-08-28 00:00:00,UBER,138.89,Transport,False,False,none
user_6,2024-09-01 00:00:00,CARREFOUR SAINTE SUZANNE,68.85,Groceries,False,False,none
user_6,2024-09-02 00:00:00,LE BISTROT,12.01,Restaurants,False,False,none
user_6,2024-09-02 00:00:00,TOTAL ENERGIES DUHAMEL,17.99,Transport,False,False,none
user_6,2024-09-03 00:00:00,LOYER APPARTEMENT,1017.77,Housing,True,False,none
user_6,2024-09-03 00:00:00,UBER,16.01,Transport,False,False,none
user_6,2024-09-04 00:00:00,ZALANDO 07,29.12,Shopping,False,False,none
user_6,2024-09-05 00:00:00,ABONNEMENT SALLE SPORT,39.16,Leisure,True,False,none
user_6,2024-09-06 00:00:00,LECLERC 19,39.28,Groceries,False,False,none
user_6,2024-09-06 00:00:00,MONOPRIX,36.42,Groceries,False,False,none
user_6,2024-09-06 00:00:00,DECATHLON SAINTE ROLAND-SUR-MER,26.49,Leisure,False,False,none
user_6,2024-09-07 00:00:00,AUCHAN SAINTE CAMILLE-SUR-MER,36.89,Groceries,False,False,none
user_6,2024-09-07 00:00:00,MONOPRIX PASCALVILLE,84.67,Groceries,False,False,none
user_6,2024-09-07 00:00:00,RATP NAVIGO,79.35,Transport,False,False,none
user_6,2024-09-08 00:00:00,EDF ELECTRICITE,86.75,Utilities,True,False,none
user_6,2024-09-09 00:00:00,VELIB,43.68,Transport,False,False,none
user_6,2024-09-10 00:00:00,AUCHAN,57.65,Groceries,False,False,none
user_6,2024-09-10 00:00:00,OPTIC 2000 MARTELBOURG,76.61,Health,False,False,none
user_6,2024-09-12 00:00:00,ORANGE MOBILE,32.43,Utilities,True,False,none
user_6,2024-09-12 00:00:00,TOTAL ENERGIES,41.7,Transport,False,False,none
user_6,2024-09-12 00:00:00,CULTURA CAMUS-SUR-MICHEL,9.14,Leisure,False,False,none
user_6,2024-09-14 00:00:00,KFC 08,428.03,Restaurants,False,True,amount_spike
user_6,2024-09-15 00:00:00,ASSURANCE MAAF,53.26,Insurance,True,False,none
user_6,2024-09-15 00:00:00,DELIVEROO,67.42,Restaurants,False,False,none
user_6,2024-09-15 00:00:00,MUTUELLE MICHAUD-LES-BAINS,73.83,Health,False,False,none
user_6,2024-09-19 00:00:00,MONOPRIX 14,92.15,Groceries,False,False,none
user_6,2024-09-19 00:00:00,DELIVEROO,33.03,Restaurants,False,False,none
user_6,2024-09-19 00:00:00,ZALANDO RUIZ,120.16,Shopping,False,False,none
user_6,2024-09-20 00:00:00,SUSHI SHOP,30.95,Restaurants,False,False,none
user_6,2024-09-22 00:00:00,BLABLACAR,1.32,Transport,False,False,none
user_6,2024-09-22 00:00:00,AMAZON PRIME DUBOIS-LES-BAINS,66.61,Leisure,False,False,none
user_6,2024-09-22 00:00:00,DENTISTE,53.72,Health,False,False,none
user_6,2024-09-23 00:00:00,VELIB,44.1,Transport,False,False,none
user_6,2024-09-23 00:00:00,UBER SAINTE HÉLÈNEDAN,44.11,Transport,False,False,none
user_6,2024-09-24 00:00:00,SHEIN 16,1.32,Shopping,False,False,none
user_6,2024-09-25 00:00:00,STARBUCKS SIMON-SUR-DUHAMEL,52.69,Restaurants,False,False,none
user_6,2024-09-25 00:00:00,TOTAL ENERGIES DUVAL,26.67,Transport,False,False,none
user_6,2024-09-26 00:00:00,MCDONALDS 13,12.35,Restaurants,False,False,none
user_6,2024-09-26 00:00:00,VELIB ANDRENEC,25.45,Transport,False,False,none
user_6,2024-09-26 00:00:00,SPOTIFY MULLERDAN,37.42,Leisure,False,False,none
user_6,2024-09-27 00:00:00,DECATHLON,35.93,Leisure,False,False,none
user_6,2024-10-01 00:00:00,STARBUCKS,62.35,Restaurants,False,False,none
user_6,2024-10-02 00:00:00,LIDL TEXIER-SUR-MER,50.44,Groceries,False,False,none
user_6,2024-10-02 00:00:00,UBER EATS,51.05,Restaurants,False,False,none
user_6,2024-10-02 00:00:00,VELIB,66.21,Transport,False,False,none
user_6,2024-10-03 00:00:00,LOYER APPARTEMENT,1038.99,Housing,True,False,none
user_6,2024-10-04 00:00:00,MONOPRIX,74.47,Groceries,False,False,none
user_6,2024-10-05 00:00:00,ABONNEMENT SALLE SPORT,39.68,Leisure,True,False,none
user_6,2024-10-05 00:00:00,LIDL 19,51.19,Groceries,False,False,none
user_6,2024-10-06 00:00:00,CB LIDL,65.79,Groceries,False,False,none
user_6,2024-10-06 00:00:00,CASINO SUPERMARCHE MICHAUD,34.97,Groceries,False,False,none
user_6,2024-10-06 00:00:00,UBER,43.39,Transport,False,False,none
user_6,2024-10-07 00:00:00,FNAC SAINTE ANOUKDAN,42.25,Leisure,False,False,none
user_6,2024-10-08 00:00:00,EDF ELECTRICITE,84.32,Utilities,True,False,none
user_6,2024-10-09 00:00:00,SUSHI SHOP COLIN,21.09,Restaurants,False,False,none
user_6,2024-10-10 00:00:00,CARREFOUR,76.66,Groceries,False,False,none
user_6,2024-10-10 00:00:00,VELIB BOUCHETBOURG,46.46,Transport,False,False,none
user_6,2024-10-12 00:00:00,ORANGE MOBILE,33.46,Utilities,True,False,none
user_6,2024-10-12 00:00:00,SPOTIFY,99.03,Leisure,False,False,none
user_6,2024-10-12 00:00:00,STEAM GAMES SAINT LUCIE,22.12,Leisure,False,False,none
user_6,2024-10-14 00:00:00,AUCHAN BARON-SUR-MER,64.44,Groceries,False,False,none
user_6,2024-10-14 00:00:00,CASINO SUPERMARCHE SAINTE MADELEINEDAN,79.25,Groceries,False,False,none
user_6,2024-10-14 00:00:00,SPOTIFY GUILLOU,49.8,Leisure,False,False,none
user_6,2024-10-15 00:00:00,ASSURANCE MAAF,52.98,Insurance,True,False,none
user_6,2024-10-15 00:00:00,KFC,32.22,Restaurants,False,False,none
user_6,2024-10-15 00:00:00,SUSHI SHOP 06,1.32,Restaurants,False,False,none
user_6,2024-10-16 00:00:00,MONOPRIX RUIZ-SUR-COSTE,67.67,Groceries,False,False,none
user_6,2024-10-17 00:00:00,SPOTIFY 13,30.41,Leisure,False,False,none
user_6,2024-10-18 00:00:00,LIDL COHEN,69.78,Groceries,False,False,none
user_6,2024-10-19 00:00:00,INTERMARCHE,42.89,Groceries,False,False,none
user_6,2024-10-21 00:00:00,BLABLACAR SAINT HUGUES,80.71,Transport,False,False,none
user_6,2024-10-23 00:00:00,FNAC,42.0,Leisure,False,False,none
user_6,2024-10-25 00:00:00,DELIVEROO,14.81,Restaurants,False,False,none
user_6,2024-10-25 00:00:00,AMAZON PRIME,46.71,Leisure,False,False,none
user_6,2024-10-26 00:00:00,ESSO STATION KLEINBOURG,1.32,Transport,False,False,none
user_6,2024-11-02 00:00:00,LECLERC MILLET,105.36,Groceries,False,False,none
user_6,2024-11-03 00:00:00,LOYER APPARTEMENT,1051.65,Housing,True,False,none
user_6,2024-11-03 00:00:00,DOCTOLIB SAINTE ANTOINE,67.29,Health,False,False,none
user_6,2024-11-05 00:00:00,ABONNEMENT SALLE SPORT,39.96,Leisure,True,False,none
user_6,2024-11-05 00:00:00,LIDL,36.45,Groceries,False,False,none
user_6,2024-11-07 00:00:00,STARBUCKS,19.7,Restaurants,False,False,none
user_6,2024-11-08 00:00:00,EDF ELECTRICITE,126.93,Utilities,True,False,none
user_6,2024-11-08 00:00:00,LE BISTROT,9.05,Restaurants,False,False,none
user_6,2024-11-08 00:00:00,AMAZON PRIME GOSSELIN-SUR-MER,68.8,Leisure,False,False,none
user_6,2024-11-09 00:00:00,CASINO SUPERMARCHE,44.54,Groceries,False,False,none
user_6,2024-11-11 00:00:00,LIDL 01,22.25,Groceries,False,False,none
user_6,2024-11-11 00:00:00,BLABLACAR,4.27,Transport,False,False,none
user_6,2024-11-12 00:00:00,ORANGE MOBILE,48.88,Utilities,True,False,none
user_6,2024-11-12 00:00:00,MONOPRIX 15,39.65,Groceries,False,False,none
user_6,2024-11-14 00:00:00,STEAM GAMES,35.32,Leisure,False,False,none
user_6,2024-11-15 00:00:00,ASSURANCE MAAF,53.71,Insurance,True,False,none
user_6,2024-11-15 00:00:00,ESSO STATION,110.27,Transport,False,False,none
user_6,2024-11-16 00:00:00,SUSHI SHOP TRAORENEC,52.12,Restaurants,False,False,none
user_6,2024-11-16 00:00:00,UBER EATS 06,54.33,Restaurants,False,False,none
user_6,2024-11-16 00:00:00,SUSHI SHOP,33.02,Restaurants,False,False,none
user_6,2024-11-16 00:00:00,H&M BAZIN,336.6,Shopping,False,False,none
user_6,2024-11-17 00:00:00,UBER,56.08,Transport,False,False,none
user_6,2024-11-17 00:00:00,PHARMACIE 08,52.11,Health,False,False,none
user_6,2024-11-18 00:00:00,LE BISTROT SAINT JOSEPH,4.22,Restaurants,False,False,none
user_6,2024-11-18 00:00:00,DELIVEROO SAINT CAPUCINE,25.83,Restaurants,False,False,none
user_6,2024-11-19 00:00:00,MONOPRIX,24.32,Groceries,False,False,none
user_6,2024-11-19 00:00:00,ZARA NICOLASBOEUF,140.8,Shopping,False,False,none
user_6,2024-11-20 00:00:00,LECLERC,34.85,Groceries,False,False,none
user_6,2024-11-22 00:00:00,AUCHAN,29.56,Groceries,False,False,none
user_6,2024-11-22 00:00:00,APPLE STORE,192.06,Shopping,False,False,none
user_6,2024-11-23 00:00:00,CASINO SUPERMARCHE DESCAMPS-SUR-MER,65.52,Groceries,False,False,none
user_6,2024-11-24 00:00:00,STARBUCKS SAINTE HONORÉ,64.49,Restaurants,False,False,none
user_6,2024-11-25 00:00:00,LECLERC 16,54.76,Groceries,False,False,none
user_6,2024-11-25 00:00:00,VELIB 10,20.2,Transport,False,False,none
user_6,2024-11-25 00:00:00,H&M,184.75,Shopping,False,False,none
user_6,2024-11-26 00:00:00,IKEA SAINT MONIQUE-LES-BAINS,105.41,Shopping,False,False,none
user_6,2024-11-28 00:00:00,NETFLIX.COM 20,63.22,Leisure,False,False,none
user_6,2024-12-01 00:00:00,AUCHAN 15,37.76,Groceries,False,False,none
user_6,2024-12-03 00:00:00,LOYER APPARTEMENT,1038.6,Housing,True,False,none
user_6,2024-12-04 00:00:00,CB DECATHLON,122.16,Leisure,False,False,none
user_6,2024-12-05 00:00:00,ABONNEMENT SALLE SPORT,40.08,Leisure,True,False,none
user_6,2024-12-05 00:00:00,KFC,22.12,Restaurants,False,False,none
user_6,2024-12-06 00:00:00,CB SNCF INTERNET,31.32,Transport,False,False,none
user_6,2024-12-06 00:00:00,RATP NAVIGO,33.19,Transport,False,False,none
user_6,2024-12-06 00:00:00,FNAC PONS-SUR-WEBER,1.32,Leisure,False,False,none
user_6,2024-12-06 00:00:00,CB STEAM GAMES,65.78,Leisure,False,False,none
user_6,2024-12-06 00:00:00,SEPHORA,109.16,Shopping,False,False,none
user_6,2024-12-07 00:00:00,CASINO SUPERMARCHE RICHARD,103.96,Groceries,False,False,none
user_6,2024-12-07 00:00:00,UBER EATS BOUCHET,33.34,Restaurants,False,False,none
user_6,2024-12-07 00:00:00,MCDONALDS,26.53,Restaurants,False,False,none
user_6,2024-12-08 00:00:00,EDF ELECTRICITE,130.76,Utilities,True,False,none
user_6,2024-12-08 00:00:00,STARBUCKS DIDIER-SUR-HENRY,46.26,Restaurants,False,False,none
user_6,2024-12-09 00:00:00,LIDL DELAUNAYNEC,72.86,Groceries,False,False,none
user_6,2024-12-09 00:00:00,IKEA SAINT THIERRY,48.94,Shopping,False,False,none
user_6,2024-12-11 00:00:00,TOTAL ENERGIES,57.92,Transport,False,False,none
user_6,2024-12-12 00:00:00,ORANGE MOBILE,50.36,Utilities,True,False,none
user_6,2024-12-13 00:00:00,FNAC,13.3,Leisure,False,False,none
user_6,2024-12-14 00:00:00,RATP NAVIGO,48.19,Transport,False,False,none
user_6,2024-12-14 00:00:00,DENTISTE,78.03,Health,False,False,none
user_6,2024-12-15 00:00:00,ASSURANCE MAAF,52.21,Insurance,True,False,none
user_6,2024-12-15 00:00:00,ZALANDO MALLET,103.36,Shopping,False,False,none
user_6,2024-12-17 00:00:00,APPLE STORE DIDIER,50.15,Shopping,False,False,none
user_6,2024-12-18 00:00:00,LIDL GAUTIER,70.47,Groceries,False,False,none
user_6,2024-12-19 00:00:00,MONOPRIX 06,58.93,Groceries,False,False,none
user_6,2024-12-21 00:00:00,INTERMARCHE FERRAND,45.01,Groceries,False,False,none
user_6,2024-12-21 00:00:00,SUSHI SHOP DELAHAYE,55.39,Restaurants,False,False,none
user_6,2024-12-21 00:00:00,BLABLACAR,47.69,Transport,False,False,none
user_6,2024-12-21 00:00:00,UBER,79.47,Transport,False,False,none
user_6,2024-12-22 00:00:00,AMAZON PRIME 11,6.75,Leisure,False,False,none
user_6,2024-12-28 00:00:00,VELIB SAINTE LOUISENEC,91.92,Transport,False,False,none
user_6,2024-12-28 00:00:00,CULTURA MARTINEAU,77.04,Leisure,False,False,none
user_6,2024-12-28 00:00:00,H&M BOULAY-SUR-MER,134.86,Shopping,False,False,none
user_6,2025-01-03 00:00:00,LOYER APPARTEMENT,1049.63,Housing,True,False,none
user_6,2025-01-04 00:00:00,BOULANGERIE PAUL DIAS-SUR-MARTINS,60.14,Restaurants,False,False,none
user_6,2025-01-05 00:00:00,ABONNEMENT SALLE SPORT,39.06,Leisure,True,False,none
user_6,2025-01-05 00:00:00,CASINO SUPERMARCHE,69.75,Groceries,False,False,none
user_6,2025-01-05 00:00:00,VELIB VERDIER,40.5,Transport,False,False,none
user_6,2025-01-05 00:00:00,CULTURA,15.03,Leisure,False,False,none
user_6,2025-01-06 00:00:00,BLABLACAR SAINTE MONIQUEDAN,82.58,Transport,False,False,none
user_6,2025-01-07 00:00:00,CB INTERMARCHE,79.34,Groceries,False,False,none
user_6,2025-01-07 00:00:00,MONOPRIX SAINT CAMILLE,40.99,Groceries,False,False,none
user_6,2025-01-07 00:00:00,BOULANGERIE PAUL GIMENEZ,24.01,Restaurants,False,False,none
user_6,2025-01-08 00:00:00,EDF ELECTRICITE,127.36,Utilities,True,False,none
user_6,2025-01-08 00:00:00,FRANPRIX,52.59,Groceries,False,False,none
user_6,2025-01-08 00:00:00,INTERMARCHE,42.72,Groceries,False,False,none
user_6,2025-01-09 00:00:00,UBER EATS,19.64,Restaurants,False,False,none
user_6,2025-01-09 00:00:00,DECATHLON 06,44.14,Leisure,False,False,none
user_6,2025-01-09 00:00:00,H&M,189.39,Shopping,False,False,none
user_6,2025-01-10 00:00:00,MONOPRIX PRÉVOST,35.9,Groceries,False,False,none
user_6,2025-01-10 00:00:00,LE BISTROT SAINT CLAUDINE,14.15,Restaurants,False,False,none
user_6,2025-01-11 00:00:00,AUCHAN,36.06,Groceries,False,False,none
user_6,2025-01-12 00:00:00,ORANGE MOBILE,49.03,Utilities,True,False,none
user_6,2025-01-12 00:00:00,VELIB CHEVALIERBOEUF,20.5,Transport,False,False,none
user_6,2025-01-13 00:00:00,LECLERC,7.8,Groceries,False,False,none
user_6,2025-01-13 00:00:00,MONOPRIX,68.94,Groceries,False,False,none
user_6,2025-01-13 00:00:00,TOTAL ENERGIES 20,70.29,Transport,False,False,none
user_6,2025-01-15 00:00:00,ASSURANCE MAAF,53.88,Insurance,True,False,none
user_6,2025-01-15 00:00:00,CB INTERMARCHE,75.43,Groceries,False,False,none
user_6,2025-01-16 00:00:00,PHARMACIE LAUNAYBOURG,27.04,Health,False,False,none
user_6,2025-01-17 00:00:00,BOULANGERIE PAUL ROUX,35.01,Restaurants,False,False,none
user_6,2025-01-18 00:00:00,CINEMA UGC,130.45,Leisure,False,False,none
user_6,2025-01-20 00:00:00,DELIVEROO DIJOUXBOEUF,26.03,Restaurants,False,False,none
user_6,2025-01-21 00:00:00,TOTAL ENERGIES MOULIN,64.04,Transport,False,False,none
user_6,2025-01-23 00:00:00,LE BISTROT MARCHAND,25.43,Restaurants,False,False,none
user_6,2025-01-24 00:00:00,PARKING INDIGO 07,6.54,Transport,False,False,none
user_6,2025-01-24 00:00:00,CINEMA UGC 14,84.34,Leisure,False,False,none
user_6,2025-01-24 00:00:00,SPOTIFY,17.25,Leisure,False,False,none
user_6,2025-01-25 00:00:00,LE BISTROT TORRES,29.74,Restaurants,False,False,none
user_6,2025-01-25 00:00:00,MCDONALDS,25.69,Restaurants,False,False,none
user_6,2025-01-25 00:00:00,CB CULTURA,52.31,Leisure,False,False,none
user_6,2025-01-25 00:00:00,AMAZON PRIME,20.49,Leisure,False,False,none
user_6,2025-01-25 00:00:00,H&M,95.84,Shopping,False,False,none
user_6,2025-01-27 00:00:00,AUCHAN,58.2,Groceries,False,False,none
user_6,2025-01-28 00:00:00,CARREFOUR SAINT MONIQUE,82.24,Groceries,False,False,none
user_6,2025-02-01 00:00:00,MCDONALDS PIERRE-LES-BAINS,42.06,Restaurants,False,False,none
user_6,2025-02-02 00:00:00,LIDL 13,35.57,Groceries,False,False,none
user_6,2025-02-03 00:00:00,LOYER APPARTEMENT,1016.77,Housing,True,False,none
user_6,2025-02-04 00:00:00,SNCF INTERNET,13.66,Transport,False,False,none
user_6,2025-02-04 00:00:00,SEPHORA,38.78,Shopping,False,False,none
user_6,2025-02-05 00:00:00,ABONNEMENT SALLE SPORT,39.89,Leisure,True,False,none
user_6,2025-02-05 00:00:00,STARBUCKS CHAUVEAUBOEUF,19.47,Restaurants,False,False,none
user_6,2025-02-06 00:00:00,CB LIDL,62.4,Groceries,False,False,none
user_6,2025-02-08 00:00:00,EDF ELECTRICITE,126.46,Utilities,True,False,none
user_6,2025-02-10 00:00:00,DENTISTE BOUSQUETBOEUF,46.69,Health,False,False,none
user_6,2025-02-12 00:00:00,ORANGE MOBILE,50.01,Utilities,True,False,none
user_6,2025-02-12 00:00:00,CB CASINO SUPERMARCHE,49.88,Groceries,False,False,none
user_6,2025-02-13 00:00:00,INTERMARCHE BOUCHER,93.52,Groceries,False,False,none
user_6,2025-02-15 00:00:00,ASSURANCE MAAF,53.84,Insurance,True,False,none
user_6,2025-02-15 00:00:00,TOTAL ENERGIES,21.75,Transport,False,False,none
user_6,2025-02-15 00:00:00,VELIB,36.48,Transport,False,False,none
user_6,2025-02-16 00:00:00,UBER,1.32,Transport,False,False,none
user_6,2025-02-17 00:00:00,MONOPRIX 11,11.41,Groceries,False,False,none
user_6,2025-02-20 00:00:00,CASINO SUPERMARCHE 10,35.57,Groceries,False,False,none
user_6,2025-02-20 00:00:00,BOULANGERIE PAUL,50.66,Restaurants,False,False,none
user_6,2025-02-21 00:00:00,BOULANGERIE PAUL,22.59,Restaurants,False,False,none
user_6,2025-02-21 00:00:00,BOULANGERIE PAUL 16,66.38,Restaurants,False,False,none
user_6,2025-02-22 00:00:00,VELIB,27.62,Transport,False,False,none
user_6,2025-02-22 00:00:00,LABORATOIRE BIO,1.32,Health,False,False,none
user_6,2025-02-25 00:00:00,UBER EATS 14,37.59,Restaurants,False,False,none
user_6,2025-02-26 00:00:00,KFC GUÉRIN-SUR-LEJEUNE,19.75,Restaurants,False,False,none
user_6,2025-02-26 00:00:00,TOTAL ENERGIES GONCALVES-SUR-LECLERCQ,37.16,Transport,False,False,none
user_6,2025-02-26 00:00:00,CINEMA UGC,1.32,Leisure,False,False,none
user_6,2025-02-26 00:00:00,ZALANDO,96.71,Shopping,False,False,none
user_6,2025-02-27 00:00:00,UBER EATS,34.26,Restaurants,False,False,none
user_6,2025-02-28 00:00:00,PHARMACIE,98.96,Health,False,False,none
user_6,2025-03-02 00:00:00,CARREFOUR,76.97,Groceries,False,False,none
user_6,2025-03-02 00:00:00,UBER EATS,80.47,Restaurants,False,False,none
user_6,2025-03-02 00:00:00,MCDONALDS,36.5,Restaurants,False,False,none
user_6,2025-03-03 00:00:00,LOYER APPARTEMENT,1033.79,Housing,True,False,none
user_6,2025-03-03 00:00:00,CB STARBUCKS,15.03,Restaurants,False,False,none
user_6,2025-03-04 00:00:00,INTERMARCHE SAINTE LOUISE,23.02,Groceries,False,False,none
user_6,2025-03-04 00:00:00,MONOPRIX BERTIN,52.38,Groceries,False,False,none
user_6,2025-03-04 00:00:00,MONOPRIX MARION,77.84,Groceries,False,False,none
user_6,2025-03-04 00:00:00,CB UBER EATS,17.23,Restaurants,False,False,none
user_6,2025-03-04 00:00:00,LE BISTROT,28.19,Restaurants,False,False,none
user_6,2025-03-04 00:00:00,ESSO STATION,46.18,Transport,False,False,none
user_6,2025-03-05 00:00:00,ABONNEMENT SALLE SPORT,39.22,Leisure,True,False,none
user_6,2025-03-05 00:00:00,FRANPRIX BRIAND,54.88,Groceries,False,False,none
user_6,2025-03-05 00:00:00,NETFLIX.COM,21.03,Leisure,False,False,none
user_6,2025-03-05 00:00:00,APPLE STORE LEMOINE,115.95,Shopping,False,False,none
user_6,2025-03-06 00:00:00,CARREFOUR,74.15,Groceries,False,False,none
user_6,2025-03-08 00:00:00,EDF ELECTRICITE,85.62,Utilities,True,False,none
user_6,2025-03-09 00:00:00,CB FRANPRIX,58.14,Groceries,False,False,none
user_6,2025-03-09 00:00:00,CINEMA UGC SAINTE ÉDITHNEC,24.49,Leisure,False,False,none
user_6,2025-03-10 00:00:00,LABORATOIRE BIO,38.79,Health,False,False,none
user_6,2025-03-11 00:00:00,IKEA GAUDIN,58.07,Shopping,False,False,none
user_6,2025-03-11 00:00:00,ZALANDO 07,1.32,Shopping,False,False,none
user_6,2025-03-12 00:00:00,ORANGE MOBILE,33.65,Utilities,True,False,none
user_6,2025-03-13 00:00:00,CASINO SUPERMARCHE 19,72.53,Groceries,False,False,none
user_6,2025-03-15 00:00:00,ASSURANCE MAAF,53.85,Insurance,True,False,none
user_6,2025-03-15 00:00:00,FRANPRIX,80.31,Groceries,False,False,none
user_6,2025-03-15 00:00:00,DELIVEROO,1.65,Restaurants,False,False,none
user_6,2025-03-18 00:00:00,RATP NAVIGO DIALLO-SUR-BARRE,90.93,Transport,False,False,none
user_6,2025-03-18 00:00:00,SNCF INTERNET,41.41,Transport,False,False,none
user_6,2025-03-19 00:00:00,UBER MARIN,39.76,Transport,False,False,none
user_6,2025-03-19 00:00:00,IKEA,38.02,Shopping,False,False,none
user_6,2025-03-20 00:00:00,INTERMARCHE,16.76,Groceries,False,False,none
user_6,2025-03-20 00:00:00,UBER EATS FLEURY-LA-FORÊT,42.48,Restaurants,False,False,none
user_6,2025-03-20 00:00:00,CB UBER EATS,65.89,Restaurants,False,False,none
user_6,2025-03-21 00:00:00,RATP NAVIGO 10,16.09,Transport,False,False,none
user_6,2025-03-23 00:00:00,UBER BOUVET,11.15,Transport,False,False,none
user_6,2025-03-24 00:00:00,LIDL,59.63,Groceries,False,False,none
user_6,2025-03-24 00:00:00,AUCHAN SAINT LUCYNEC,53.63,Groceries,False,False,none
user_6,2025-03-24 00:00:00,IKEA SAINT SUZANNE,142.27,Shopping,False,False,none
user_6,2025-03-25 00:00:00,SEPHORA,18.33,Shopping,False,False,none
user_6,2025-04-01 00:00:00,LIDL,90.29,Groceries,False,False,none
user_6,2025-04-01 00:00:00,FNAC SAINTE MARTINE-SUR-MER,66.62,Leisure,False,False,none
user_6,2025-04-02 00:00:00,LIDL HAMEL,61.08,Groceries,False,False,none
user_6,2025-04-03 00:00:00,LOYER APPARTEMENT,1037.77,Housing,True,False,none
user_6,2025-04-03 00:00:00,LIDL SAINT CHRISTIANE,74.7,Groceries,False,False,none
user_6,2025-04-05 00:00:00,ABONNEMENT SALLE SPORT,39.63,Leisure,True,False,none
user_6,2025-04-06 00:00:00,PARKING INDIGO GOMES,9.63,Transport,False,False,none
user_6,2025-04-06 00:00:00,ZARA,176.39,Shopping,False,False,none
user_6,2025-04-08 00:00:00,EDF ELECTRICITE,86.17,Utilities,True,False,none
user_6,2025-04-08 00:00:00,PARKING INDIGO,51.91,Transport,False,False,none
user_6,2025-04-08 00:00:00,SNCF INTERNET,41.64,Transport,False,False,none
user_6,2025-04-09 00:00:00,UBER,38.48,Transport,False,False,none
user_6,2025-04-09 00:00:00,H&M,209.02,Shopping,False,False,none
user_6,2025-04-09 00:00:00,ZARA,1.32,Shopping,False,False,none
user_6,2025-04-10 00:00:00,MONOPRIX 09,6.51,Groceries,False,False,none
user_6,2025-04-10 00:00:00,BLABLACAR,90.86,Transport,False,False,none
user_6,2025-04-11 00:00:00,FRANPRIX,25.21,Groceries,False,False,none
user_6,2025-04-11 00:00:00,CARREFOUR CLÉMENT,58.77,Groceries,False,False,none
user_6,2025-04-12 00:00:00,ORANGE MOBILE,32.66,Utilities,True,False,none
user_6,2025-04-13 00:00:00,FRANPRIX,1.32,Groceries,False,False,none
user_6,2025-04-13 00:00:00,PARKING INDIGO 11,1.32,Transport,False,False,none
user_6,2025-04-14 00:00:00,AMAZON PRIME,40.69,Leisure,False,False,none
user_6,2025-04-14 00:00:00,SHEIN DURAND,3.03,Shopping,False,False,none
user_6,2025-04-15 00:00:00,ASSURANCE MAAF,53.43,Insurance,True,False,none
user_6,2025-04-15 00:00:00,DELIVEROO 17,50.08,Restaurants,False,False,none
user_6,2025-04-16 00:00:00,LIDL,57.24,Groceries,False,False,none
user_6,2025-04-16 00:00:00,CARREFOUR,42.07,Groceries,False,False,none
user_6,2025-04-16 00:00:00,FNAC,52.95,Leisure,False,False,none
user_6,2025-04-17 00:00:00,DECATHLON PAGES-LES-BAINS,20.65,Leisure,False,False,none
user_6,2025-04-18 00:00:00,UBER EATS,14.29,Restaurants,False,False,none
user_6,2025-04-18 00:00:00,NETFLIX.COM,11.02,Leisure,False,False,none
user_6,2025-04-19 00:00:00,CASINO SUPERMARCHE 04,82.71,Groceries,False,False,none
user_6,2025-04-19 00:00:00,KFC BARBE,18.59,Restaurants,False,False,none
user_6,2025-04-19 00:00:00,SPOTIFY 02,85.77,Leisure,False,False,none
user_6,2025-04-23 00:00:00,PARKING INDIGO,36.28,Transport,False,False,none
user_6,2025-04-23 00:00:00,IKEA,76.74,Shopping,False,False,none
user_6,2025-04-25 00:00:00,PARKING INDIGO,53.41,Transport,False,False,none
user_6,2025-04-25 00:00:00,SPOTIFY,31.03,Leisure,False,False,none
user_6,2025-04-25 00:00:00,CB SHEIN,106.6,Shopping,False,False,none
user_6,2025-04-26 00:00:00,LIDL BESNARDBOURG,91.04,Groceries,False,False,none
user_6,2025-04-27 00:00:00,ESSO STATION,46.32,Transport,False,False,none
user_6,2025-04-27 00:00:00,FNAC 20,51.2,Leisure,False,False,none
user_6,2025-05-01 00:00:00,FRANPRIX FERREIRADAN,65.52,Groceries,False,False,none
user_6,2025-05-01 00:00:00,UBER EATS 04,33.87,Restaurants,False,False,none
user_6,2025-05-01 00:00:00,UBER EATS,54.51,Restaurants,False,False,none
user_6,2025-05-01 00:00:00,APPLE STORE SAINTE EMMANUELBOURG,95.99,Shopping,False,False,none
user_6,2025-05-02 00:00:00,MONOPRIX MENDÈS,15.52,Groceries,False,False,none
user_6,2025-05-03 00:00:00,LOYER APPARTEMENT,1013.91,Housing,True,False,none
user_6,2025-05-03 00:00:00,MCDONALDS CHARTIER,44.42,Restaurants,False,False,none
user_6,2025-05-03 00:00:00,SUSHI SHOP,1.65,Restaurants,False,False,none
user_6,2025-05-04 00:00:00,LECLERC,38.53,Groceries,False,False,none
user_6,2025-05-04 00:00:00,FNAC,71.31,Leisure,False,False,none
user_6,2025-05-05 00:00:00,ABONNEMENT SALLE SPORT,40.15,Leisure,True,False,none
user_6,2025-05-05 00:00:00,STEAM GAMES,10.57,Leisure,False,False,none
user_6,2025-05-05 00:00:00,CINEMA UGC 13,62.28,Leisure,False,False,none
user_6,2025-05-06 00:00:00,ZARA 08,81.59,Shopping,False,False,none
user_6,2025-05-08 00:00:00,EDF ELECTRICITE,84.83,Utilities,True,False,none
user_6,2025-05-08 00:00:00,FRANPRIX,52.77,Groceries,False,False,none
user_6,2025-05-09 00:00:00,RATP NAVIGO,57.52,Transport,False,False,none
user_6,2025-05-10 00:00:00,LIDL ALEXANDREBOURG,37.62,Groceries,False,False,none
user_6,2025-05-10 00:00:00,STARBUCKS,22.36,Restaurants,False,False,none
user_6,2025-05-10 00:00:00,ESSO STATION,106.33,Transport,False,False,none
user_6,2025-05-11 00:00:00,RATP NAVIGO 11,51.74,Transport,False,False,none
user_6,2025-05-11 00:00:00,CULTURA,1.65,Leisure,False,False,none
user_6,2025-05-12 00:00:00,ORANGE MOBILE,33.54,Utilities,True,False,none
user_6,2025-05-13 00:00:00,AUCHAN DELMASBOURG,99.05,Groceries,False,False,none
user_6,2025-05-15 00:00:00,ASSURANCE MAAF,53.62,Insurance,True,False,none
user_6,2025-05-15 00:00:00,AUCHAN MASSEVILLE,30.52,Groceries,False,False,none
user_6,2025-05-15 00:00:00,BOULANGERIE PAUL,71.19,Restaurants,False,False,none
user_6,2025-05-15 00:00:00,DENTISTE,1.32,Health,False,False,none
user_6,2025-05-17 00:00:00,LIDL,56.59,Groceries,False,False,none
user_6,2025-05-17 00:00:00,UBER EATS,22.71,Restaurants,False,False,none
user_6,2025-05-19 00:00:00,CARREFOUR,53.73,Groceries,False,False,none
user_6,2025-05-19 00:00:00,ZARA,54.86,Shopping,False,False,none
user_6,2025-05-20 00:00:00,CARREFOUR PICARD,36.56,Groceries,False,False,none
user_6,2025-05-21 00:00:00,FRANPRIX,107.13,Groceries,False,False,none
user_6,2025-05-21 00:00:00,BOULANGERIE PAUL JACOB,55.05,Restaurants,False,False,none
user_6,2025-05-23 00:00:00,DECATHLON,84.41,Leisure,False,False,none
user_6,2025-05-26 00:00:00,AUCHAN SAINTE VICTOIREDAN,44.03,Groceries,False,False,none
user_6,2025-05-26 00:00:00,UBER,1.83,Transport,False,False,none
user_6,2025-05-28 00:00:00,LE BISTROT AUGERVILLE,9.67,Restaurants,False,False,none
user_6,2025-06-01 00:00:00,KFC 15,71.73,Restaurants,False,False,none
user_6,2025-06-03 00:00:00,LOYER APPARTEMENT,1023.64,Housing,True,False,none
user_6,2025-06-03 00:00:00,STEAM GAMES,67.4,Leisure,False,False,none
user_6,2025-06-04 00:00:00,VELIB,1.32,Transport,False,False,none
user_6,2025-06-05 00:00:00,ABONNEMENT SALLE SPORT,39.0,Leisure,True,False,none
user_6,2025-06-05 00:00:00,MONOPRIX ROCHE-SUR-VALLET,49.62,Groceries,False,False,none
user_6,2025-06-05 00:00:00,BOULANGERIE PAUL RODRIGUES,17.97,Restaurants,False,False,none
user_6,2025-06-05 00:00:00,AMAZON PRIME,25.06,Leisure,False,False,none
user_6,2025-06-05 00:00:00,CB SEPHORA,132.76,Shopping,False,False,none
user_6,2025-06-07 00:00:00,FNAC,35.21,Leisure,False,False,none
user_6,2025-06-08 00:00:00,EDF ELECTRICITE,87.55,Utilities,True,False,none
user_6,2025-06-08 00:00:00,CB CARREFOUR,51.92,Groceries,False,False,none
user_6,2025-06-09 00:00:00,FRANPRIX SAINT CAMILLE,88.05,Groceries,False,False,none
user_6,2025-06-10 00:00:00,LIDL,72.17,Groceries,False,False,none
user_6,2025-06-10 00:00:00,ESSO STATION MARTEL-SUR-LEFORT,16.77,Transport,False,False,none
user_6,2025-06-11 00:00:00,SPOTIFY,43.08,Leisure,False,False,none
user_6,2025-06-12 00:00:00,ORANGE MOBILE,32.59,Utilities,True,False,none
user_6,2025-06-14 00:00:00,CB LIDL,72.7,Groceries,False,False,none
user_6,2025-06-15 00:00:00,ASSURANCE MAAF,53.74,Insurance,True,False,none
user_6,2025-06-15 00:00:00,LIDL POTIER,105.08,Groceries,False,False,none
user_6,2025-06-15 00:00:00,LE BISTROT,35.02,Restaurants,False,False,none
user_6,2025-06-16 00:00:00,RATP NAVIGO BONNIN,302.11,Transport,False,True,amount_spike
user_6,2025-06-17 00:00:00,SNCF INTERNET 13,59.14,Transport,False,False,none
user_6,2025-06-18 00:00:00,BOULANGERIE PAUL SAINTE THOMAS,29.14,Restaurants,False,False,none
user_6,2025-06-18 00:00:00,LE BISTROT,37.46,Restaurants,False,False,none
user_6,2025-06-18 00:00:00,CB DELIVEROO,19.16,Restaurants,False,False,none
user_6,2025-06-19 00:00:00,FRANPRIX,101.38,Groceries,False,False,none
user_6,2025-06-20 00:00:00,CARREFOUR MAURY-SUR-LOUIS,60.04,Groceries,False,False,none
user_6,2025-06-20 00:00:00,ZARA SIMON,35.24,Shopping,False,False,none
user_6,2025-06-24 00:00:00,LIDL 14,119.39,Groceries,False,False,none
user_6,2025-06-24 00:00:00,SNCF INTERNET,81.02,Transport,False,False,none
user_6,2025-06-25 00:00:00,STARBUCKS RUIZ,17.48,Restaurants,False,False,none
user_6,2025-06-25 00:00:00,VELIB,26.97,Transport,False,False,none
user_6,2025-06-26 00:00:00,UBER EATS,34.73,Restaurants,False,False,none
user_6,2025-06-27 00:00:00,UBER EATS VASSEUR,32.65,Restaurants,False,False,none
user_6,2025-06-28 00:00:00,INTERMARCHE GILLET,106.94,Groceries,False,False,none
user_6,2025-06-28 00:00:00,LE BISTROT,98.51,Restaurants,False,False,none
user_6,2025-06-28 00:00:00,ESSO STATION BRUNET,1.32,Transport,False,False,none
user_7,2024-01-02 00:00:00,NETFLIX.COM TESSIERVILLE,31.65,Leisure,False,False,none
user_7,2024-01-02 00:00:00,CINEMA UGC SAINT ALICEDAN,20.99,Leisure,False,False,none
user_7,2024-01-03 00:00:00,LOYER APPARTEMENT,767.73,Housing,True,False,none
user_7,2024-01-03 00:00:00,CARREFOUR,18.49,Groceries,False,False,none
user_7,2024-01-03 00:00:00,SPOTIFY BAUDRY-SUR-VOISIN,0.99,Leisure,False,False,none
user_7,2024-01-03 00:00:00,SHEIN PERRIN,102.22,Shopping,False,False,none
user_7,2024-01-04 00:00:00,MONOPRIX VERDIER,22.07,Groceries,False,False,none
user_7,2024-01-05 00:00:00,ABONNEMENT SALLE SPORT,30.35,Leisure,True,False,none
user_7,2024-01-05 00:00:00,MONOPRIX MALLET,34.18,Groceries,False,False,none
user_7,2024-01-06 00:00:00,MCDONALDS,17.86,Restaurants,False,False,none
user_7,2024-01-06 00:00:00,UBER EATS,7.23,Restaurants,False,False,none
user_7,2024-01-08 00:00:00,EDF ELECTRICITE,95.49,Utilities,True,False,none
user_7,2024-01-08 00:00:00,LECLERC BONNIN,44.95,Groceries,False,False,none
user_7,2024-01-08 00:00:00,AUCHAN VINCENT-SUR-LACOMBE,68.91,Groceries,False,False,none
user_7,2024-01-08 00:00:00,PARKING INDIGO 03,11.43,Transport,False,False,none
user_7,2024-01-09 00:00:00,FRANPRIX,67.41,Groceries,False,False,none
user_7,2024-01-09 00:00:00,ESSO STATION,48.37,Transport,False,False,none
user_7,2024-01-09 00:00:00,DECATHLON SAINT CLAUDINE-SUR-MER,31.5,Leisure,False,False,none
user_7,2024-01-11 00:00:00,AUCHAN 05,35.49,Groceries,False,False,none
user_7,2024-01-11 00:00:00,CASINO SUPERMARCHE KLEIN-LES-BAINS,54.12,Groceries,False,False,none
user_7,2024-01-11 00:00:00,INTERMARCHE GUYON,23.83,Groceries,False,False,none
user_7,2024-01-12 00:00:00,ORANGE MOBILE,37.67,Utilities,True,False,none
user_7,2024-01-12 00:00:00,INTERMARCHE LÉVÊQUENEC,14.79,Groceries,False,False,none
user_7,2024-01-12 00:00:00,PARKING INDIGO,25.71,Transport,False,False,none
user_7,2024-01-13 00:00:00,AUCHAN,55.59,Groceries,False,False,none
user_7,2024-01-13 00:00:00,BOULANGERIE PAUL DELAHAYEBOEUF,18.21,Restaurants,False,False,none
user_7,2024-01-15 00:00:00,ASSURANCE MAAF,39.02,Insurance,True,False,none
user_7,2024-01-15 00:00:00,TOTAL ENERGIES,24.2,Transport,False,False,none
user_7,2024-01-16 00:00:00,CB SUSHI SHOP,36.7,Restaurants,False,False,none
user_7,2024-01-17 00:00:00,LECLERC 17,16.83,Groceries,False,False,none
user_7,2024-01-17 00:00:00,UBER,35.55,Transport,False,False,none
user_7,2024-01-18 00:00:00,ESSO STATION,16.13,Transport,False,False,none
user_7,2024-01-19 00:00:00,KFC CAMUS-LA-FORÊT,23.05,Restaurants,False,False,none
user_7,2024-01-20 00:00:00,INTERMARCHE 06,21.94,Groceries,False,False,none
user_7,2024-01-22 00:00:00,STARBUCKS 02,20.61,Restaurants,False,False,none
user_7,2024-01-22 00:00:00,DENTISTE,0.99,Health,False,False,none
user_7,2024-01-24 00:00:00,AUCHAN,26.99,Groceries,False,False,none
user_7,2024-01-27 00:00:00,FRANPRIX,47.86,Groceries,False,False,none
user_7,2024-01-27 00:00:00,FRANPRIX COLINVILLE,46.78,Groceries,False,False,none
user_7,2024-01-28 00:00:00,LECLERC 19,55.2,Groceries,False,False,none
user_7,2024-01-28 00:00:00,BLABLACAR,0.99,Transport,False,False,none
user_7,2024-01-28 00:00:00,LABORATOIRE BIO,15.15,Health,False,False,none
user_7,2024-02-01 00:00:00,VELIB,11.92,Transport,False,False,none
user_7,2024-02-03 00:00:00,LOYER APPARTEMENT,764.83,Housing,True,False,none
user_7,2024-02-04 00:00:00,LIDL LECLERC-SUR-GUIBERT,48.38,Groceries,False,False,none
user_7,2024-02-04 00:00:00,CARREFOUR BOUCHERVILLE,88.82,Groceries,False,False,none
user_7,2024-02-04 00:00:00,CB DELIVEROO,36.7,Restaurants,False,False,none
user_7,2024-02-04 00:00:00,AMAZON PRIME,35.76,Leisure,False,False,none
user_7,2024-02-05 00:00:00,ABONNEMENT SALLE SPORT,29.34,Leisure,True,False,none
user_7,2024-02-05 00:00:00,MONOPRIX SAINTE AIMÉE-LES-BAINS,47.89,Groceries,False,False,none
user_7,2024-02-05 00:00:00,APPLE STORE,74.94,Shopping,False,False,none
user_7,2024-02-06 00:00:00,CB AMAZON PRIME,19.85,Leisure,False,False,none
user_7,2024-02-07 00:00:00,INTERMARCHE BOUVIERBOURG,39.94,Groceries,False,False,none
user_7,2024-02-07 00:00:00,STEAM GAMES,0.99,Leisure,False,False,none
user_7,2024-02-08 00:00:00,EDF ELECTRICITE,98.58,Utilities,True,False,none
user_7,2024-02-09 00:00:00,INTERMARCHE,21.9,Groceries,False,False,none
user_7,2024-02-11 00:00:00,FRANPRIX TANGUY-SUR-DELANNOY,68.5,Groceries,False,False,none
user_7,2024-02-11 00:00:00,MUTUELLE BRIAND-SUR-SANCHEZ,63.51,Health,False,False,none
user_7,2024-02-12 00:00:00,ORANGE MOBILE,37.21,Utilities,True,False,none
user_7,2024-02-12 00:00:00,LABORATOIRE BIO LOPES,33.21,Health,False,False,none
user_7,2024-02-15 00:00:00,ASSURANCE MAAF,39.89,Insurance,True,False,none
user_7,2024-02-15 00:00:00,IKEA,41.1,Shopping,False,False,none
user_7,2024-02-16 00:00:00,CASINO SUPERMARCHE,28.96,Groceries,False,False,none
user_7,2024-02-16 00:00:00,UBER EATS SAINTE MARGAUX,42.35,Restaurants,False,False,none
user_7,2024-02-16 00:00:00,TOTAL ENERGIES 18,43.39,Transport,False,False,none
user_7,2024-02-17 00:00:00,LIDL,63.61,Groceries,False,False,none
user_7,2024-02-17 00:00:00,STARBUCKS 01,1.24,Restaurants,False,False,none
user_7,2024-02-17 00:00:00,CB ESSO STATION,0.99,Transport,False,False,none
user_7,2024-02-18 00:00:00,STEAM GAMES SAINT GUY,1.24,Leisure,False,False,none
user_7,2024-02-19 00:00:00,AUCHAN SAINT JOSÉPHINE-LES-BAINS,16.11,Groceries,False,False,none
user_7,2024-02-19 00:00:00,DELIVEROO LEMONNIERBOEUF,0.99,Restaurants,False,False,none
user_7,2024-02-19 00:00:00,CB OPTIC 2000,0.99,Health,False,False,none
user_7,2024-02-20 00:00:00,SHEIN 09,93.71,Shopping,False,False,none
user_7,2024-02-20 00:00:00,IKEA,115.38,Shopping,False,False,none
user_7,2024-02-22 00:00:00,INTERMARCHE REGNIERDAN,19.68,Groceries,False,False,none
user_7,2024-02-22 00:00:00,PHARMACIE LUCAS,27.06,Health,False,False,none
user_7,2024-02-22 00:00:00,OPTIC 2000,15.22,Health,False,False,none
user_7,2024-02-22 00:00:00,SEPHORA ALEXANDRE,0.99,Shopping,False,False,none
user_7,2024-02-22 00:00:00,ZARA GUÉRIN,82.89,Shopping,False,False,none
user_7,2024-02-28 00:00:00,CASINO SUPERMARCHE GONZALEZNEC,34.97,Groceries,False,False,none
user_7,2024-02-28 00:00:00,LECLERC,52.29,Groceries,False,False,none
user_7,2024-03-01 00:00:00,FRANPRIX 17,45.14,Groceries,False,False,none
user_7,2024-03-01 00:00:00,CB DECATHLON,38.33,Leisure,False,False,none
user_7,2024-03-02 00:00:00,ESSO STATION,61.92,Transport,False,False,none
user_7,2024-03-03 00:00:00,LOYER APPARTEMENT,772.28,Housing,True,False,none
user_7,2024-03-03 00:00:00,CB NETFLIX.COM,80.73,Leisure,False,False,none
user_7,2024-03-04 00:00:00,DELIVEROO LOUISNEC,17.17,Restaurants,False,False,none
user_7,2024-03-04 00:00:00,STEAM GAMES,0.99,Leisure,False,False,none
user_7,2024-03-04 00:00:00,SEPHORA 19,98.01,Shopping,False,False,none
user_7,2024-03-05 00:00:00,ABONNEMENT SALLE SPORT,29.81,Leisure,True,False,none
user_7,2024-03-07 00:00:00,AUCHAN DENIS,67.62,Groceries,False,False,none
user_7,2024-03-07 00:00:00,UBER EATS,21.35,Restaurants,False,False,none
user_7,2024-03-07 00:00:00,SNCF INTERNET,37.75,Transport,False,False,none
user_7,2024-03-08 00:00:00,EDF ELECTRICITE,63.75,Utilities,True,False,none
user_7,2024-03-08 00:00:00,MCDONALDS,18.47,Restaurants,False,False,none
user_7,2024-03-09 00:00:00,FRANPRIX DELANNOY,74.4,Groceries,False,False,none
user_7,2024-03-09 00:00:00,INTERMARCHE GILLETVILLE,49.77,Groceries,False,False,none
user_7,2024-03-09 00:00:00,CB LIDL,15.28,Groceries,False,False,none
user_7,2024-03-09 00:00:00,UBER EATS 11,29.52,Restaurants,False,False,none
user_7,2024-03-09 00:00:00,IKEA SAINT MARGAUX,214.98,Shopping,False,False,none
user_7,2024-03-10 00:00:00,DECATHLON,21.92,Leisure,False,False,none
user_7,2024-03-10 00:00:00,CB MUTUELLE,82.4,Health,False,False,none
user_7,2024-03-11 00:00:00,DENTISTE,73.47,Health,False,False,none
user_7,2024-03-12 00:00:00,ORANGE MOBILE,24.75,Utilities,True,False,none
user_7,2024-03-12 00:00:00,SNCF INTERNET PETITJEAN-LA-FORÊT,7.42,Transport,False,False,none
user_7,2024-03-15 00:00:00,ASSURANCE MAAF,39.65,Insurance,True,False,none
user_7,2024-03-15 00:00:00,AMAZON.FR,31.59,Shopping,False,False,none
user_7,2024-03-18 00:00:00,UBER EATS PARIS,39.54,Restaurants,False,False,none
user_7,2024-03-19 00:00:00,DELIVEROO,19.4,Restaurants,False,False,none
user_7,2024-03-19 00:00:00,AMAZON PRIME BONNIN,31.38,Leisure,False,False,none
user_7,2024-03-21 00:00:00,CASINO SUPERMARCHE,87.69,Groceries,False,False,none
user_7,2024-03-21 00:00:00,FNAC 12,28.74,Leisure,False,False,none
user_7,2024-03-23 00:00:00,AMAZON PRIME,62.69,Leisure,False,False,none
user_7,2024-03-23 00:00:00,DECATHLON SAINT TIMOTHÉE,54.6,Leisure,False,False,none
user_7,2024-03-25 00:00:00,MONOPRIX,89.23,Groceries,False,False,none
user_7,2024-03-26 00:00:00,CASINO SUPERMARCHE 05,48.78,Groceries,False,False,none
user_7,2024-03-26 00:00:00,LE BISTROT 11,13.82,Restaurants,False,False,none
user_7,2024-03-26 00:00:00,NETFLIX.COM RAYNAUD,20.76,Leisure,False,False,none
user_7,2024-03-26 00:00:00,STEAM GAMES,37.8,Leisure,False,False,none
user_7,2024-04-01 00:00:00,PHARMACIE SAINTE VIRGINIE-LES-BAINS,59.01,Health,False,False,none
user_7,2024-04-02 00:00:00,STEAM GAMES,49.1,Leisure,False,False,none
user_7,2024-04-03 00:00:00,LOYER APPARTEMENT,773.11,Housing,True,False,none
user_7,2024-04-03 00:00:00,MONOPRIX 15,32.93,Groceries,False,False,none
user_7,2024-04-05 00:00:00,ABONNEMENT SALLE SPORT,29.38,Leisure,True,False,none
user_7,2024-04-06 00:00:00,CB AMAZON PRIME,80.19,Leisure,False,False,none
user_7,2024-04-07 00:00:00,UBER EATS SAINTE ANOUKBOEUF,28.03,Restaurants,False,False,none
user_7,2024-04-08 00:00:00,EDF ELECTRICITE,65.4,Utilities,True,False,none
user_7,2024-04-11 00:00:00,LECLERC DUHAMEL-LA-FORÊT,47.56,Groceries,False,False,none
user_7,2024-04-12 00:00:00,ORANGE MOBILE,24.77,Utilities,True,False,none
user_7,2024-04-12 00:00:00,AUCHAN,50.39,Groceries,False,False,none
user_7,2024-04-12 00:00:00,KFC DIJOUX-SUR-MER,36.66,Restaurants,False,False,none
user_7,2024-04-14 00:00:00,LE BISTROT,59.21,Restaurants,False,False,none
user_7,2024-04-14 00:00:00,DECATHLON,60.83,Leisure,False,False,none
user_7,2024-04-15 00:00:00,ASSURANCE MAAF,39.63,Insurance,True,False,none
user_7,2024-04-16 00:00:00,CB KFC,20.77,Restaurants,False,False,none
user_7,2024-04-16 00:00:00,STARBUCKS SAINT NOÉMI,20.34,Restaurants,False,False,none
user_7,2024-04-16 00:00:00,UBER SAINTE MARTINE,9.53,Transport,False,False,none
user_7,2024-04-16 00:00:00,DECATHLON,23.72,Leisure,False,False,none
user_7,2024-04-17 00:00:00,DECATHLON POTTIERVILLE,51.85,Leisure,False,False,none
user_7,2024-04-17 00:00:00,AMAZON PRIME,32.14,Leisure,False,False,none
user_7,2024-04-19 00:00:00,CASINO SUPERMARCHE,51.85,Groceries,False,False,none
user_7,2024-04-19 00:00:00,DELIVEROO MORIN,1.91,Restaurants,False,False,none
user_7,2024-04-22 00:00:00,SNCF INTERNET 20,57.97,Transport,False,False,none
user_7,2024-04-22 00:00:00,CB DECATHLON,0.99,Leisure,False,False,none
user_7,2024-04-23 00:00:00,CASINO SUPERMARCHE NEVEU,12.2,Groceries,False,False,none
user_7,2024-04-23 00:00:00,LE BISTROT,14.69,Restaurants,False,False,none
user_7,2024-04-25 00:00:00,LE BISTROT,9.13,Restaurants,False,False,none
user_7,2024-04-25 00:00:00,CB SEPHORA,108.45,Shopping,False,False,none
user_7,2024-04-27 00:00:00,MONOPRIX BIGOT,35.47,Groceries,False,False,none
user_7,2024-04-27 00:00:00,MCDONALDS DUBOISNEC,33.41,Restaurants,False,False,none
user_7,2024-04-27 00:00:00,PARKING INDIGO BUISSONBOURG,31.01,Transport,False,False,none
user_7,2024-04-28 00:00:00,LE BISTROT,51.11,Restaurants,False,False,none
user_7,2024-05-01 00:00:00,SUSHI SHOP,47.63,Restaurants,False,False,none
user_7,2024-05-01 00:00:00,OPTIC 2000 CHARRIERNEC,54.76,Health,False,False,none
user_7,2024-05-02 00:00:00,UBER EATS,44.46,Restaurants,False,False,none
user_7,2024-05-02 00:00:00,ZARA GALLET-SUR-PETIT,110.44,Shopping,False,False,none
user_7,2024-05-03 00:00:00,LOYER APPARTEMENT,787.14,Housing,True,False,none
user_7,2024-05-03 00:00:00,MONOPRIX CARLIER-SUR-CARPENTIER,41.23,Groceries,False,False,none
user_7,2024-05-03 00:00:00,TOTAL ENERGIES DESCAMPSDAN,36.93,Transport,False,False,none
user_7,2024-05-03 00:00:00,LABORATOIRE BIO SAINT GILBERT-LES-BAINS,31.17,Health,False,False,none
user_7,2024-05-04 00:00:00,CINEMA UGC,69.23,Leisure,False,False,none
user_7,2024-05-05 00:00:00,ABONNEMENT SALLE SPORT,30.36,Leisure,True,False,none
user_7,2024-05-05 00:00:00,KFC,48.16,Restaurants,False,False,none
user_7,2024-05-05 00:00:00,VELIB,11.56,Transport,False,False,none
user_7,2024-05-07 00:00:00,AUCHAN,44.29,Groceries,False,False,none
user_7,2024-05-07 00:00:00,LECLERC COUSIN-LA-FORÊT,31.15,Groceries,False,False,none
user_7,2024-05-07 00:00:00,MCDONALDS 01,51.5,Restaurants,False,False,none
user_7,2024-05-07 00:00:00,BLABLACAR 16,28.34,Transport,False,False,none
user_7,2024-05-07 00:00:00,RATP NAVIGO LETELLIER,0.99,Transport,False,False,none
user_7,2024-05-07 00:00:00,NETFLIX.COM,68.51,Leisure,False,False,none
user_7,2024-05-08 00:00:00,EDF ELECTRICITE,65.29,Utilities,True,False,none
user_7,2024-05-08 00:00:00,AUCHAN,37.46,Groceries,False,False,none
user_7,2024-05-08 00:00:00,SUSHI SHOP SAINTE VINCENT,41.07,Restaurants,False,False,none
user_7,2024-05-08 00:00:00,ESSO STATION 12,75.59,Transport,False,False,none
user_7,2024-05-09 00:00:00,CB CASINO SUPERMARCHE,72.1,Groceries,False,False,none
user_7,2024-05-09 00:00:00,STARBUCKS SAINT ADÈLE-LES-BAINS,8.28,Restaurants,False,False,none
user_7,2024-05-09 00:00:00,AMAZON.FR 10,0.99,Shopping,False,False,none
user_7,2024-05-10 00:00:00,ESSO STATION JEAN,0.99,Transport,False,False,none
user_7,2024-05-11 00:00:00,AUCHAN,35.59,Groceries,False,False,none
user_7,2024-05-11 00:00:00,SPOTIFY,64.19,Leisure,False,False,none
user_7,2024-05-11 00:00:00,CULTURA,36.89,Leisure,False,False,none
user_7,2024-05-11 00:00:00,OPTIC 2000,46.12,Health,False,False,none
user_7,2024-05-12 00:00:00,ORANGE MOBILE,25.22,Utilities,True,False,none
user_7,2024-05-12 00:00:00,BOULANGERIE PAUL PHILIPPEBOURG,18.4,Restaurants,False,False,none
user_7,2024-05-12 00:00:00,DECATHLON DIASDAN,37.09,Leisure,False,False,none
user_7,2024-05-13 00:00:00,CASINO SUPERMARCHE,14.63,Groceries,False,False,none
user_7,2024-05-14 00:00:00,FRANPRIX,24.0,Groceries,False,False,none
user_7,2024-05-14 00:00:00,CULTURA BERNIERBOEUF,16.18,Leisure,False,False,none
user_7,2024-05-15 00:00:00,ASSURANCE MAAF,40.25,Insurance,True,False,none
user_7,2024-05-15 00:00:00,BLABLACAR VIDAL-LA-FORÊT,29.19,Transport,False,False,none
user_7,2024-05-15 00:00:00,LABORATOIRE BIO SAINT BERNARD,21.26,Health,False,False,none
user_7,2024-05-16 00:00:00,CASINO SUPERMARCHE,57.88,Groceries,False,False,none
user_7,2024-05-16 00:00:00,CINEMA UGC,0.99,Leisure,False,False,none
user_7,2024-05-17 00:00:00,LIDL SAINTE MARGARET-SUR-MER,44.96,Groceries,False,False,none
user_7,2024-05-18 00:00:00,DELIVEROO,20.65,Restaurants,False,False,none
user_7,2024-05-19 00:00:00,PARKING INDIGO,17.39,Transport,False,False,none
user_7,2024-05-21 00:00:00,ESSO STATION 12,62.83,Transport,False,False,none
user_7,2024-05-23 00:00:00,FNAC FOURNIER,42.67,Leisure,False,False,none
user_7,2024-05-25 00:00:00,LECLERC,41.12,Groceries,False,False,none
user_7,2024-05-26 00:00:00,CB KFC,29.05,Restaurants,False,False,none
user_7,2024-05-27 00:00:00,LIDL 13,30.04,Groceries,False,False,none
user_7,2024-05-28 00:00:00,LE BISTROT,36.02,Restaurants,False,False,none
user_7,2024-05-28 00:00:00,STEAM GAMES VOISIN,27.32,Leisure,False,False,none
user_7,2024-05-28 00:00:00,ZALANDO SAINTE PAUL-LES-BAINS,64.1,Shopping,False,False,none
user_7,2024-06-03 00:00:00,LOYER APPARTEMENT,770.88,Housing,True,False,none
user_7,2024-06-04 00:00:00,UBER SAINTE ANOUK,17.71,Transport,False,False,none
user_7,2024-06-05 00:00:00,ABONNEMENT SALLE SPORT,29.83,Leisure,True,False,none
user_7,2024-06-05 00:00:00,AUCHAN PHILIPPEDAN,82.76,Groceries,False,False,none
user_7,2024-06-05 00:00:00,TOTAL ENERGIES MARCHAL,0.99,Transport,False,False,none
user_7,2024-06-05 00:00:00,APPLE STORE 10,71.26,Shopping,False,False,none
user_7,2024-06-07 00:00:00,H&M,82.08,Shopping,False,False,none
user_7,2024-06-08 00:00:00,EDF ELECTRICITE,65.31,Utilities,True,False,none
user_7,2024-06-08 00:00:00,LECLERC BONNIN,64.36,Groceries,False,False,none
user_7,2024-06-08 00:00:00,CB LE BISTROT,17.11,Restaurants,False,False,none
user_7,2024-06-08 00:00:00,APPLE STORE 12,96.06,Shopping,False,False,none
user_7,2024-06-09 00:00:00,PARKING INDIGO,1.58,Transport,False,False,none
user_7,2024-06-09 00:00:00,CINEMA UGC SAINT MARGAUD,26.93,Leisure,False,False,none
user_7,2024-06-10 00:00:00,STARBUCKS LOMBARD-SUR-COUTURIER,32.74,Restaurants,False,False,none
user_7,2024-06-12 00:00:00,ORANGE MOBILE,24.59,Utilities,True,False,none
user_7,2024-06-12 00:00:00,ESSO STATION 20,24.82,Transport,False,False,none
user_7,2024-06-12 00:00:00,BLABLACAR,14.2,Transport,False,False,none
user_7,2024-06-13 00:00:00,NETFLIX.COM GUYOTBOURG,0.99,Leisure,False,False,none
user_7,2024-06-13 00:00:00,SEPHORA SAINT VINCENT,72.39,Shopping,False,False,none
user_7,2024-06-14 00:00:00,CASINO SUPERMARCHE,54.49,Groceries,False,False,none
user_7,2024-06-15 00:00:00,ASSURANCE MAAF,40.4,Insurance,True,False,none
user_7,2024-06-15 00:00:00,LECLERC GOSSELIN,64.98,Groceries,False,False,none
user_7,2024-06-15 00:00:00,BLABLACAR MENDÈS,8.5,Transport,False,False,none
user_7,2024-06-16 00:00:00,UBER,57.52,Transport,False,False,none
user_7,2024-06-17 00:00:00,CB BLABLACAR,63.15,Transport,False,False,none
user_7,2024-06-17 00:00:00,VELIB,9.68,Transport,False,False,none
user_7,2024-06-18 00:00:00,UBER 11,5.93,Transport,False,False,none
user_7,2024-06-21 00:00:00,DECATHLON,61.4,Leisure,False,False,none
user_7,2024-06-21 00:00:00,DECATHLON 09,5.68,Leisure,False,False,none
user_7,2024-06-22 00:00:00,CB BLABLACAR,43.95,Transport,False,False,none
user_7,2024-06-23 00:00:00,FNAC,56.74,Leisure,False,False,none
user_7,2024-06-24 00:00:00,CASINO SUPERMARCHE,32.26,Groceries,False,False,none
user_7,2024-06-24 00:00:00,STARBUCKS,21.77,Restaurants,False,False,none
user_7,2024-06-24 00:00:00,DELIVEROO SAINT ANDRÉEVILLE,1.19,Restaurants,False,False,none
user_7,2024-06-26 00:00:00,LE BISTROT,21.12,Restaurants,False,False,none
user_7,2024-06-27 00:00:00,BLABLACAR RODRIGUES,12.56,Transport,False,False,none
user_7,2024-06-27 00:00:00,TOTAL ENERGIES VOISINVILLE,39.83,Transport,False,False,none
user_7,2024-07-02 00:00:00,AUCHAN SAMSON-SUR-MER,16.29,Groceries,False,False,none
user_7,2024-07-02 00:00:00,CULTURA COLLET,25.72,Leisure,False,False,none
user_7,2024-07-03 00:00:00,LOYER APPARTEMENT,777.62,Housing,True,False,none
user_7,2024-07-03 00:00:00,STARBUCKS MERCIERDAN,50.53,Restaurants,False,False,none
user_7,2024-07-04 00:00:00,CARREFOUR,12.23,Groceries,False,False,none
user_7,2024-07-04 00:00:00,CB STEAM GAMES,12.59,Leisure,False,False,none
user_7,2024-07-05 00:00:00,ABONNEMENT SALLE SPORT,30.06,Leisure,True,False,none
user_7,2024-07-05 00:00:00,FNAC,71.78,Leisure,False,False,none
user_7,2024-07-06 00:00:00,FNAC SAINTE CONSTANCE,31.8,Leisure,False,False,none
user_7,2024-07-07 00:00:00,LECLERC LACROIX,37.06,Groceries,False,False,none
user_7,2024-07-08 00:00:00,EDF ELECTRICITE,64.65,Utilities,True,False,none
user_7,2024-07-08 00:00:00,LECLERC MAURICEBOEUF,56.2,Groceries,False,False,none
user_7,2024-07-08 00:00:00,LIDL,31.07,Groceries,False,False,none
user_7,2024-07-08 00:00:00,MCDONALDS,17.91,Restaurants,False,False,none
user_7,2024-07-08 00:00:00,ESSO STATION GRENIER,69.59,Transport,False,False,none
user_7,2024-07-08 00:00:00,CB DECATHLON,17.56,Leisure,False,False,none
user_7,2024-07-11 00:00:00,AUCHAN,72.82,Groceries,False,False,none
user_7,2024-07-11 00:00:00,LECLERC,64.32,Groceries,False,False,none
user_7,2024-07-11 00:00:00,NETFLIX.COM SAINT HENRIETTE,3.18,Leisure,False,False,none
user_7,2024-07-12 00:00:00,ORANGE MOBILE,25.24,Utilities,True,False,none
user_7,2024-07-14 00:00:00,CINEMA UGC,1.24,Leisure,False,False,none
user_7,2024-07-15 00:00:00,ASSURANCE MAAF,40.32,Insurance,True,False,none
user_7,2024-07-16 00:00:00,CASINO SUPERMARCHE OLIVIER,32.43,Groceries,False,False,none
user_7,2024-07-17 00:00:00,BOULANGERIE PAUL,47.03,Restaurants,False,False,none
user_7,2024-07-18 00:00:00,MONOPRIX SAINT LOUISEBOURG,54.86,Groceries,False,False,none
user_7,2024-07-20 00:00:00,CB DELIVEROO,1.49,Restaurants,False,False,none
user_7,2024-07-20 00:00:00,SUSHI SHOP PONS,36.24,Restaurants,False,False,none
user_7,2024-07-20 00:00:00,AMAZON PRIME JACOBNEC,31.33,Leisure,False,False,none
user_7,2024-07-21 00:00:00,VELIB,8.94,Transport,False,False,none
user_7,2024-07-21 00:00:00,SNCF INTERNET,11.68,Transport,False,False,none
user_7,2024-07-22 00:00:00,CB CARREFOUR,66.43,Groceries,False,False,none
user_7,2024-07-22 00:00:00,AMAZON PRIME SAINT STÉPHANE,28.01,Leisure,False,False,none
user_7,2024-07-23 00:00:00,CASINO SUPERMARCHE 09,63.19,Groceries,False,False,none
user_7,2024-07-23 00:00:00,TOTAL ENERGIES 17,9.02,Transport,False,False,none
user_7,2024-07-23 00:00:00,DOCTOLIB LOPES,58.71,Health,False,False,none
user_7,2024-07-23 00:00:00,LABORATOIRE BIO,89.14,Health,False,False,none
user_7,2024-07-24 00:00:00,CB LECLERC,21.89,Groceries,False,False,none
user_7,2024-07-25 00:00:00,FRANPRIX,48.75,Groceries,False,False,none
user_7,2024-07-25 00:00:00,LECLERC OLIVIER,0.99,Groceries,False,False,none
user_7,2024-07-27 00:00:00,CINEMA UGC COSTABOURG,72.68,Leisure,False,False,none
user_7,2024-07-28 00:00:00,CB CARREFOUR,48.1,Groceries,False,False,none
user_7,2024-07-28 00:00:00,AMAZON PRIME BONNET-SUR-LEMONNIER,77.14,Leisure,False,False,none
user_7,2024-07-28 00:00:00,SPOTIFY 09,55.91,Leisure,False,False,none
user_7,2024-08-01 00:00:00,NETFLIX.COM,34.56,Leisure,False,False,none
user_7,2024-08-03 00:00:00,LOYER APPARTEMENT,764.61,Housing,True,False,none
user_7,2024-08-03 00:00:00,BOULANGERIE PAUL,38.11,Restaurants,False,False,none
user_7,2024-08-04 00:00:00,MONOPRIX AUBRY-LES-BAINS,36.47,Groceries,False,False,none
user_7,2024-08-04 00:00:00,INTERMARCHE,54.19,Groceries,False,False,none
user_7,2024-08-05 00:00:00,ABONNEMENT SALLE SPORT,29.3,Leisure,True,False,none
user_7,2024-08-06 00:00:00,INTERMARCHE SAINT MANONBOEUF,52.6,Groceries,False,False,none
user_7,2024-08-06 00:00:00,CULTURA SAINT GILLES,7.1,Leisure,False,False,none
user_7,2024-08-08 00:00:00,EDF ELECTRICITE,65.35,Utilities,True,False,none
user_7,2024-08-08 00:00:00,RATP NAVIGO 15,58.41,Transport,False,False,none
user_7,2024-08-10 00:00:00,CB LE BISTROT,40.1,Restaurants,False,False,none
user_7,2024-08-11 00:00:00,SUSHI SHOP,30.49,Restaurants,False,False,none
user_7,2024-08-12 00:00:00,ORANGE MOBILE,24.81,Utilities,True,False,none
user_7,2024-08-12 00:00:00,AUCHAN,57.32,Groceries,False,False,none
user_7,2024-08-13 00:00:00,LIDL SAINT VALENTINE,91.71,Groceries,False,False,none
user_7,2024-08-14 00:00:00,APPLE STORE THIERRYDAN,55.36,Shopping,False,False,none
user_7,2024-08-15 00:00:00,ASSURANCE MAAF,40.44,Insurance,True,False,none
user_7,2024-08-15 00:00:00,KFC MARTINS,26.53,Restaurants,False,False,none
user_7,2024-08-15 00:00:00,BOULANGERIE PAUL CHAUVEAU,26.25,Restaurants,False,False,none
user_7,2024-08-17 00:00:00,BOULANGERIE PAUL,24.0,Restaurants,False,False,none
user_7,2024-08-17 00:00:00,BLABLACAR,44.45,Transport,False,False,none
user_7,2024-08-19 00:00:00,BLABLACAR,23.09,Transport,False,False,none
user_7,2024-08-19 00:00:00,BLABLACAR CARLIER,1.39,Transport,False,False,none
user_7,2024-08-19 00:00:00,CINEMA UGC 01,15.05,Leisure,False,False,none
user_7,2024-08-20 00:00:00,TOTAL ENERGIES LEFEBVRE,32.79,Transport,False,False,none
user_7,2024-08-20 00:00:00,CINEMA UGC SAINTE GUYVILLE,7.25,Leisure,False,False,none
user_7,2024-08-22 00:00:00,LECLERC,50.29,Groceries,False,False,none
user_7,2024-08-22 00:00:00,CASINO SUPERMARCHE 20,49.82,Groceries,False,False,none
user_7,2024-08-22 00:00:00,BLABLACAR 16,1.39,Transport,False,False,none
user_7,2024-08-22 00:00:00,ESSO STATION ROCHE,24.51,Transport,False,False,none
user_7,2024-08-22 00:00:00,RATP NAVIGO GUÉRIN,5.65,Transport,False,False,none
user_7,2024-08-23 00:00:00,DECATHLON,73.16,Leisure,False,False,none
user_7,2024-08-24 00:00:00,CARREFOUR SAINT MICHELLE,24.11,Groceries,False,False,none
user_7,2024-08-24 00:00:00,PARKING INDIGO,98.64,Transport,False,False,none
user_7,2024-08-25 00:00:00,CARREFOUR 09,39.86,Groceries,False,False,none
user_7,2024-08-25 00:00:00,CB MCDONALDS,48.72,Restaurants,False,False,none
user_7,2024-08-27 00:00:00,UBER EATS,42.24,Restaurants,False,False,none
user_7,2024-08-27 00:00:00,ESSO STATION,60.55,Transport,False,False,none
user_7,2024-08-27 00:00:00,H&M SAINTE DOMINIQUEBOURG,78.52,Shopping,False,False,none
user_7,2024-08-28 00:00:00,INTERMARCHE SAINT VALENTINE,52.01,Groceries,False,False,none
user_7,2024-08-28 00:00:00,AUCHAN,42.28,Groceries,False,False,none
user_7,2024-08-28 00:00:00,MONOPRIX 09,37.02,Groceries,False,False,none
user_7,2024-08-28 00:00:00,SNCF INTERNET JACQUES,33.97,Transport,False,False,none
user_7,2024-08-28 00:00:00,CB UBER,58.55,Transport,False,False,none
user_7,2024-08-28 00:00:00,NETFLIX.COM DOS SANTOSVILLE,0.99,Leisure,False,False,none
user_7,2024-08-28 00:00:00,SPOTIFY,0.99,Leisure,False,False,none
user_7,2024-09-01 00:00:00,FRANPRIX SAINT ÉMILIE,52.44,Groceries,False,False,none
user_7,2024-09-01 00:00:00,CASINO SUPERMARCHE LEGROS-LES-BAINS,49.49,Groceries,False,False,none
user_7,2024-09-01 00:00:00,TOTAL ENERGIES,23.77,Transport,False,False,none
user_7,2024-09-03 00:00:00,LOYER APPARTEMENT,760.47,Housing,True,False,none
user_7,2024-09-03 00:00:00,CULTURA RODRIGUEZ,28.54,Leisure,False,False,none
user_7,2024-09-04 00:00:00,MONOPRIX,34.33,Groceries,False,False,none
user_7,2024-09-04 00:00:00,LE BISTROT,12.53,Restaurants,False,False,none
user_7,2024-09-04 00:00:00,SPOTIFY,4.47,Leisure,False,False,none
user_7,2024-09-05 00:00:00,ABONNEMENT SALLE SPORT,29.64,Leisure,True,False,none
user_7,2024-09-05 00:00:00,ESSO STATION SAINT RENÉE,24.4,Transport,False,False,none
user_7,2024-09-07 00:00:00,PARKING INDIGO SAINTE COLETTEBOEUF,0.99,Transport,False,False,none
user_7,2024-09-07 00:00:00,SNCF INTERNET,8.85,Transport,False,False,none
user_7,2024-09-08 00:00:00,EDF ELECTRICITE,65.26,Utilities,True,False,none
user_7,2024-09-09 00:00:00,MONOPRIX TORRESBOURG,56.44,Groceries,False,False,none
user_7,2024-09-09 00:00:00,SPOTIFY 16,39.13,Leisure,False,False,none
user_7,2024-09-12 00:00:00,ORANGE MOBILE,24.48,Utilities,True,False,none
user_7,2024-09-12 00:00:00,MONOPRIX HAMON,52.68,Groceries,False,False,none
user_7,2024-09-13 00:00:00,PHARMACIE,11.56,Health,False,False,none
user_7,2024-09-13 00:00:00,CB APPLE STORE,43.85,Shopping,False,False,none
user_7,2024-09-14 00:00:00,PARKING INDIGO FERRAND,32.91,Transport,False,False,none
user_7,2024-09-15 00:00:00,ASSURANCE MAAF,40.04,Insurance,True,False,none
user_7,2024-09-15 00:00:00,INTERMARCHE LAURENT,10.05,Groceries,False,False,none
user_7,2024-09-15 00:00:00,UBER EATS 03,35.12,Restaurants,False,False,none
user_7,2024-09-15 00:00:00,TOTAL ENERGIES,36.8,Transport,False,False,none
user_7,2024-09-15 00:00:00,PHARMACIE 18,52.46,Health,False,False,none
user_7,2024-09-16 00:00:00,LIDL CARONBOEUF,52.6,Groceries,False,False,none
user_7,2024-09-17 00:00:00,CB FRANPRIX,15.15,Groceries,False,False,none
user_7,2024-09-17 00:00:00,LE BISTROT,30.01,Restaurants,False,False,none
user_7,2024-09-17 00:00:00,SPOTIFY PETITJEAN-LA-FORÊT,38.93,Leisure,False,False,none
user_7,2024-09-18 00:00:00,NETFLIX.COM COHENDAN,4.93,Leisure,False,False,none
user_7,2024-09-18 00:00:00,CULTURA BENARDBOEUF,24.9,Leisure,False,False,none
user_7,2024-09-19 00:00:00,VELIB,50.63,Transport,False,False,none
user_7,2024-09-20 00:00:00,MUTUELLE 16,54.95,Health,False,False,none
user_7,2024-09-21 00:00:00,STEAM GAMES 11,44.13,Leisure,False,False,none
user_7,2024-09-21 00:00:00,PHARMACIE 19,26.16,Health,False,False,none
user_7,2024-09-22 00:00:00,INTERMARCHE 04,33.09,Groceries,False,False,none
user_7,2024-09-23 00:00:00,DENTISTE,0.99,Health,False,False,none
user_7,2024-09-24 00:00:00,LIDL MEYER-SUR-MER,10.38,Groceries,False,False,none
user_7,2024-09-24 00:00:00,MCDONALDS DANIEL-LES-BAINS,13.6,Restaurants,False,False,none
user_7,2024-09-25 00:00:00,MONOPRIX TECHER,70.64,Groceries,False,False,none
user_7,2024-09-25 00:00:00,UBER,33.77,Transport,False,False,none
user_7,2024-09-25 00:00:00,FNAC,38.12,Leisure,False,False,none
user_7,2024-09-26 00:00:00,FRANPRIX,44.77,Groceries,False,False,none
user_7,2024-09-27 00:00:00,FRANPRIX LEMAIRE,42.79,Groceries,False,False,none
user_7,2024-09-27 00:00:00,CULTURA JACOB,62.57,Leisure,False,False,none
user_7,2024-09-28 00:00:00,VELIB,0.99,Transport,False,False,none
user_7,2024-09-28 00:00:00,CB OPTIC 2000,36.49,Health,False,False,none
user_7,2024-10-01 00:00:00,FRANPRIX,42.24,Groceries,False,False,none
user_7,2024-10-03 00:00:00,LOYER APPARTEMENT,768.47,Housing,True,False,none
user_7,2024-10-03 00:00:00,MONOPRIX,76.44,Groceries,False,False,none
user_7,2024-10-03 00:00:00,CASINO SUPERMARCHE SAINT AGNÈSVILLE,62.1,Groceries,False,False,none
user_7,2024-10-03 00:00:00,BLABLACAR MACEBOEUF,39.78,Transport,False,False,none
user_7,2024-10-04 00:00:00,UBER EATS SAINTE HENRI,23.75,Restaurants,False,False,none
user_7,2024-10-05 00:00:00,ABONNEMENT SALLE SPORT,30.13,Leisure,True,False,none
user_7,2024-10-05 00:00:00,AUCHAN 05,93.08,Groceries,False,False,none
user_7,2024-10-08 00:00:00,EDF ELECTRICITE,64.59,Utilities,True,False,none
user_7,2024-10-08 00:00:00,SUSHI SHOP,44.39,Restaurants,False,False,none
user_7,2024-10-08 00:00:00,FNAC BRIANDDAN,28.03,Leisure,False,False,none
user_7,2024-10-09 00:00:00,AUCHAN,36.28,Groceries,False,False,none
user_7,2024-10-09 00:00:00,FRANPRIX,31.93,Groceries,False,False,none
user_7,2024-10-10 00:00:00,FRANPRIX COURTOIS,38.15,Groceries,False,False,none
user_7,2024-10-10 00:00:00,DELIVEROO,17.35,Restaurants,False,False,none
user_7,2024-10-10 00:00:00,STARBUCKS CHEVALIER,61.72,Restaurants,False,False,none
user_7,2024-10-11 00:00:00,FRANPRIX,70.32,Groceries,False,False,none
user_7,2024-10-11 00:00:00,MCDONALDS 02,4.31,Restaurants,False,False,none
user_7,2024-10-12 00:00:00,ORANGE MOBILE,25.25,Utilities,True,False,none
user_7,2024-10-13 00:00:00,PARKING INDIGO,36.35,Transport,False,False,none
user_7,2024-10-13 00:00:00,BLABLACAR 01,33.23,Transport,False,False,none
user_7,2024-10-14 00:00:00,LECLERC,55.36,Groceries,False,False,none
user_7,2024-10-15 00:00:00,ASSURANCE MAAF,40.51,Insurance,True,False,none
user_7,2024-10-15 00:00:00,UBER EATS,36.61,Restaurants,False,False,none
user_7,2024-10-16 00:00:00,BLABLACAR 05,80.66,Transport,False,False,none
user_7,2024-10-16 00:00:00,CB AMAZON PRIME,0.99,Leisure,False,False,none
user_7,2024-10-17 00:00:00,ESSO STATION,0.99,Transport,False,False,none
user_7,2024-10-18 00:00:00,CARREFOUR ALVES,36.02,Groceries,False,False,none
user_7,2024-10-18 00:00:00,STARBUCKS,29.96,Restaurants,False,False,none
user_7,2024-10-19 00:00:00,CASINO SUPERMARCHE,75.17,Groceries,False,False,none
user_7,2024-10-19 00:00:00,DECATHLON,29.4,Leisure,False,False,none
user_7,2024-10-21 00:00:00,BOULANGERIE PAUL LEFÈVRE,40.81,Restaurants,False,False,none
user_7,2024-10-21 00:00:00,KFC HOAREAU,20.29,Restaurants,False,False,none
user_7,2024-10-24 00:00:00,LECLERC,28.06,Groceries,False,False,none
user_7,2024-10-24 00:00:00,SUSHI SHOP,1.95,Restaurants,False,False,none
user_7,2024-10-24 00:00:00,CINEMA UGC LOPEZ,0.99,Leisure,False,False,none
user_7,2024-10-25 00:00:00,SUSHI SHOP BARBIER-SUR-MARTINEZ,1.96,Restaurants,False,False,none
user_7,2024-10-25 00:00:00,NETFLIX.COM,6.31,Leisure,False,False,none
user_7,2024-10-25 00:00:00,CULTURA GAUDIN,47.27,Leisure,False,False,none
user_7,2024-10-27 00:00:00,LIDL SAINTE FRÉDÉRIQUE,72.37,Groceries,False,False,none
user_7,2024-10-27 00:00:00,APPLE STORE,1.24,Shopping,False,False,none
user_7,2024-10-28 00:00:00,DELIVEROO,37.04,Restaurants,False,False,none
user_7,2024-11-02 00:00:00,LE BISTROT HAMEL,73.4,Restaurants,False,False,none
user_7,2024-11-02 00:00:00,FNAC,30.66,Leisure,False,False,none
user_7,2024-11-03 00:00:00,LOYER APPARTEMENT,765.81,Housing,True,False,none
user_7,2024-11-03 00:00:00,LECLERC,66.84,Groceries,False,False,none
user_7,2024-11-05 00:00:00,ABONNEMENT SALLE SPORT,29.74,Leisure,True,False,none
user_7,2024-11-07 00:00:00,LIDL 13,75.1,Groceries,False,False,none
user_7,2024-11-08 00:00:00,EDF ELECTRICITE,96.67,Utilities,True,False,none
user_7,2024-11-11 00:00:00,SPOTIFY 03,54.03,Leisure,False,False,none
user_7,2024-11-11 00:00:00,AMAZON.FR,18.71,Shopping,False,False,none
user_7,2024-11-12 00:00:00,ORANGE MOBILE,36.79,Utilities,True,False,none
user_7,2024-11-12 00:00:00,INTERMARCHE DUBOIS-SUR-BOULAY,64.7,Groceries,False,False,none
user_7,2024-11-12 00:00:00,MCDONALDS,30.47,Restaurants,False,False,none
user_7,2024-11-12 00:00:00,CB PARKING INDIGO,33.18,Transport,False,False,none
user_7,2024-11-13 00:00:00,CASINO SUPERMARCHE,73.65,Groceries,False,False,none
user_7,2024-11-13 00:00:00,ESSO STATION PAGESBOEUF,26.33,Transport,False,False,none
user_7,2024-11-14 00:00:00,AUCHAN 02,56.72,Groceries,False,False,none
user_7,2024-11-15 00:00:00,ASSURANCE MAAF,39.78,Insurance,True,False,none
user_7,2024-11-15 00:00:00,INTERMARCHE SAINTE JOSETTEBOEUF,43.18,Groceries,False,False,none
user_7,2024-11-16 00:00:00,CASINO SUPERMARCHE SAINTE GILBERT-SUR-MER,58.64,Groceries,False,False,none
user_7,2024-11-16 00:00:00,NETFLIX.COM MARTELVILLE,53.63,Leisure,False,False,none
user_7,2024-11-17 00:00:00,LECLERC 06,30.9,Groceries,False,False,none
user_7,2024-11-17 00:00:00,LIDL GONCALVES,34.76,Groceries,False,False,none
user_7,2024-11-18 00:00:00,PARKING INDIGO,42.68,Transport,False,False,none
user_7,2024-11-20 00:00:00,CASINO SUPERMARCHE 09,38.46,Groceries,False,False,none
user_7,2024-11-20 00:00:00,DOCTOLIB BAZIN,17.56,Health,False,False,none
user_7,2024-11-21 00:00:00,STARBUCKS MORIN,28.27,Restaurants,False,False,none
user_7,2024-11-21 00:00:00,APPLE STORE 05,23.54,Shopping,False,False,none
user_7,2024-11-22 00:00:00,FRANPRIX MARTELBOEUF,34.99,Groceries,False,False,none
user_7,2024-11-22 00:00:00,DELIVEROO DIAZ,20.93,Restaurants,False,False,none
user_7,2024-11-22 00:00:00,UBER CHARRIER-SUR-MER,8.86,Transport,False,False,none
user_7,2024-11-22 00:00:00,UBER TRAOREBOURG,3.34,Transport,False,False,none
user_7,2024-11-23 00:00:00,CB MONOPRIX,67.54,Groceries,False,True,frequency_burst
user_7,2024-11-23 02:00:00,CB MONOPRIX,67.54,Groceries,False,True,frequency_burst
user_7,2024-11-23 03:00:00,CB MONOPRIX,67.54,Groceries,False,True,frequency_burst
user_7,2024-11-23 04:00:00,CB MONOPRIX,67.54,Groceries,False,True,frequency_burst
user_7,2024-11-23 06:00:00,CB MONOPRIX,67.54,Groceries,False,True,frequency_burst
user_7,2024-11-23 07:00:00,CB MONOPRIX,67.54,Groceries,False,True,frequency_burst
user_7,2024-11-23 09:00:00,CB MONOPRIX,67.54,Groceries,False,True,frequency_burst
user_7,2024-11-24 00:00:00,CB APPLE STORE,1804.71,Shopping,False,True,wrong_category
user_7,2024-11-24 00:00:00,VELIB,15.01,Transport,False,False,none
user_7,2024-11-24 00:00:00,IKEA BLONDELBOEUF,1.99,Shopping,False,False,none
user_7,2024-11-25 00:00:00,CB INTERMARCHE,30.76,Groceries,False,False,none
user_7,2024-11-25 00:00:00,LECLERC,52.8,Groceries,False,False,none
user_7,2024-11-25 00:00:00,UBER EATS,0.99,Restaurants,False,False,none
user_7,2024-11-25 00:00:00,SUSHI SHOP SAINT GENEVIÈVEDAN,26.37,Restaurants,False,False,none
user_7,2024-11-25 00:00:00,ZARA,38.72,Shopping,False,False,none
user_7,2024-11-26 00:00:00,AUCHAN JOURDAN,50.97,Groceries,False,False,none
user_7,2024-11-26 00:00:00,CINEMA UGC NORMAND,26.48,Leisure,False,False,none
user_7,2024-11-26 00:00:00,DECATHLON,30.67,Leisure,False,False,none
user_7,2024-11-28 00:00:00,LIDL,42.39,Groceries,False,False,none
user_7,2024-11-28 00:00:00,LIDL,87.98,Groceries,False,False,none
user_7,2024-12-01 00:00:00,SUSHI SHOP,50.7,Restaurants,False,False,none
user_7,2024-12-03 00:00:00,LOYER APPARTEMENT,771.96,Housing,True,False,none
user_7,2024-12-04 00:00:00,ZARA,119.88,Shopping,False,False,none
user_7,2024-12-05 00:00:00,ABONNEMENT SALLE SPORT,29.86,Leisure,True,False,none
user_7,2024-12-05 00:00:00,LECLERC SEGUIN-SUR-SANCHEZ,3.47,Groceries,False,False,none
user_7,2024-12-06 00:00:00,CARREFOUR,17.55,Groceries,False,False,none
user_7,2024-12-08 00:00:00,EDF ELECTRICITE,98.23,Utilities,True,False,none
user_7,2024-12-08 00:00:00,CB APPLE STORE,250.84,Shopping,False,False,none
user_7,2024-12-09 00:00:00,APPLE STORE SAINT NICOLE,54.63,Shopping,False,False,none
user_7,2024-12-10 00:00:00,CARREFOUR,54.61,Groceries,False,False,none
user_7,2024-12-11 00:00:00,LE BISTROT,18.94,Restaurants,False,False,none
user_7,2024-12-11 00:00:00,MCDONALDS 05,33.38,Restaurants,False,False,none
user_7,2024-12-12 00:00:00,ORANGE MOBILE,37.82,Utilities,True,False,none
user_7,2024-12-12 00:00:00,KFC POIRIERDAN,19.64,Restaurants,False,False,none
user_7,2024-12-12 00:00:00,ZALANDO,129.53,Shopping,False,False,none
user_7,2024-12-13 00:00:00,AUCHAN,47.34,Groceries,False,False,none
user_7,2024-12-13 00:00:00,VELIB,0.99,Transport,False,False,none
user_7,2024-12-15 00:00:00,ASSURANCE MAAF,39.72,Insurance,True,False,none
user_7,2024-12-15 00:00:00,LECLERC SAINTE THOMAS-LES-BAINS,29.58,Groceries,False,False,none
user_7,2024-12-16 00:00:00,CASINO SUPERMARCHE FERRAND,66.38,Groceries,False,False,none
user_7,2024-12-17 00:00:00,MUTUELLE 14,65.86,Health,False,False,none
user_7,2024-12-18 00:00:00,CB MONOPRIX,28.16,Groceries,False,False,none
user_7,2024-12-18 00:00:00,LECLERC,42.79,Groceries,False,False,none
user_7,2024-12-18 00:00:00,MCDONALDS,14.27,Restaurants,False,False,none
user_7,2024-12-18 00:00:00,RATP NAVIGO BLANCHET,5.42,Transport,False,False,none
user_7,2024-12-19 00:00:00,BOULANGERIE PAUL 03,29.23,Restaurants,False,False,none
user_7,2024-12-19 00:00:00,CB APPLE STORE,93.73,Shopping,False,False,none
user_7,2024-12-20 00:00:00,INTERMARCHE,72.72,Groceries,False,False,none
user_7,2024-12-20 00:00:00,SPOTIFY,18.14,Leisure,False,False,none
user_7,2024-12-20 00:00:00,NETFLIX.COM,11.16,Leisure,False,False,none
user_7,2024-12-22 00:00:00,ESSO STATION 20,6.87,Transport,False,False,none
user_7,2024-12-22 00:00:00,RATP NAVIGO,36.44,Transport,False,False,none
user_7,2024-12-23 00:00:00,AUCHAN 13,26.81,Groceries,False,False,none
user_7,2024-12-23 00:00:00,INTERMARCHE,47.36,Groceries,False,False,none
user_7,2024-12-23 00:00:00,CB CASINO SUPERMARCHE,43.13,Groceries,False,False,none
user_7,2024-12-24 00:00:00,INTERMARCHE SAINT PAULINE,47.36,Groceries,False,False,none
user_7,2024-12-25 00:00:00,DELIVEROO,33.21,Restaurants,False,False,none
user_7,2024-12-25 00:00:00,BLABLACAR 12,19.16,Transport,False,False,none
user_7,2024-12-26 00:00:00,LE BISTROT VERDIER,38.79,Restaurants,False,False,none
user_7,2024-12-28 00:00:00,SUSHI SHOP,14.38,Restaurants,False,False,none
user_7,2025-01-01 00:00:00,AUCHAN LECOQNEC,51.49,Groceries,False,False,none
user_7,2025-01-01 00:00:00,STARBUCKS 09,9.43,Restaurants,False,False,none
user_7,2025-01-02 00:00:00,UBER EATS SIMON,25.73,Restaurants,False,False,none
user_7,2025-01-02 00:00:00,UBER LEBON,70.27,Transport,False,False,none
user_7,2025-01-03 00:00:00,LOYER APPARTEMENT,773.26,Housing,True,False,none
user_7,2025-01-03 00:00:00,TOTAL ENERGIES,32.74,Transport,False,False,none
user_7,2025-01-03 00:00:00,UBER HUMBERT-SUR-MER,39.34,Transport,False,False,none
user_7,2025-01-04 00:00:00,INTERMARCHE VALLÉE-SUR-LECOMTE,45.95,Groceries,False,False,none
user_7,2025-01-04 00:00:00,H&M GARCIA,1.24,Shopping,False,False,none
user_7,2025-01-05 00:00:00,ABONNEMENT SALLE SPORT,30.2,Leisure,True,False,none
user_7,2025-01-06 00:00:00,CARREFOUR SAINTE ALEXANDRIA-LES-BAINS,25.48,Groceries,False,False,none
user_7,2025-01-06 00:00:00,UBER EATS SAINTE CHARLES,36.51,Restaurants,False,False,none
user_7,2025-01-06 00:00:00,CB APPLE STORE,11.45,Shopping,False,False,none
user_7,2025-01-07 00:00:00,CARREFOUR LAROCHEBOURG,16.68,Groceries,False,False,none
user_7,2025-01-07 00:00:00,H&M CHAUVET-SUR-RODRIGUES,133.46,Shopping,False,False,none
user_7,2025-01-08 00:00:00,EDF ELECTRICITE,98.74,Utilities,True,False,none
user_7,2025-01-10 00:00:00,STEAM GAMES SAINT AURÉLIE,49.7,Leisure,False,False,none
user_7,2025-01-12 00:00:00,ORANGE MOBILE,37.03,Utilities,True,False,none
user_7,2025-01-12 00:00:00,MCDONALDS,32.92,Restaurants,False,False,none
user_7,2025-01-12 00:00:00,CB DENTISTE,3.37,Health,False,False,none
user_7,2025-01-13 00:00:00,TOTAL ENERGIES,78.32,Transport,False,False,none
user_7,2025-01-13 00:00:00,OPTIC 2000,25.89,Health,False,False,none
user_7,2025-01-13 00:00:00,DENTISTE 19,56.04,Health,False,False,none
user_7,2025-01-15 00:00:00,ASSURANCE MAAF,39.2,Insurance,True,False,none
user_7,2025-01-15 00:00:00,MCDONALDS 14,19.59,Restaurants,False,False,none
user_7,2025-01-15 00:00:00,AMAZON.FR 01,80.14,Shopping,False,False,none
user_7,2025-01-16 00:00:00,BLABLACAR PEREZ,35.25,Transport,False,False,none
user_7,2025-01-16 00:00:00,SHEIN CARONDAN,9.12,Shopping,False,False,none
user_7,2025-01-17 00:00:00,CARREFOUR,81.85,Groceries,False,False,none
user_7,2025-01-18 00:00:00,LECLERC,40.42,Groceries,False,False,none
user_7,2025-01-19 00:00:00,MONOPRIX FRANÇOIS,48.62,Groceries,False,False,none
user_7,2025-01-19 00:00:00,LE BISTROT RODRIGUES-SUR-MER,34.65,Restaurants,False,False,none
user_7,2025-01-19 00:00:00,SHEIN CHARLESVILLE,110.97,Shopping,False,False,none
user_7,2025-01-20 00:00:00,FRANPRIX FOUCHER,83.42,Groceries,False,False,none
user_7,2025-01-21 00:00:00,DECATHLON LEDUCDAN,49.99,Leisure,False,False,none
user_7,2025-01-21 00:00:00,OPTIC 2000,28.82,Health,False,False,none
user_7,2025-01-22 00:00:00,BOULANGERIE PAUL 18,41.19,Restaurants,False,False,none
user_7,2025-01-25 00:00:00,CB CARREFOUR,31.16,Groceries,False,False,none
user_7,2025-01-25 00:00:00,MCDONALDS,21.04,Restaurants,False,False,none
user_7,2025-01-25 00:00:00,NETFLIX.COM,16.67,Leisure,False,False,none
user_7,2025-01-26 00:00:00,MONOPRIX CLERCDAN,48.78,Groceries,False,False,none
user_7,2025-01-26 00:00:00,H&M,105.18,Shopping,False,False,none
user_7,2025-01-26 00:00:00,H&M,53.93,Shopping,False,False,none
user_7,2025-01-28 00:00:00,DECATHLON GAILLARD,16.24,Leisure,False,False,none
user_7,2025-02-02 00:00:00,INTERMARCHE DURAND,54.19,Groceries,False,False,none
user_7,2025-02-02 00:00:00,SNCF INTERNET,7.08,Transport,False,False,none
user_7,2025-02-03 00:00:00,LOYER APPARTEMENT,763.83,Housing,True,False,none
user_7,2025-02-03 00:00:00,CASINO SUPERMARCHE,42.09,Groceries,False,False,none
user_7,2025-02-03 00:00:00,SUSHI SHOP 06,40.61,Restaurants,False,False,none
user_7,2025-02-04 00:00:00,UBER EATS,27.7,Restaurants,False,False,none
user_7,2025-02-05 00:00:00,ABONNEMENT SALLE SPORT,29.71,Leisure,True,False,none
user_7,2025-02-05 00:00:00,CARREFOUR,11.35,Groceries,False,False,none
user_7,2025-02-05 00:00:00,CASINO SUPERMARCHE GAUDIN,51.2,Groceries,False,False,none
user_7,2025-02-06 00:00:00,PHARMACIE 13,7.14,Health,False,False,none
user_7,2025-02-07 00:00:00,LABORATOIRE BIO,16.52,Health,False,False,none
user_7,2025-02-08 00:00:00,EDF ELECTRICITE,96.07,Utilities,True,False,none
user_7,2025-02-08 00:00:00,FRANPRIX,25.88,Groceries,False,False,none
user_7,2025-02-08 00:00:00,TOTAL ENERGIES,74.42,Transport,False,False,none
user_7,2025-02-08 00:00:00,SEPHORA HUBERT,25.61,Shopping,False,False,none
user_7,2025-02-09 00:00:00,LECLERC,39.54,Groceries,False,False,none
user_7,2025-02-10 00:00:00,INTERMARCHE DE OLIVEIRA,47.79,Groceries,False,False,none
user_7,2025-02-10 00:00:00,CB LECLERC,66.27,Groceries,False,False,none
user_7,2025-02-10 00:00:00,UBER,58.68,Transport,False,False,none
user_7,2025-02-11 00:00:00,DECATHLON,10.82,Leisure,False,False,none
user_7,2025-02-12 00:00:00,ORANGE MOBILE,37.71,Utilities,True,False,none
user_7,2025-02-13 00:00:00,FRANPRIX,45.72,Groceries,False,False,none
user_7,2025-02-13 00:00:00,DELIVEROO,20.42,Restaurants,False,False,none
user_7,2025-02-14 00:00:00,MCDONALDS 18,9.03,Restaurants,False,False,none
user_7,2025-02-14 00:00:00,DECATHLON COURTOISNEC,27.94,Leisure,False,False,none
user_7,2025-02-15 00:00:00,ASSURANCE MAAF,40.18,Insurance,True,False,none
user_7,2025-02-15 00:00:00,CB SNCF INTERNET,18.67,Transport,False,False,none
user_7,2025-02-18 00:00:00,MCDONALDS 11,24.0,Restaurants,False,False,none
user_7,2025-02-18 00:00:00,DELIVEROO,33.82,Restaurants,False,False,none
user_7,2025-02-18 00:00:00,STEAM GAMES DENISBOEUF,15.64,Leisure,False,False,none
user_7,2025-02-19 00:00:00,CB AUCHAN,51.2,Groceries,False,False,none
user_7,2025-02-19 00:00:00,SUSHI SHOP DELAHAYEDAN,18.42,Restaurants,False,False,none
user_7,2025-02-19 00:00:00,NETFLIX.COM,19.16,Leisure,False,False,none
user_7,2025-02-20 00:00:00,MONOPRIX,40.6,Groceries,False,False,none
user_7,2025-02-20 00:00:00,TOTAL ENERGIES SAINT EMMANUELVILLE,39.93,Transport,False,False,none
user_7,2025-02-20 00:00:00,CB TOTAL ENERGIES,18.81,Transport,False,False,none
user_7,2025-02-21 00:00:00,MONOPRIX,72.4,Groceries,False,False,none
user_7,2025-02-21 00:00:00,CARREFOUR AUBERT,47.49,Groceries,False,False,none
user_7,2025-02-22 00:00:00,CB STARBUCKS,8.2,Restaurants,False,False,none
user_7,2025-02-23 00:00:00,DELIVEROO WEBER-LA-FORÊT,45.19,Restaurants,False,False,none
user_7,2025-02-23 00:00:00,UBER EATS,33.79,Restaurants,False,False,none
user_7,2025-02-23 00:00:00,SPOTIFY,60.27,Leisure,False,False,none
user_7,2025-02-23 00:00:00,APPLE STORE LE GALL,94.72,Shopping,False,False,none
user_7,2025-02-24 00:00:00,AUCHAN,25.0,Groceries,False,False,none
user_7,2025-02-24 00:00:00,BOULANGERIE PAUL 12,31.35,Restaurants,False,False,none
user_7,2025-02-24 00:00:00,UBER EATS 10,18.31,Restaurants,False,False,none
user_7,2025-02-24 00:00:00,RATP NAVIGO,68.25,Transport,False,False,none
user_7,2025-02-25 00:00:00,TOTAL ENERGIES 16,86.39,Transport,False,False,none
user_7,2025-02-26 00:00:00,LECLERC,24.42,Groceries,False,False,none
user_7,2025-02-26 00:00:00,UBER EATS ALBERT,21.88,Restaurants,False,False,none
user_7,2025-02-26 00:00:00,PARKING INDIGO,34.96,Transport,False,False,none
user_7,2025-02-27 00:00:00,CB AMAZON.FR,125.73,Shopping,False,False,none
user_7,2025-02-28 00:00:00,LIDL,74.91,Groceries,False,False,none
user_7,2025-02-28 00:00:00,DELIVEROO,24.78,Restaurants,False,False,none
user_7,2025-03-03 00:00:00,LOYER APPARTEMENT,770.05,Housing,True,False,none
user_7,2025-03-03 00:00:00,FNAC,0.99,Leisure,False,False,none
user_7,2025-03-04 00:00:00,INTERMARCHE PERRET-SUR-GUILLOT,14.52,Groceries,False,False,none
user_7,2025-03-05 00:00:00,ABONNEMENT SALLE SPORT,29.49,Leisure,True,False,none
user_7,2025-03-07 00:00:00,LIDL,53.07,Groceries,False,False,none
user_7,2025-03-07 00:00:00,CULTURA DE SOUSA,45.9,Leisure,False,False,none
user_7,2025-03-07 00:00:00,STEAM GAMES,14.62,Leisure,False,False,none
user_7,2025-03-07 00:00:00,APPLE STORE PAGES,37.7,Shopping,False,False,none
user_7,2025-03-08 00:00:00,EDF ELECTRICITE,64.88,Utilities,True,False,none
user_7,2025-03-08 00:00:00,AUCHAN DAVIDVILLE,36.74,Groceries,False,False,none
user_7,2025-03-08 00:00:00,MCDONALDS PETITJEAN-LES-BAINS,54.94,Restaurants,False,False,none
user_7,2025-03-08 00:00:00,CB UBER EATS,20.15,Restaurants,False,False,none
user_7,2025-03-09 00:00:00,CB AUCHAN,58.37,Groceries,False,False,none
user_7,2025-03-09 00:00:00,STARBUCKS 04,11.3,Restaurants,False,False,none
user_7,2025-03-10 00:00:00,INTERMARCHE,30.59,Groceries,False,False,none
user_7,2025-03-10 00:00:00,UBER,54.7,Transport,False,False,none
user_7,2025-03-10 00:00:00,MUTUELLE LÉGER,44.65,Health,False,False,none
user_7,2025-03-11 00:00:00,CASINO SUPERMARCHE,67.3,Groceries,False,False,none
user_7,2025-03-11 00:00:00,BOULANGERIE PAUL SAINTE ZOÉ-LA-FORÊT,0.99,Restaurants,False,False,none
user_7,2025-03-11 00:00:00,VELIB CHEVALIERNEC,25.13,Transport,False,False,none
user_7,2025-03-12 00:00:00,ORANGE MOBILE,24.48,Utilities,True,False,none
user_7,2025-03-12 00:00:00,CARREFOUR,15.12,Groceries,False,False,none
user_7,2025-03-13 00:00:00,CB UBER EATS,56.31,Restaurants,False,False,none
user_7,2025-03-14 00:00:00,CARREFOUR 08,60.7,Groceries,False,False,none
user_7,2025-03-14 00:00:00,BLABLACAR MARTINS,47.28,Transport,False,False,none
user_7,2025-03-14 00:00:00,ZALANDO,101.32,Shopping,False,False,none
user_7,2025-03-15 00:00:00,ASSURANCE MAAF,39.12,Insurance,True,False,none
user_7,2025-03-15 00:00:00,DELIVEROO,27.3,Restaurants,False,False,none
user_7,2025-03-18 00:00:00,ESSO STATION,49.77,Transport,False,False,none
user_7,2025-03-19 00:00:00,LECLERC 20,52.81,Groceries,False,False,none
user_7,2025-03-19 00:00:00,AMAZON.FR,92.51,Shopping,False,False,none
user_7,2025-03-20 00:00:00,AUCHAN PAUL,21.05,Groceries,False,False,none
user_7,2025-03-20 00:00:00,LIDL,38.5,Groceries,False,False,none
user_7,2025-03-21 00:00:00,CB BLABLACAR,31.09,Transport,False,False,none
user_7,2025-03-24 00:00:00,SUSHI SHOP 11,13.66,Restaurants,False,False,none
user_7,2025-03-25 00:00:00,CARREFOUR,48.41,Groceries,False,False,none
user_7,2025-03-25 00:00:00,APPLE STORE,149.01,Shopping,False,False,none
user_7,2025-03-27 00:00:00,CB MONOPRIX,54.66,Groceries,False,False,none
user_7,2025-03-28 00:00:00,ESSO STATION SAINTE ALAIN,35.53,Transport,False,False,none
user_7,2025-04-02 00:00:00,SUSHI SHOP,26.8,Restaurants,False,False,none
user_7,2025-04-03 00:00:00,LOYER APPARTEMENT,765.21,Housing,True,False,none
user_7,2025-04-03 00:00:00,SEPHORA,34.51,Shopping,False,False,none
user_7,2025-04-05 00:00:00,ABONNEMENT SALLE SPORT,29.78,Leisure,True,False,none
user_7,2025-04-05 00:00:00,CARREFOUR HENRY-SUR-MASSON,24.5,Groceries,False,False,none
user_7,2025-04-05 00:00:00,LECLERC GUILLAUME,79.42,Groceries,False,False,none
user_7,2025-04-05 00:00:00,KFC 06,36.01,Restaurants,False,False,none
user_7,2025-04-06 00:00:00,FRANPRIX CARRE,66.8,Groceries,False,False,none
user_7,2025-04-08 00:00:00,EDF ELECTRICITE,63.7,Utilities,True,False,none
user_7,2025-04-09 00:00:00,CB TOTAL ENERGIES,13.51,Transport,False,False,none
user_7,2025-04-09 00:00:00,ESSO STATION SAINT DIANE,25.96,Transport,False,False,none
user_7,2025-04-10 00:00:00,CARREFOUR TECHER,50.9,Groceries,False,False,none
user_7,2025-04-12 00:00:00,ORANGE MOBILE,24.63,Utilities,True,False,none
user_7,2025-04-13 00:00:00,LECLERC 20,63.2,Groceries,False,False,none
user_7,2025-04-13 00:00:00,LE BISTROT,4.51,Restaurants,False,False,none
user_7,2025-04-13 00:00:00,CB VELIB,1.18,Transport,False,False,none
user_7,2025-04-14 00:00:00,CARREFOUR,15.51,Groceries,False,False,none
user_7,2025-04-14 00:00:00,BLABLACAR,41.85,Transport,False,True,frequency_burst
user_7,2025-04-14 00:00:00,CB UBER,14.96,Transport,False,False,none
user_7,2025-04-14 02:00:00,BLABLACAR,41.85,Transport,False,True,frequency_burst
user_7,2025-04-14 02:00:00,BLABLACAR,41.85,Transport,False,True,frequency_burst
user_7,2025-04-14 04:00:00,BLABLACAR,41.85,Transport,False,True,frequency_burst
user_7,2025-04-14 06:00:00,BLABLACAR,41.85,Transport,False,True,frequency_burst
user_7,2025-04-15 00:00:00,ASSURANCE MAAF,40.42,Insurance,True,False,none
user_7,2025-04-15 00:00:00,CASINO SUPERMARCHE 16,30.15,Groceries,False,False,none
user_7,2025-04-15 00:00:00,SEPHORA ROYER,26.65,Shopping,False,False,none
user_7,2025-04-17 00:00:00,BOULANGERIE PAUL SAINT MARGAUX,46.63,Restaurants,False,False,none
user_7,2025-04-20 00:00:00,UBER EATS MALLETBOEUF,61.29,Restaurants,False,False,none
user_7,2025-04-20 00:00:00,AMAZON.FR VASSEUR,55.65,Shopping,False,False,none
user_7,2025-04-23 00:00:00,UBER EATS,0.99,Restaurants,False,False,none
user_7,2025-04-23 00:00:00,TOTAL ENERGIES PERROT,0.99,Transport,False,False,none
user_7,2025-04-25 00:00:00,CASINO SUPERMARCHE MORIN,26.21,Groceries,False,False,none
user_7,2025-04-26 00:00:00,MCDONALDS 16,56.86,Restaurants,False,False,none
user_7,2025-04-26 00:00:00,BLABLACAR 20,2.09,Transport,False,False,none
user_7,2025-04-27 00:00:00,PHARMACIE NOËL,86.38,Health,False,False,none
user_7,2025-04-28 00:00:00,PARKING INDIGO TRAORE-LA-FORÊT,5.23,Transport,False,False,none
user_7,2025-04-28 00:00:00,UBER,16.26,Transport,False,False,none
user_7,2025-05-01 00:00:00,FRANPRIX,43.14,Groceries,False,False,none
user_7,2025-05-01 00:00:00,UBER EATS,37.24,Restaurants,False,False,none
user_7,2025-05-01 00:00:00,APPLE STORE,34.95,Shopping,False,False,none
user_7,2025-05-02 00:00:00,RATP NAVIGO,2.83,Transport,False,False,none
user_7,2025-05-02 00:00:00,PARKING INDIGO 03,0.99,Transport,False,False,none
user_7,2025-05-02 00:00:00,VELIB 02,100.52,Transport,False,False,none
user_7,2025-05-03 00:00:00,LOYER APPARTEMENT,772.27,Housing,True,False,none
user_7,2025-05-04 00:00:00,UBER 19,14.47,Transport,False,False,none
user_7,2025-05-05 00:00:00,ABONNEMENT SALLE SPORT,29.89,Leisure,True,False,none
user_7,2025-05-07 00:00:00,DELIVEROO,47.6,Restaurants,False,False,none
user_7,2025-05-07 00:00:00,KFC LANGLOIS-SUR-GAILLARD,28.46,Restaurants,False,False,none
user_7,2025-05-08 00:00:00,EDF ELECTRICITE,64.45,Utilities,True,False,none
user_7,2025-05-08 00:00:00,ESSO STATION,34.87,Transport,False,False,none
user_7,2025-05-12 00:00:00,ORANGE MOBILE,24.61,Utilities,True,False,none
user_7,2025-05-14 00:00:00,RATP NAVIGO,33.11,Transport,False,False,none
user_7,2025-05-14 00:00:00,OPTIC 2000 GILBERT,30.84,Health,False,False,none
user_7,2025-05-15 00:00:00,ASSURANCE MAAF,39.18,Insurance,True,False,none
user_7,2025-05-16 00:00:00,RATP NAVIGO,10.43,Transport,False,False,none
user_7,2025-05-17 00:00:00,SUSHI SHOP 15,1.24,Restaurants,False,False,none
user_7,2025-05-17 00:00:00,UBER 09,28.16,Transport,False,False,none
user_7,2025-05-19 00:00:00,MCDONALDS,10.86,Restaurants,False,False,none
user_7,2025-05-21 00:00:00,LECLERC TORRES,60.19,Groceries,False,False,none
user_7,2025-05-24 00:00:00,DELIVEROO,32.13,Restaurants,False,False,none
user_7,2025-05-24 00:00:00,TOTAL ENERGIES COUSINBOEUF,0.99,Transport,False,False,none
user_7,2025-05-26 00:00:00,LECLERC 16,81.25,Groceries,False,False,none
user_7,2025-05-26 00:00:00,FRANPRIX 13,42.43,Groceries,False,False,none
user_7,2025-05-27 00:00:00,ZALANDO 03,100.55,Shopping,False,False,none
user_7,2025-05-28 00:00:00,CARREFOUR MORIN,67.03,Groceries,False,False,none
user_7,2025-05-28 00:00:00,FRANPRIX GILLES-LA-FORÊT,32.42,Groceries,False,False,none
user_7,2025-05-28 00:00:00,KFC,27.97,Restaurants,False,False,none
user_7,2025-05-28 00:00:00,AMAZON PRIME 04,51.71,Leisure,False,False,none
user_7,2025-06-02 00:00:00,MCDONALDS DE OLIVEIRA,37.91,Restaurants,False,False,none
user_7,2025-06-02 00:00:00,IKEA SAINTE DENIS,26.24,Shopping,False,False,none
user_7,2025-06-03 00:00:00,LOYER APPARTEMENT,783.98,Housing,True,False,none
user_7,2025-06-03 00:00:00,STARBUCKS,23.83,Restaurants,False,False,none
user_7,2025-06-03 00:00:00,RATP NAVIGO 15,27.2,Transport,False,False,none
user_7,2025-06-04 00:00:00,FRANPRIX RIVIÈRE,39.31,Groceries,False,False,none
user_7,2025-06-04 00:00:00,CASINO SUPERMARCHE 20,26.67,Groceries,False,False,none
user_7,2025-06-04 00:00:00,LIDL,30.75,Groceries,False,False,none
user_7,2025-06-04 00:00:00,ESSO STATION ALEXANDRE,2.44,Transport,False,False,none
user_7,2025-06-05 00:00:00,ABONNEMENT SALLE SPORT,29.8,Leisure,True,False,none
user_7,2025-06-05 00:00:00,DELIVEROO,33.39,Restaurants,False,False,none
user_7,2025-06-06 00:00:00,LECLERC,29.51,Groceries,False,False,none
user_7,2025-06-06 00:00:00,INTERMARCHE SAINTE COLETTE,35.86,Groceries,False,False,none
user_7,2025-06-06 00:00:00,SNCF INTERNET,57.14,Transport,False,False,none
user_7,2025-06-06 00:00:00,CB ZARA,107.88,Shopping,False,False,none
user_7,2025-06-07 00:00:00,KFC,40.72,Restaurants,False,False,none
user_7,2025-06-08 00:00:00,EDF ELECTRICITE,63.82,Utilities,True,False,none
user_7,2025-06-09 00:00:00,MCDONALDS PICARDBOEUF,1.19,Restaurants,False,False,none
user_7,2025-06-10 00:00:00,CB MONOPRIX,49.51,Groceries,False,False,none
user_7,2025-06-10 00:00:00,CB DELIVEROO,31.81,Restaurants,False,False,none
user_7,2025-06-11 00:00:00,STARBUCKS SAINTE ALFRED,38.29,Restaurants,False,False,none
user_7,2025-06-12 00:00:00,ORANGE MOBILE,24.71,Utilities,True,False,none
user_7,2025-06-12 00:00:00,CASINO SUPERMARCHE SAINTE MARCEL,79.28,Groceries,False,False,none
user_7,2025-06-12 00:00:00,CASINO SUPERMARCHE,47.54,Groceries,False,False,none
user_7,2025-06-12 00:00:00,OPTIC 2000,1199.44,Health,False,True,amount_spike
user_7,2025-06-13 00:00:00,INTERMARCHE 11,17.78,Groceries,False,False,none
user_7,2025-06-14 00:00:00,FRANPRIX,62.67,Groceries,False,False,none
user_7,2025-06-14 00:00:00,UBER RAMOS-LA-FORÊT,11.13,Transport,False,False,none
user_7,2025-06-14 00:00:00,NETFLIX.COM,41.15,Leisure,False,False,none
user_7,2025-06-14 00:00:00,STEAM GAMES LAGARDE,20.93,Leisure,False,False,none
user_7,2025-06-15 00:00:00,ASSURANCE MAAF,39.48,Insurance,True,False,none
user_7,2025-06-15 00:00:00,IKEA GILLET-SUR-DUPUY,158.93,Shopping,False,False,none
user_7,2025-06-16 00:00:00,VELIB TEIXEIRA,50.84,Transport,False,False,none
user_7,2025-06-16 00:00:00,ESSO STATION,17.74,Transport,False,False,none
user_7,2025-06-17 00:00:00,CB CASINO SUPERMARCHE,62.94,Groceries,False,False,none
user_7,2025-06-18 00:00:00,MONOPRIX,62.03,Groceries,False,False,none
user_7,2025-06-18 00:00:00,LIDL,48.74,Groceries,False,False,none
user_7,2025-06-18 00:00:00,APPLE STORE,3.52,Shopping,False,False,none
user_7,2025-06-18 00:00:00,ZARA SAINTE SABINE,74.32,Shopping,False,False,none
user_7,2025-06-19 00:00:00,LIDL HENRY,14.13,Groceries,False,False,none
user_7,2025-06-19 00:00:00,FRANPRIX 11,43.26,Groceries,False,False,none
user_7,2025-06-20 00:00:00,CB LECLERC,27.06,Groceries,False,False,none
user_7,2025-06-21 00:00:00,BLABLACAR 04,48.06,Transport,False,False,none
user_7,2025-06-21 00:00:00,NETFLIX.COM ROUSSEAU,849.79,Leisure,False,True,amount_spike
user_7,2025-06-22 00:00:00,LECLERC,56.75,Groceries,False,False,none
user_7,2025-06-24 00:00:00,MONOPRIX GUICHARD,67.59,Groceries,False,False,none
user_7,2025-06-24 00:00:00,CULTURA,56.75,Leisure,False,False,none
user_7,2025-06-25 00:00:00,PARKING INDIGO SAINT CHARLOTTE,68.34,Transport,False,False,none
user_7,2025-06-26 00:00:00,CULTURA,33.38,Leisure,False,False,none
user_7,2025-06-26 00:00:00,DENTISTE SAINT MONIQUEBOEUF,6.44,Health,False,False,none
user_7,2025-06-28 00:00:00,SNCF INTERNET DA SILVAVILLE,64.2,Transport,False,False,none
